<?xml version = '1.0' encoding = 'UTF-8'?>
<Relation class="oracle.dbtools.crest.model.design.logical.Relation" name="Relation_5" directorySegmentName="seg_0" id="11701B63-008A-6E4A-C125-72B24D006D4D">
<createdBy>邓新宇</createdBy>
<createdTime>2022-11-05 19:56:06 UTC</createdTime>
<ownerDesignName>project</ownerDesignName>
<engineerTo>
<item key="733DFC23-C22E-7BCC-F992-7C48B59AFD76" value="true"/>
</engineerTo>
<sourcePk>0AE204AA-74D4-6621-9FFC-C1FA4633B608</sourcePk>
<identifying>false</identifying>
<optionalSource>false</optionalSource>
<optionalTarget>true</optionalTarget>
<sourceCardinality>1</sourceCardinality>
<sourceEntity>E8F9BB17-41EA-B19B-A8A4-EA639EC6B401</sourceEntity>
<targetCardinalityString>*</targetCardinalityString>
<targetEntity>DAC03AC4-4F3E-A87F-C0B3-B8BA57665D47</targetEntity>
<transferable>true</transferable>
<deleteRule>CASCADE</deleteRule>
</Relation>