<?xml version = '1.0' encoding = 'UTF-8'?>
<Relation class="oracle.dbtools.crest.model.design.logical.Relation" name="Relation_19" directorySegmentName="seg_0" id="17D51B20-D63A-C353-3ED7-C8DE074A66F9">
<createdBy>邓新宇</createdBy>
<createdTime>2022-11-05 23:09:19 UTC</createdTime>
<ownerDesignName>project</ownerDesignName>
<engineerTo>
<item key="F5A21C11-84B9-BCA2-1256-43F85CBBD8A8" value="true"/>
</engineerTo>
<sourcePk>F073BE0D-3E13-A937-648D-F0AF11A5EEE1</sourcePk>
<identifying>false</identifying>
<optionalSource>false</optionalSource>
<optionalTarget>false</optionalTarget>
<sourceCardinality>1</sourceCardinality>
<sourceEntity>B3770B9A-36A9-E892-0FAA-40D79F219C4D</sourceEntity>
<targetCardinalityString>*</targetCardinalityString>
<targetEntity>5E65AC4A-1C05-72D4-610D-B52725EFE3DF</targetEntity>
<transferable>true</transferable>
<deleteRule>CASCADE</deleteRule>
</Relation>