<?xml version = '1.0' encoding = 'UTF-8'?>
<Relation class="oracle.dbtools.crest.model.design.logical.Relation" name="Relation_7" directorySegmentName="seg_0" id="1B009B76-B37E-2CAF-DEFA-6D70CCC049D1">
<createdBy>邓新宇</createdBy>
<createdTime>2022-11-05 19:58:28 UTC</createdTime>
<ownerDesignName>project</ownerDesignName>
<engineerTo>
<item key="733DFC23-C22E-7BCC-F992-7C48B59AFD76" value="true"/>
</engineerTo>
<sourcePk>A57C3286-5E11-9B1C-763C-8BBB7ADE0282</sourcePk>
<identifying>false</identifying>
<optionalSource>false</optionalSource>
<optionalTarget>false</optionalTarget>
<sourceCardinality>1</sourceCardinality>
<sourceEntity>A64608E4-0727-DE4C-1DA0-9EF6F64F7D10</sourceEntity>
<targetCardinalityString>*</targetCardinalityString>
<targetEntity>9E08A152-D07A-D0AB-BE32-E4FEEB595A78</targetEntity>
<transferable>true</transferable>
<deleteRule>CASCADE</deleteRule>
</Relation>