<?xml version = '1.0' encoding = 'UTF-8'?>
<Relation class="oracle.dbtools.crest.model.design.logical.Relation" name="Relation_6" directorySegmentName="seg_0" id="44DA83E5-C0B1-F5E2-D897-7A40ECAEC221">
<createdBy>邓新宇</createdBy>
<createdTime>2022-11-05 19:58:20 UTC</createdTime>
<ownerDesignName>project</ownerDesignName>
<engineerTo>
<item key="F5A21C11-84B9-BCA2-1256-43F85CBBD8A8" value="true"/>
</engineerTo>
<sourcePk>0A783A76-5116-B30A-5DF4-CA2755DD5632</sourcePk>
<identifying>false</identifying>
<optionalSource>false</optionalSource>
<optionalTarget>false</optionalTarget>
<sourceCardinality>1</sourceCardinality>
<sourceEntity>51F773CD-2C0A-0494-7B62-0710BD59A6A8</sourceEntity>
<targetCardinalityString>*</targetCardinalityString>
<targetEntity>9E08A152-D07A-D0AB-BE32-E4FEEB595A78</targetEntity>
<transferable>true</transferable>
<deleteRule>CASCADE</deleteRule>
</Relation>