<?xml version = '1.0' encoding = 'UTF-8'?>
<Relation class="oracle.dbtools.crest.model.design.logical.Relation" name="Relation_25" directorySegmentName="seg_0" id="4B35BCEA-A08E-1E9F-10FB-0A9A88777C6B">
<createdBy>邓新宇</createdBy>
<createdTime>2022-11-06 00:16:34 UTC</createdTime>
<ownerDesignName>project</ownerDesignName>
<engineerTo>
<item key="733DFC23-C22E-7BCC-F992-7C48B59AFD76" value="true"/>
</engineerTo>
<sourcePk>0DB2C284-A24A-539E-FA6A-CB0C969B9333</sourcePk>
<identifying>false</identifying>
<optionalSource>false</optionalSource>
<optionalTarget>false</optionalTarget>
<sourceCardinality>1</sourceCardinality>
<sourceEntity>CD04FCAD-FCE1-51D8-E273-9FEF32AC3AEC</sourceEntity>
<targetCardinalityString>*</targetCardinalityString>
<targetEntity>6FAE0FFE-7ADD-1603-FB69-8D5FBCD84FEB</targetEntity>
<transferable>true</transferable>
<deleteRule>CASCADE</deleteRule>
</Relation>