<?xml version = '1.0' encoding = 'UTF-8'?>
<Relation class="oracle.dbtools.crest.model.design.logical.Relation" name="Relation_14" directorySegmentName="seg_0" id="5315C99E-7FFC-7809-5371-A18895D5BBCE">
<createdBy>邓新宇</createdBy>
<createdTime>2022-11-05 22:19:11 UTC</createdTime>
<ownerDesignName>project</ownerDesignName>
<engineerTo>
<item key="733DFC23-C22E-7BCC-F992-7C48B59AFD76" value="true"/>
</engineerTo>
<sourcePk>0A783A76-5116-B30A-5DF4-CA2755DD5632</sourcePk>
<identifying>false</identifying>
<optionalSource>false</optionalSource>
<optionalTarget>true</optionalTarget>
<sourceCardinality>1</sourceCardinality>
<sourceEntity>51F773CD-2C0A-0494-7B62-0710BD59A6A8</sourceEntity>
<targetCardinalityString>*</targetCardinalityString>
<targetEntity>CA02424C-79FB-B2D1-1BDA-461DAEACE663</targetEntity>
<transferable>true</transferable>
<deleteRule>CASCADE</deleteRule>
</Relation>