<?xml version = '1.0' encoding = 'UTF-8'?>
<Relation class="oracle.dbtools.crest.model.design.logical.Relation" name="Relation_26" directorySegmentName="seg_0" id="560A4C6F-C464-58BA-F5D2-D14E4D871660">
<createdBy>邓新宇</createdBy>
<createdTime>2022-11-06 01:11:33 UTC</createdTime>
<ownerDesignName>project</ownerDesignName>
<engineerTo>
<item key="733DFC23-C22E-7BCC-F992-7C48B59AFD76" value="true"/>
</engineerTo>
<sourcePk>EF55BB7A-4CC5-0F10-EDA6-AFD47AC69F4B</sourcePk>
<identifying>false</identifying>
<optionalSource>false</optionalSource>
<optionalTarget>false</optionalTarget>
<sourceCardinality>1</sourceCardinality>
<sourceEntity>EDA9C101-499F-0E53-2016-E3E34AD0A184</sourceEntity>
<targetCardinalityString>*</targetCardinalityString>
<targetEntity>F17C4BF4-8AD4-C0E6-62B7-BF07F48AA513</targetEntity>
<transferable>true</transferable>
<deleteRule>CASCADE</deleteRule>
</Relation>