<?xml version = '1.0' encoding = 'UTF-8'?>
<Relation class="oracle.dbtools.crest.model.design.logical.Relation" name="Relation_9" directorySegmentName="seg_0" id="5FC4583A-A1F8-3D8C-7C48-D7CAAB7152F5">
<createdBy>邓新宇</createdBy>
<createdTime>2022-11-05 20:19:32 UTC</createdTime>
<ownerDesignName>project</ownerDesignName>
<engineerTo>
<item key="733DFC23-C22E-7BCC-F992-7C48B59AFD76" value="true"/>
</engineerTo>
<sourcePk>EF55BB7A-4CC5-0F10-EDA6-AFD47AC69F4B</sourcePk>
<identifying>false</identifying>
<optionalSource>false</optionalSource>
<optionalTarget>false</optionalTarget>
<sourceCardinality>1</sourceCardinality>
<sourceEntity>EDA9C101-499F-0E53-2016-E3E34AD0A184</sourceEntity>
<targetCardinalityString>*</targetCardinalityString>
<targetEntity>3423866D-0FE0-DEF4-E1A5-99149F9175C7</targetEntity>
<transferable>true</transferable>
<deleteRule>CASCADE</deleteRule>
</Relation>