<?xml version = '1.0' encoding = 'UTF-8'?>
<Relation class="oracle.dbtools.crest.model.design.logical.Relation" name="Relation_28" directorySegmentName="seg_0" id="5FDCAF58-6798-5B3C-12B0-64AB86A8AD09">
<createdBy>邓新宇</createdBy>
<createdTime>2022-11-06 20:24:54 UTC</createdTime>
<ownerDesignName>project</ownerDesignName>
<engineerTo>
<item key="733DFC23-C22E-7BCC-F992-7C48B59AFD76" value="true"/>
</engineerTo>
<sourcePk>BF2666D3-7D7B-11DF-5636-1D385AE78B39</sourcePk>
<identifying>false</identifying>
<optionalSource>false</optionalSource>
<optionalTarget>false</optionalTarget>
<sourceCardinality>1</sourceCardinality>
<sourceEntity>F17C4BF4-8AD4-C0E6-62B7-BF07F48AA513</sourceEntity>
<targetCardinalityString>*</targetCardinalityString>
<targetEntity>CA02424C-79FB-B2D1-1BDA-461DAEACE663</targetEntity>
<transferable>true</transferable>
<deleteRule>NO ACTION</deleteRule>
</Relation>