<?xml version = '1.0' encoding = 'UTF-8'?>
<Relation class="oracle.dbtools.crest.model.design.logical.Relation" name="Relation_4" directorySegmentName="seg_0" id="71E8F7A8-33B4-1342-8A29-80426836AD27">
<createdBy>邓新宇</createdBy>
<createdTime>2022-11-05 19:55:59 UTC</createdTime>
<ownerDesignName>project</ownerDesignName>
<engineerTo>
<item key="733DFC23-C22E-7BCC-F992-7C48B59AFD76" value="true"/>
</engineerTo>
<sourcePk>A57C3286-5E11-9B1C-763C-8BBB7ADE0282</sourcePk>
<identifying>false</identifying>
<optionalSource>false</optionalSource>
<optionalTarget>false</optionalTarget>
<sourceCardinality>1</sourceCardinality>
<sourceEntity>8DC2F50F-6C06-9D4B-D688-DF768F7ED51B</sourceEntity>
<targetCardinalityString>*</targetCardinalityString>
<targetEntity>DAC03AC4-4F3E-A87F-C0B3-B8BA57665D47</targetEntity>
<transferable>true</transferable>
<deleteRule>CASCADE</deleteRule>
</Relation>