<?xml version = '1.0' encoding = 'UTF-8'?>
<Relation class="oracle.dbtools.crest.model.design.logical.Relation" name="Relation_1" directorySegmentName="seg_0" id="B1B3EBB8-FDD8-D53A-36C0-880BEFF6DDA5">
<createdBy>邓新宇</createdBy>
<createdTime>2022-11-05 19:49:53 UTC</createdTime>
<ownerDesignName>project</ownerDesignName>
<engineerTo>
<item key="733DFC23-C22E-7BCC-F992-7C48B59AFD76" value="true"/>
</engineerTo>
<sourcePk>A57C3286-5E11-9B1C-763C-8BBB7ADE0282</sourcePk>
<identifying>false</identifying>
<optionalSource>false</optionalSource>
<optionalTarget>false</optionalTarget>
<sourceCardinality>1</sourceCardinality>
<sourceEntity>8DC2F50F-6C06-9D4B-D688-DF768F7ED51B</sourceEntity>
<targetCardinalityString>*</targetCardinalityString>
<targetEntity>E416857D-F6C0-8200-CEDB-F84084BFB05D</targetEntity>
<transferable>true</transferable>
<deleteRule>CASCADE</deleteRule>
</Relation>