<?xml version = '1.0' encoding = 'UTF-8'?>
<Relation class="oracle.dbtools.crest.model.design.logical.Relation" name="Relation_24" directorySegmentName="seg_0" id="B40A13E8-C1D1-78F9-5C24-534690513521">
<createdBy>邓新宇</createdBy>
<createdTime>2022-11-06 20:24:35 UTC</createdTime>
<ownerDesignName>project</ownerDesignName>
<engineerTo>
<item key="809FA2C8-EE5C-6BFE-9421-4157A393F4E9" value="true"/>
</engineerTo>
<sourcePk>D2BA0298-0A46-3B12-545D-93A2DC3887CD</sourcePk>
<targetPk>0DB2C284-A24A-539E-FA6A-CB0C969B9333</targetPk>
<identifying>false</identifying>
<optionalSource>false</optionalSource>
<optionalTarget>false</optionalTarget>
<sourceCardinality>1</sourceCardinality>
<sourceEntity>CA02424C-79FB-B2D1-1BDA-461DAEACE663</sourceEntity>
<targetCardinalityString>1</targetCardinalityString>
<targetEntity>CD04FCAD-FCE1-51D8-E273-9FEF32AC3AEC</targetEntity>
<transferable>true</transferable>
<deleteRule>NO ACTION</deleteRule>
</Relation>