<?xml version = '1.0' encoding = 'UTF-8'?>
<Relation class="oracle.dbtools.crest.model.design.logical.Relation" name="Relation_8" directorySegmentName="seg_0" id="D6D15164-0B93-B81A-CFA7-553078B5673C">
<createdBy>邓新宇</createdBy>
<createdTime>2022-11-05 20:19:24 UTC</createdTime>
<ownerDesignName>project</ownerDesignName>
<engineerTo>
<item key="733DFC23-C22E-7BCC-F992-7C48B59AFD76" value="true"/>
</engineerTo>
<sourcePk>0AE204AA-74D4-6621-9FFC-C1FA4633B608</sourcePk>
<identifying>false</identifying>
<optionalSource>false</optionalSource>
<optionalTarget>false</optionalTarget>
<sourceCardinality>1</sourceCardinality>
<sourceEntity>E8F9BB17-41EA-B19B-A8A4-EA639EC6B401</sourceEntity>
<targetCardinalityString>*</targetCardinalityString>
<targetEntity>3423866D-0FE0-DEF4-E1A5-99149F9175C7</targetEntity>
<transferable>true</transferable>
<deleteRule>CASCADE</deleteRule>
</Relation>