<?xml version = '1.0' encoding = 'UTF-8'?>
<Relation class="oracle.dbtools.crest.model.design.logical.Relation" name="Relation_2" directorySegmentName="seg_0" id="D9576C6F-64A6-5543-ECE7-44B78E824C1F">
<createdBy>邓新宇</createdBy>
<createdTime>2022-11-05 19:50:07 UTC</createdTime>
<ownerDesignName>project</ownerDesignName>
<engineerTo>
<item key="733DFC23-C22E-7BCC-F992-7C48B59AFD76" value="true"/>
</engineerTo>
<sourcePk>CAF6A69C-4DDA-C7A0-72B0-48FB47BFD1CF</sourcePk>
<identifying>false</identifying>
<optionalSource>false</optionalSource>
<optionalTarget>false</optionalTarget>
<sourceCardinality>1</sourceCardinality>
<sourceEntity>124F6B5E-38BE-2013-540D-1B9A2C0F92F4</sourceEntity>
<targetCardinalityString>*</targetCardinalityString>
<targetEntity>E416857D-F6C0-8200-CEDB-F84084BFB05D</targetEntity>
<transferable>true</transferable>
<deleteRule>CASCADE</deleteRule>
</Relation>