<?xml version = '1.0' encoding = 'UTF-8'?>
<FKIndexAssociation class="oracle.dbtools.crest.model.design.relational.FKIndexAssociation" directorySegmentName="seg_0" id="09A11A96-3F9E-1714-BCBD-849B41192FDC" containerWithKeyObject="885E2996-3542-DC3A-6C7B-9DDDE2F4E079" localFKIndex="1960F60C-5692-9309-A236-3FDFD8EFF9E2" name="AUTHOR_BOOK_AUTHOR_FK">
<createdBy>邓新宇</createdBy>
<createdTime>2022-11-06 20:32:30 UTC</createdTime>
<generatorID>D6D15164-0B93-B81A-CFA7-553078B5673C</generatorID>
<ownerDesignName>project</ownerDesignName>
<referredTableLongName>AUTHOR</referredTableLongName>
<deleteRule>CASCADE</deleteRule>
<referredTableID>887DB3A1-D014-38DC-6141-937D22A53D84</referredTableID>
<keyObject>641E4117-E31C-70DE-11EC-25C5016A0230</keyObject>
<referredKeyID>641E4117-E31C-70DE-11EC-25C5016A0230</referredKeyID>
<mandatory>true</mandatory>
<refColNames>AUR_ID</refColNames>
<transferable>true</transferable>
<rely>false</rely>
<columnDependencyConstraintGenerateInDDL>true</columnDependencyConstraintGenerateInDDL>
</FKIndexAssociation>