<?xml version = '1.0' encoding = 'UTF-8'?>
<FKIndexAssociation class="oracle.dbtools.crest.model.design.relational.FKIndexAssociation" directorySegmentName="seg_0" id="19F9554F-9CFA-A3C2-6BEC-C6B80C539F56" containerWithKeyObject="2CFF772C-61BD-75EE-2B43-2931CBF20A81" localFKIndex="D2F40B86-8D0D-D6BF-7ABD-5E83CE6B92FC" name="CUS_EXHI_CUSTOMER_FK">
<createdBy>邓新宇</createdBy>
<createdTime>2022-11-06 20:32:30 UTC</createdTime>
<generatorID>44DA83E5-C0B1-F5E2-D897-7A40ECAEC221</generatorID>
<ownerDesignName>project</ownerDesignName>
<referredTableLongName>CUSTOMER</referredTableLongName>
<deleteRule>CASCADE</deleteRule>
<referredTableID>A1442D0B-8660-2706-1AF0-BA8AEC120A59</referredTableID>
<keyObject>396E7EA7-9F50-B878-6B87-7B7091FAF387</keyObject>
<referredKeyID>396E7EA7-9F50-B878-6B87-7B7091FAF387</referredKeyID>
<mandatory>false</mandatory>
<refColNames>CUS_ID</refColNames>
<transferable>true</transferable>
<rely>false</rely>
<columnDependencyConstraintGenerateInDDL>true</columnDependencyConstraintGenerateInDDL>
</FKIndexAssociation>