<?xml version = '1.0' encoding = 'UTF-8'?>
<FKIndexAssociation class="oracle.dbtools.crest.model.design.relational.FKIndexAssociation" directorySegmentName="seg_0" id="2734D586-BDD0-6924-BCCD-5650364F2B48" containerWithKeyObject="F528DE24-5132-A3B1-119B-BCDFED38814F" localFKIndex="36A44C03-BA5E-0AD8-7A2D-A35134962D60" name="SEMI_AUTHOR_SEMI_FK">
<createdBy>邓新宇</createdBy>
<createdTime>2022-11-06 20:32:30 UTC</createdTime>
<generatorID>71E8F7A8-33B4-1342-8A29-80426836AD27</generatorID>
<ownerDesignName>project</ownerDesignName>
<referredTableLongName>SEMI</referredTableLongName>
<deleteRule>CASCADE</deleteRule>
<referredTableID>F425FBE4-6C78-58EA-FCBC-09318EC71FC6</referredTableID>
<keyObject>160A0FEB-F053-A867-BBF7-193E58D15228</keyObject>
<referredKeyID>160A0FEB-F053-A867-BBF7-193E58D15228</referredKeyID>
<mandatory>true</mandatory>
<refColNames>EVENT_ID</refColNames>
<transferable>true</transferable>
<rely>false</rely>
<columnDependencyConstraintGenerateInDDL>true</columnDependencyConstraintGenerateInDDL>
</FKIndexAssociation>