<?xml version = '1.0' encoding = 'UTF-8'?>
<FKIndexAssociation class="oracle.dbtools.crest.model.design.relational.FKIndexAssociation" directorySegmentName="seg_0" id="34346FF6-402A-6C96-20F2-A6553EFCA63B" containerWithKeyObject="D17BCFD3-D572-DD49-642C-80EAF89300B4" localFKIndex="31F58F9D-A601-3063-7D64-F435E7643264" name="CUS_ROOM_CUSTOMER_FK">
<createdBy>邓新宇</createdBy>
<createdTime>2022-11-06 20:32:30 UTC</createdTime>
<generatorID>DCEA175A-B3BD-BD12-AD2D-22C303F9365B</generatorID>
<ownerDesignName>project</ownerDesignName>
<referredTableLongName>CUSTOMER</referredTableLongName>
<deleteRule>CASCADE</deleteRule>
<referredTableID>A1442D0B-8660-2706-1AF0-BA8AEC120A59</referredTableID>
<keyObject>396E7EA7-9F50-B878-6B87-7B7091FAF387</keyObject>
<referredKeyID>396E7EA7-9F50-B878-6B87-7B7091FAF387</referredKeyID>
<mandatory>false</mandatory>
<refColNames>CUS_ID</refColNames>
<transferable>true</transferable>
<rely>false</rely>
<columnDependencyConstraintGenerateInDDL>true</columnDependencyConstraintGenerateInDDL>
</FKIndexAssociation>