<?xml version = '1.0' encoding = 'UTF-8'?>
<FKIndexAssociation class="oracle.dbtools.crest.model.design.relational.FKIndexAssociation" directorySegmentName="seg_0" id="592E6700-6C5D-6FFF-BAF4-4904E1FE7818" containerWithKeyObject="2A0DDAF8-DF57-BAF3-2B07-0F26AC1F26D3" localFKIndex="EB527315-5BA0-CBB6-6FBC-2C97885AA6EE" name="SEMI_SPON_SEMI_FK">
<createdBy>邓新宇</createdBy>
<createdTime>2022-11-06 20:32:30 UTC</createdTime>
<generatorID>B1B3EBB8-FDD8-D53A-36C0-880BEFF6DDA5</generatorID>
<ownerDesignName>project</ownerDesignName>
<referredTableLongName>SEMI</referredTableLongName>
<deleteRule>CASCADE</deleteRule>
<referredTableID>F425FBE4-6C78-58EA-FCBC-09318EC71FC6</referredTableID>
<keyObject>160A0FEB-F053-A867-BBF7-193E58D15228</keyObject>
<referredKeyID>160A0FEB-F053-A867-BBF7-193E58D15228</referredKeyID>
<mandatory>true</mandatory>
<refColNames>EVENT_ID</refColNames>
<transferable>true</transferable>
<rely>false</rely>
<columnDependencyConstraintGenerateInDDL>true</columnDependencyConstraintGenerateInDDL>
</FKIndexAssociation>