<?xml version = '1.0' encoding = 'UTF-8'?>
<FKIndexAssociation class="oracle.dbtools.crest.model.design.relational.FKIndexAssociation" directorySegmentName="seg_0" id="687F5A42-B345-1F08-2C49-3A0AB44A9DBF" containerWithKeyObject="F528DE24-5132-A3B1-119B-BCDFED38814F" localFKIndex="7F6DE4DB-4E83-093B-6E20-6B50FC8DFC72" name="SEMI_AUTHOR_AUTHOR_FK">
<createdBy>邓新宇</createdBy>
<createdTime>2022-11-06 20:32:30 UTC</createdTime>
<generatorID>11701B63-008A-6E4A-C125-72B24D006D4D</generatorID>
<ownerDesignName>project</ownerDesignName>
<referredTableLongName>AUTHOR</referredTableLongName>
<deleteRule>CASCADE</deleteRule>
<referredTableID>887DB3A1-D014-38DC-6141-937D22A53D84</referredTableID>
<keyObject>641E4117-E31C-70DE-11EC-25C5016A0230</keyObject>
<referredKeyID>641E4117-E31C-70DE-11EC-25C5016A0230</referredKeyID>
<mandatory>false</mandatory>
<refColNames>AUR_ID</refColNames>
<transferable>true</transferable>
<rely>false</rely>
<columnDependencyConstraintGenerateInDDL>true</columnDependencyConstraintGenerateInDDL>
</FKIndexAssociation>