<?xml version = '1.0' encoding = 'UTF-8'?>
<FKIndexAssociation class="oracle.dbtools.crest.model.design.relational.FKIndexAssociation" directorySegmentName="seg_0" id="79A34613-6788-FDBF-A7A1-7E6050AF1001" containerWithKeyObject="F61AA46B-A529-0762-7871-0904006F7A8D" localFKIndex="D3D1BF24-F10F-470E-F5DB-10B892BC8C5C" name="COPY_BOOK_FK">
<createdBy>邓新宇</createdBy>
<createdTime>2022-11-06 20:32:30 UTC</createdTime>
<generatorID>560A4C6F-C464-58BA-F5D2-D14E4D871660</generatorID>
<ownerDesignName>project</ownerDesignName>
<referredTableLongName>BOOK</referredTableLongName>
<deleteRule>CASCADE</deleteRule>
<referredTableID>271C188F-6A95-6EC9-C536-C96C77450C32</referredTableID>
<keyObject>0E0DE6CB-CFA2-C70A-BC2C-CFDB464B2D8E</keyObject>
<referredKeyID>0E0DE6CB-CFA2-C70A-BC2C-CFDB464B2D8E</referredKeyID>
<mandatory>true</mandatory>
<refColNames>BOOK_ID</refColNames>
<transferable>true</transferable>
<rely>false</rely>
<columnDependencyConstraintGenerateInDDL>true</columnDependencyConstraintGenerateInDDL>
</FKIndexAssociation>