<?xml version = '1.0' encoding = 'UTF-8'?>
<FKIndexAssociation class="oracle.dbtools.crest.model.design.relational.FKIndexAssociation" directorySegmentName="seg_0" id="846E7B2C-673F-2E36-6A95-A084EF1511C2" containerWithKeyObject="9F272C3B-7740-208C-D48E-79713D92A445" localFKIndex="371C3A22-C437-E251-AE2D-45E2E9FE2F12" name="EXHI_EVENT_FK">
<createdBy>邓新宇</createdBy>
<createdTime>2022-11-06 20:32:30 UTC</createdTime>
<generatorID>85350AE1-B72D-0249-28B2-45ACFDD0D028</generatorID>
<ownerDesignName>project</ownerDesignName>
<referredTableLongName>EVENT</referredTableLongName>
<arc>649C4C7D-CC3B-98E1-99CD-8040DCB2C9A2</arc>
<deleteRule>NO ACTION</deleteRule>
<referredTableID>509A791F-2794-B4D6-2D84-F22DD172A116</referredTableID>
<keyObject>7B973568-FFCB-3EEF-8406-66E87032E965</keyObject>
<referredKeyID>7B973568-FFCB-3EEF-8406-66E87032E965</referredKeyID>
<mandatory>true</mandatory>
<refColNames>EVENT_ID</refColNames>
<transferable>true</transferable>
<rely>false</rely>
<discriminatorValue>E</discriminatorValue>
<columnDependencyConstraintGenerateInDDL>true</columnDependencyConstraintGenerateInDDL>
</FKIndexAssociation>