<?xml version = '1.0' encoding = 'UTF-8'?>
<FKIndexAssociation class="oracle.dbtools.crest.model.design.relational.FKIndexAssociation" directorySegmentName="seg_0" id="89E9DFE8-E41C-B741-E88F-865235ABE331" containerWithKeyObject="4D676EDC-B1D6-C7A1-DD21-65960F66A4C8" localFKIndex="FAFBAFCC-988E-E0F1-594E-68476F91805B" name="INDI_SPONSOR_FK">
<createdBy>邓新宇</createdBy>
<createdTime>2022-11-06 20:32:30 UTC</createdTime>
<generatorID>EC0FB79D-CF37-61BF-AC7A-7BCFAE16B6B4</generatorID>
<ownerDesignName>project</ownerDesignName>
<referredTableLongName>SPONSOR</referredTableLongName>
<arc>2C5C712C-28FA-C107-08FA-9B98FE8279CE</arc>
<deleteRule>NO ACTION</deleteRule>
<referredTableID>6A3500E2-1EAE-A256-186B-051FB5367808</referredTableID>
<keyObject>C19B6F5A-DB65-930A-D2A4-D41B31B40A91</keyObject>
<referredKeyID>C19B6F5A-DB65-930A-D2A4-D41B31B40A91</referredKeyID>
<mandatory>true</mandatory>
<refColNames>SPON_ID</refColNames>
<transferable>true</transferable>
<rely>false</rely>
<discriminatorValue>I</discriminatorValue>
<columnDependencyConstraintGenerateInDDL>true</columnDependencyConstraintGenerateInDDL>
</FKIndexAssociation>