<?xml version = '1.0' encoding = 'UTF-8'?>
<FKIndexAssociation class="oracle.dbtools.crest.model.design.relational.FKIndexAssociation" directorySegmentName="seg_0" id="AB970F49-8D25-FAE5-C3D0-CA7EF7223C1A" containerWithKeyObject="2CFF772C-61BD-75EE-2B43-2931CBF20A81" localFKIndex="5EEC372E-70D9-F511-71DA-5189D8DA0216" name="CUS_EXHI_EXHI_FK">
<createdBy>邓新宇</createdBy>
<createdTime>2022-11-06 20:32:30 UTC</createdTime>
<generatorID>1B009B76-B37E-2CAF-DEFA-6D70CCC049D1</generatorID>
<ownerDesignName>project</ownerDesignName>
<referredTableLongName>EXHI</referredTableLongName>
<deleteRule>CASCADE</deleteRule>
<referredTableID>9F272C3B-7740-208C-D48E-79713D92A445</referredTableID>
<keyObject>5A6100EC-318E-C3C1-58C8-6090D2EBA9E5</keyObject>
<referredKeyID>5A6100EC-318E-C3C1-58C8-6090D2EBA9E5</referredKeyID>
<mandatory>true</mandatory>
<refColNames>EVENT_ID</refColNames>
<transferable>true</transferable>
<rely>false</rely>
<columnDependencyConstraintGenerateInDDL>true</columnDependencyConstraintGenerateInDDL>
</FKIndexAssociation>