<?xml version = '1.0' encoding = 'UTF-8'?>
<FKIndexAssociation class="oracle.dbtools.crest.model.design.relational.FKIndexAssociation" directorySegmentName="seg_0" id="C23D90F4-F88C-5437-5011-BA17E91CC362" containerWithKeyObject="D17BCFD3-D572-DD49-642C-80EAF89300B4" localFKIndex="7E78DAB2-BBC6-0D2D-BCC6-D41C36B87E12" name="CUS_ROOM_ROOM_FK">
<createdBy>邓新宇</createdBy>
<createdTime>2022-11-06 20:32:30 UTC</createdTime>
<generatorID>17D51B20-D63A-C353-3ED7-C8DE074A66F9</generatorID>
<ownerDesignName>project</ownerDesignName>
<referredTableLongName>ROOM</referredTableLongName>
<deleteRule>CASCADE</deleteRule>
<referredTableID>9078A195-6ACC-EE50-3748-9CFE51EF5760</referredTableID>
<keyObject>2D7BB879-FC74-4347-30AD-A6ED10F99A69</keyObject>
<referredKeyID>2D7BB879-FC74-4347-30AD-A6ED10F99A69</referredKeyID>
<mandatory>false</mandatory>
<refColNames>ROOM_ID</refColNames>
<transferable>true</transferable>
<rely>false</rely>
<columnDependencyConstraintGenerateInDDL>true</columnDependencyConstraintGenerateInDDL>
</FKIndexAssociation>