<?xml version = '1.0' encoding = 'UTF-8'?>
<FKIndexAssociation class="oracle.dbtools.crest.model.design.relational.FKIndexAssociation" directorySegmentName="seg_0" id="CE957B23-BABB-5630-9C99-63CE566C529B" containerWithKeyObject="885E2996-3542-DC3A-6C7B-9DDDE2F4E079" localFKIndex="3171DB59-1F1B-A953-4450-2C5F171170A1" name="AUTHOR_BOOK_BOOK_FK">
<createdBy>邓新宇</createdBy>
<createdTime>2022-11-06 20:32:30 UTC</createdTime>
<generatorID>5FC4583A-A1F8-3D8C-7C48-D7CAAB7152F5</generatorID>
<ownerDesignName>project</ownerDesignName>
<referredTableLongName>BOOK</referredTableLongName>
<deleteRule>CASCADE</deleteRule>
<referredTableID>271C188F-6A95-6EC9-C536-C96C77450C32</referredTableID>
<keyObject>0E0DE6CB-CFA2-C70A-BC2C-CFDB464B2D8E</keyObject>
<referredKeyID>0E0DE6CB-CFA2-C70A-BC2C-CFDB464B2D8E</referredKeyID>
<mandatory>true</mandatory>
<refColNames>BOOK_ID</refColNames>
<transferable>true</transferable>
<rely>false</rely>
<columnDependencyConstraintGenerateInDDL>true</columnDependencyConstraintGenerateInDDL>
</FKIndexAssociation>