<?xml version = '1.0' encoding = 'UTF-8'?>
<FKIndexAssociation class="oracle.dbtools.crest.model.design.relational.FKIndexAssociation" directorySegmentName="seg_0" id="D350AF63-4246-B200-34EB-A470531E0123" containerWithKeyObject="F425FBE4-6C78-58EA-FCBC-09318EC71FC6" localFKIndex="2C43450D-0A2E-A562-170A-14B0232E5810" name="SEMI_EVENT_FK">
<createdBy>邓新宇</createdBy>
<createdTime>2022-11-06 20:32:30 UTC</createdTime>
<generatorID>89F31AD6-4B5E-9EBC-A1F6-6CC2949F1105</generatorID>
<ownerDesignName>project</ownerDesignName>
<referredTableLongName>EVENT</referredTableLongName>
<arc>649C4C7D-CC3B-98E1-99CD-8040DCB2C9A2</arc>
<deleteRule>NO ACTION</deleteRule>
<referredTableID>509A791F-2794-B4D6-2D84-F22DD172A116</referredTableID>
<keyObject>7B973568-FFCB-3EEF-8406-66E87032E965</keyObject>
<referredKeyID>7B973568-FFCB-3EEF-8406-66E87032E965</referredKeyID>
<mandatory>true</mandatory>
<refColNames>EVENT_ID</refColNames>
<transferable>true</transferable>
<rely>false</rely>
<discriminatorValue>S</discriminatorValue>
<columnDependencyConstraintGenerateInDDL>true</columnDependencyConstraintGenerateInDDL>
</FKIndexAssociation>