<?xml version = '1.0' encoding = 'UTF-8'?>
<FKIndexAssociation class="oracle.dbtools.crest.model.design.relational.FKIndexAssociation" directorySegmentName="seg_0" id="D6064D39-200F-31DA-7705-2E625A2113F0" containerWithKeyObject="2A0DDAF8-DF57-BAF3-2B07-0F26AC1F26D3" localFKIndex="2CED5861-5DD2-6468-67E2-823032ACBF66" name="SEMI_SPON_SPONSOR_FK">
<createdBy>邓新宇</createdBy>
<createdTime>2022-11-06 20:32:30 UTC</createdTime>
<generatorID>D9576C6F-64A6-5543-ECE7-44B78E824C1F</generatorID>
<ownerDesignName>project</ownerDesignName>
<referredTableLongName>SPONSOR</referredTableLongName>
<deleteRule>CASCADE</deleteRule>
<referredTableID>6A3500E2-1EAE-A256-186B-051FB5367808</referredTableID>
<keyObject>C19B6F5A-DB65-930A-D2A4-D41B31B40A91</keyObject>
<referredKeyID>C19B6F5A-DB65-930A-D2A4-D41B31B40A91</referredKeyID>
<mandatory>true</mandatory>
<refColNames>SPON_ID</refColNames>
<transferable>true</transferable>
<rely>false</rely>
<columnDependencyConstraintGenerateInDDL>true</columnDependencyConstraintGenerateInDDL>
</FKIndexAssociation>