<?xml version = '1.0' encoding = 'UTF-8'?>
<FKIndexAssociation class="oracle.dbtools.crest.model.design.relational.FKIndexAssociation" directorySegmentName="seg_0" id="DAD9F31F-5E7E-D8C3-B530-D7637E82A4D1" containerWithKeyObject="DFFC706D-A107-E73D-8523-C4006B92E41F" localFKIndex="DA37D12C-3FBB-2F25-5DB6-ABCCE11A4BFA" name="CUS_RENTAL_CUSTOMER_FK">
<createdBy>邓新宇</createdBy>
<createdTime>2022-11-06 20:32:30 UTC</createdTime>
<generatorID>5315C99E-7FFC-7809-5371-A18895D5BBCE</generatorID>
<ownerDesignName>project</ownerDesignName>
<referredTableLongName>CUSTOMER</referredTableLongName>
<deleteRule>CASCADE</deleteRule>
<referredTableID>A1442D0B-8660-2706-1AF0-BA8AEC120A59</referredTableID>
<keyObject>396E7EA7-9F50-B878-6B87-7B7091FAF387</keyObject>
<referredKeyID>396E7EA7-9F50-B878-6B87-7B7091FAF387</referredKeyID>
<mandatory>false</mandatory>
<refColNames>CUS_ID</refColNames>
<transferable>true</transferable>
<rely>false</rely>
<columnDependencyConstraintGenerateInDDL>true</columnDependencyConstraintGenerateInDDL>
</FKIndexAssociation>