<?xml version = '1.0' encoding = 'UTF-8'?>
<FKIndexAssociation class="oracle.dbtools.crest.model.design.relational.FKIndexAssociation" directorySegmentName="seg_0" id="E9557CE8-2493-94A2-42C7-11EE16194FA2" containerWithKeyObject="DFFC706D-A107-E73D-8523-C4006B92E41F" localFKIndex="78A70C1D-E555-F8D3-E2CF-74A9E20F3F61" name="CUS_RENTAL_INVOICE_FK">
<createdBy>邓新宇</createdBy>
<createdTime>2022-11-06 20:32:30 UTC</createdTime>
<generatorID>B40A13E8-C1D1-78F9-5C24-534690513521</generatorID>
<ownerDesignName>project</ownerDesignName>
<referredTableLongName>INVOICE</referredTableLongName>
<deleteRule>NO ACTION</deleteRule>
<referredTableID>CFA4A17E-ECAB-C62B-7A6F-EBDD1CB8FF0C</referredTableID>
<keyObject>4403056F-493F-D21C-885E-41DA27A8EB57</keyObject>
<referredKeyID>4403056F-493F-D21C-885E-41DA27A8EB57</referredKeyID>
<mandatory>true</mandatory>
<refColNames>INVOICE_ID</refColNames>
<transferable>true</transferable>
<rely>false</rely>
<columnDependencyConstraintGenerateInDDL>true</columnDependencyConstraintGenerateInDDL>
</FKIndexAssociation>