<?xml version = '1.0' encoding = 'UTF-8'?>
<FKIndexAssociation class="oracle.dbtools.crest.model.design.relational.FKIndexAssociation" directorySegmentName="seg_0" id="EB6BBDF5-F239-5729-F9FD-0E47B0188DC4" containerWithKeyObject="6E60F725-CC8E-C887-40B3-D0C63708B3C3" localFKIndex="EF79D58F-9084-29EF-05A0-AFD0AFBEE4DC" name="PAYMENT_INVOICE_FK">
<createdBy>邓新宇</createdBy>
<createdTime>2022-11-06 20:32:30 UTC</createdTime>
<generatorID>4B35BCEA-A08E-1E9F-10FB-0A9A88777C6B</generatorID>
<ownerDesignName>project</ownerDesignName>
<referredTableLongName>INVOICE</referredTableLongName>
<deleteRule>CASCADE</deleteRule>
<referredTableID>CFA4A17E-ECAB-C62B-7A6F-EBDD1CB8FF0C</referredTableID>
<keyObject>4403056F-493F-D21C-885E-41DA27A8EB57</keyObject>
<referredKeyID>4403056F-493F-D21C-885E-41DA27A8EB57</referredKeyID>
<mandatory>true</mandatory>
<refColNames>INVOICE_ID</refColNames>
<transferable>true</transferable>
<rely>false</rely>
<columnDependencyConstraintGenerateInDDL>true</columnDependencyConstraintGenerateInDDL>
</FKIndexAssociation>