<?xml version = '1.0' encoding = 'UTF-8'?>
<FKIndexAssociation class="oracle.dbtools.crest.model.design.relational.FKIndexAssociation" directorySegmentName="seg_0" id="EDE05C18-469D-6731-A358-374BA638DDF8" containerWithKeyObject="DFFC706D-A107-E73D-8523-C4006B92E41F" localFKIndex="FC198F32-2CB6-B03D-3F95-D73758F396EF" name="CUS_RENTAL_COPY_FK">
<createdBy>邓新宇</createdBy>
<createdTime>2022-11-06 20:32:30 UTC</createdTime>
<generatorID>5FDCAF58-6798-5B3C-12B0-64AB86A8AD09</generatorID>
<ownerDesignName>project</ownerDesignName>
<referredTableLongName>COPY</referredTableLongName>
<deleteRule>NO ACTION</deleteRule>
<referredTableID>F61AA46B-A529-0762-7871-0904006F7A8D</referredTableID>
<keyObject>2A7A2AFB-4380-AD0E-427E-EB6D6EAA7031</keyObject>
<referredKeyID>2A7A2AFB-4380-AD0E-427E-EB6D6EAA7031</referredKeyID>
<mandatory>true</mandatory>
<refColNames>COPY_ID</refColNames>
<transferable>true</transferable>
<rely>false</rely>
<columnDependencyConstraintGenerateInDDL>true</columnDependencyConstraintGenerateInDDL>
</FKIndexAssociation>