<?xml version = '1.0' encoding = 'UTF-8'?>
<FKIndexAssociation class="oracle.dbtools.crest.model.design.relational.FKIndexAssociation" directorySegmentName="seg_0" id="F5B20ECA-2489-B6DF-1596-44422DCCCD77" containerWithKeyObject="2F6F51B7-8947-0118-7285-55DEA9073B6B" localFKIndex="0C4B9A0A-15CB-0838-9161-6D531700BAD6" name="ORG_SPONSOR_FK">
<createdBy>邓新宇</createdBy>
<createdTime>2022-11-06 20:32:30 UTC</createdTime>
<generatorID>F49DA05B-900B-529C-3A5C-A64F4AE9952E</generatorID>
<ownerDesignName>project</ownerDesignName>
<referredTableLongName>SPONSOR</referredTableLongName>
<arc>2C5C712C-28FA-C107-08FA-9B98FE8279CE</arc>
<deleteRule>NO ACTION</deleteRule>
<referredTableID>6A3500E2-1EAE-A256-186B-051FB5367808</referredTableID>
<keyObject>C19B6F5A-DB65-930A-D2A4-D41B31B40A91</keyObject>
<referredKeyID>C19B6F5A-DB65-930A-D2A4-D41B31B40A91</referredKeyID>
<mandatory>true</mandatory>
<refColNames>SPON_ID</refColNames>
<transferable>true</transferable>
<rely>false</rely>
<discriminatorValue>O</discriminatorValue>
<columnDependencyConstraintGenerateInDDL>true</columnDependencyConstraintGenerateInDDL>
</FKIndexAssociation>