<?xml version = '1.0' encoding = 'UTF-8'?>
<FKIndexAssociation class="oracle.dbtools.crest.model.design.relational.FKIndexAssociation" directorySegmentName="seg_0" id="04B61ECB-BC0F-78E0-D170-937436AA7228" containerWithKeyObject="40E2CB54-D149-AB1E-E490-C19053B4105F" localFKIndex="811B21E0-1D89-E409-33F4-82C898D247F3" name="ORG_SPONSOR_FK">
<createdBy>邓新宇</createdBy>
<createdTime>2022-12-06 05:30:45 UTC</createdTime>
<generatorID>F49DA05B-900B-529C-3A5C-A64F4AE9952E</generatorID>
<ownerDesignName>project</ownerDesignName>
<referredTableLongName>SPONSOR</referredTableLongName>
<arc>658376DD-0C04-DA0D-EF1A-1194E27317D4</arc>
<deleteRule>NO ACTION</deleteRule>
<referredTableID>1F48E81B-F2BE-B35E-FB07-8C00FF9C9992</referredTableID>
<keyObject>E610D9AF-2105-0B97-053A-1390D5BE68B9</keyObject>
<referredKeyID>E610D9AF-2105-0B97-053A-1390D5BE68B9</referredKeyID>
<mandatory>true</mandatory>
<refColNames>SPON_ID</refColNames>
<transferable>true</transferable>
<rely>false</rely>
<discriminatorValue>O</discriminatorValue>
<columnDependencyConstraintGenerateInDDL>true</columnDependencyConstraintGenerateInDDL>
</FKIndexAssociation>