<?xml version = '1.0' encoding = 'UTF-8'?>
<FKIndexAssociation class="oracle.dbtools.crest.model.design.relational.FKIndexAssociation" directorySegmentName="seg_0" id="071E27A8-C85F-8C00-1625-6A7ADC055F69" containerWithKeyObject="72689422-6B63-F8F3-6772-811291504D40" localFKIndex="6A587DF3-D891-020C-8F8F-3FD36F40A987" name="CUS_RENTAL_COPY_FK">
<createdBy>邓新宇</createdBy>
<createdTime>2022-12-06 05:30:45 UTC</createdTime>
<generatorID>5FDCAF58-6798-5B3C-12B0-64AB86A8AD09</generatorID>
<ownerDesignName>project</ownerDesignName>
<referredTableLongName>COPY</referredTableLongName>
<deleteRule>NO ACTION</deleteRule>
<referredTableID>1F76F04B-2523-83CB-71F8-AE7DC9EE0D4F</referredTableID>
<keyObject>D6D7699C-7DE2-82C2-A33B-3F78E22FFA9A</keyObject>
<referredKeyID>D6D7699C-7DE2-82C2-A33B-3F78E22FFA9A</referredKeyID>
<mandatory>true</mandatory>
<refColNames>COPY_ID</refColNames>
<transferable>true</transferable>
<rely>false</rely>
<columnDependencyConstraintGenerateInDDL>true</columnDependencyConstraintGenerateInDDL>
</FKIndexAssociation>