<?xml version = '1.0' encoding = 'UTF-8'?>
<FKIndexAssociation class="oracle.dbtools.crest.model.design.relational.FKIndexAssociation" directorySegmentName="seg_0" id="12E746CD-01E7-85FB-CA05-4F433D1B2431" containerWithKeyObject="9664192D-22C7-E76C-9D77-6AD047E0624F" localFKIndex="B0AA7404-B95D-5F47-74D6-A2FDB2DE6DE9" name="CUS_ROOM_CUSTOMER_FK">
<createdBy>邓新宇</createdBy>
<createdTime>2022-12-06 05:30:45 UTC</createdTime>
<generatorID>DCEA175A-B3BD-BD12-AD2D-22C303F9365B</generatorID>
<ownerDesignName>project</ownerDesignName>
<referredTableLongName>CUSTOMER</referredTableLongName>
<deleteRule>CASCADE</deleteRule>
<referredTableID>015C973F-A68A-DBA2-2505-85456CCA413E</referredTableID>
<keyObject>04B6C497-A412-900B-980B-B8BB6BDAB6C1</keyObject>
<referredKeyID>04B6C497-A412-900B-980B-B8BB6BDAB6C1</referredKeyID>
<mandatory>true</mandatory>
<refColNames>CUS_ID</refColNames>
<transferable>true</transferable>
<rely>false</rely>
<columnDependencyConstraintGenerateInDDL>true</columnDependencyConstraintGenerateInDDL>
</FKIndexAssociation>