<?xml version = '1.0' encoding = 'UTF-8'?>
<FKIndexAssociation class="oracle.dbtools.crest.model.design.relational.FKIndexAssociation" directorySegmentName="seg_0" id="1BAEE1A2-5A68-9102-C43F-AD8240487316" containerWithKeyObject="72689422-6B63-F8F3-6772-811291504D40" localFKIndex="E5883A3C-77FF-2AB5-E8A3-C13855D292BE" name="CUS_RENTAL_CUSTOMER_FK">
<createdBy>邓新宇</createdBy>
<createdTime>2022-12-06 05:30:45 UTC</createdTime>
<generatorID>5315C99E-7FFC-7809-5371-A18895D5BBCE</generatorID>
<ownerDesignName>project</ownerDesignName>
<referredTableLongName>CUSTOMER</referredTableLongName>
<deleteRule>CASCADE</deleteRule>
<referredTableID>015C973F-A68A-DBA2-2505-85456CCA413E</referredTableID>
<keyObject>04B6C497-A412-900B-980B-B8BB6BDAB6C1</keyObject>
<referredKeyID>04B6C497-A412-900B-980B-B8BB6BDAB6C1</referredKeyID>
<mandatory>true</mandatory>
<refColNames>CUS_ID</refColNames>
<transferable>true</transferable>
<rely>false</rely>
<columnDependencyConstraintGenerateInDDL>true</columnDependencyConstraintGenerateInDDL>
</FKIndexAssociation>