<?xml version = '1.0' encoding = 'UTF-8'?>
<FKIndexAssociation class="oracle.dbtools.crest.model.design.relational.FKIndexAssociation" directorySegmentName="seg_0" id="457B1A78-3075-C38D-2369-AFF7F93A0BD7" containerWithKeyObject="2C980F1A-4DC0-14BB-2568-0A3B525750E3" localFKIndex="35171B88-95A2-F974-6C2D-5CF642BF5CE4" name="INVOICE_CUS_RENTAL_FK">
<createdBy>邓新宇</createdBy>
<createdTime>2022-12-06 05:30:45 UTC</createdTime>
<generatorID>B40A13E8-C1D1-78F9-5C24-534690513521</generatorID>
<ownerDesignName>project</ownerDesignName>
<referredTableLongName>CUS_RENTAL</referredTableLongName>
<deleteRule>NO ACTION</deleteRule>
<referredTableID>72689422-6B63-F8F3-6772-811291504D40</referredTableID>
<keyObject>03482C68-613B-30AD-9DBD-E165BF44A462</keyObject>
<referredKeyID>03482C68-613B-30AD-9DBD-E165BF44A462</referredKeyID>
<mandatory>true</mandatory>
<refColNames>REN_ID</refColNames>
<transferable>true</transferable>
<rely>false</rely>
<columnDependencyConstraintGenerateInDDL>true</columnDependencyConstraintGenerateInDDL>
</FKIndexAssociation>