<?xml version = '1.0' encoding = 'UTF-8'?>
<FKIndexAssociation class="oracle.dbtools.crest.model.design.relational.FKIndexAssociation" directorySegmentName="seg_0" id="49EA8EBA-3BCE-DEA0-C7FA-B6158C316936" containerWithKeyObject="B45798D4-55B5-47D5-7FA6-8800955DFD61" localFKIndex="D25BAB00-0FEA-6A4A-D0A3-DE7E7D5E89B4" name="AUTHOR_BOOK_AUTHOR_FK">
<createdBy>邓新宇</createdBy>
<createdTime>2022-12-06 05:30:45 UTC</createdTime>
<generatorID>D6D15164-0B93-B81A-CFA7-553078B5673C</generatorID>
<ownerDesignName>project</ownerDesignName>
<referredTableLongName>AUTHOR</referredTableLongName>
<deleteRule>CASCADE</deleteRule>
<referredTableID>5C83FF4C-40AD-B789-531D-4EB56DDB46EC</referredTableID>
<keyObject>8BE38B2B-240C-B85F-FAE9-C72F1999031B</keyObject>
<referredKeyID>8BE38B2B-240C-B85F-FAE9-C72F1999031B</referredKeyID>
<mandatory>true</mandatory>
<refColNames>AUR_ID</refColNames>
<transferable>true</transferable>
<rely>false</rely>
<columnDependencyConstraintGenerateInDDL>true</columnDependencyConstraintGenerateInDDL>
</FKIndexAssociation>