<?xml version = '1.0' encoding = 'UTF-8'?>
<FKIndexAssociation class="oracle.dbtools.crest.model.design.relational.FKIndexAssociation" directorySegmentName="seg_0" id="4C8E0A52-F7B1-7BC7-137F-BE61F6DA9C20" containerWithKeyObject="07C31AB8-8822-E337-EBFC-2001BCC251C3" localFKIndex="CA48361E-9250-0CE3-017A-A648F644E776" name="SEMI_AUTHOR_AUTHOR_FK">
<createdBy>邓新宇</createdBy>
<createdTime>2022-12-06 05:30:45 UTC</createdTime>
<generatorID>11701B63-008A-6E4A-C125-72B24D006D4D</generatorID>
<ownerDesignName>project</ownerDesignName>
<referredTableLongName>AUTHOR</referredTableLongName>
<deleteRule>CASCADE</deleteRule>
<referredTableID>5C83FF4C-40AD-B789-531D-4EB56DDB46EC</referredTableID>
<keyObject>8BE38B2B-240C-B85F-FAE9-C72F1999031B</keyObject>
<referredKeyID>8BE38B2B-240C-B85F-FAE9-C72F1999031B</referredKeyID>
<mandatory>true</mandatory>
<refColNames>AUR_ID</refColNames>
<transferable>true</transferable>
<rely>false</rely>
<columnDependencyConstraintGenerateInDDL>true</columnDependencyConstraintGenerateInDDL>
</FKIndexAssociation>