<?xml version = '1.0' encoding = 'UTF-8'?>
<FKIndexAssociation class="oracle.dbtools.crest.model.design.relational.FKIndexAssociation" directorySegmentName="seg_0" id="5734E999-8B89-DED9-69A4-163CBCBFFDC0" containerWithKeyObject="E47B1FDB-0D9B-3610-2BA7-5539313361FF" localFKIndex="95B56246-2CB5-B266-7243-8370654210FB" name="PAYMENT_INVOICE_FK">
<createdBy>邓新宇</createdBy>
<createdTime>2022-12-06 05:30:45 UTC</createdTime>
<generatorID>4B35BCEA-A08E-1E9F-10FB-0A9A88777C6B</generatorID>
<ownerDesignName>project</ownerDesignName>
<referredTableLongName>INVOICE</referredTableLongName>
<deleteRule>CASCADE</deleteRule>
<referredTableID>2C980F1A-4DC0-14BB-2568-0A3B525750E3</referredTableID>
<keyObject>37164F63-7269-3A8B-EDAF-EA9E637FFF0E</keyObject>
<referredKeyID>37164F63-7269-3A8B-EDAF-EA9E637FFF0E</referredKeyID>
<mandatory>true</mandatory>
<refColNames>INVOICE_ID</refColNames>
<transferable>true</transferable>
<rely>false</rely>
<columnDependencyConstraintGenerateInDDL>true</columnDependencyConstraintGenerateInDDL>
</FKIndexAssociation>