<?xml version = '1.0' encoding = 'UTF-8'?>
<FKIndexAssociation class="oracle.dbtools.crest.model.design.relational.FKIndexAssociation" directorySegmentName="seg_0" id="5D8D8808-AB06-E4B1-7FFC-AB0976D3330F" containerWithKeyObject="B1C51F8D-B225-9CA1-E67A-9018CC1A3B43" localFKIndex="EFFA0DA0-8278-ED43-F17F-17D3A07DA2C8" name="EXHI_EVENT_FK">
<createdBy>邓新宇</createdBy>
<createdTime>2022-12-06 05:30:45 UTC</createdTime>
<generatorID>85350AE1-B72D-0249-28B2-45ACFDD0D028</generatorID>
<ownerDesignName>project</ownerDesignName>
<referredTableLongName>EVENT</referredTableLongName>
<arc>C9E80092-9E74-C0E2-CBD4-2A857197E0ED</arc>
<deleteRule>NO ACTION</deleteRule>
<referredTableID>CAA90AE2-1726-D90E-9DAF-BC51F6552CCE</referredTableID>
<keyObject>40FC4482-DFDD-C24D-5997-9BBAB70323DF</keyObject>
<referredKeyID>40FC4482-DFDD-C24D-5997-9BBAB70323DF</referredKeyID>
<mandatory>true</mandatory>
<refColNames>EVENT_ID</refColNames>
<transferable>true</transferable>
<rely>false</rely>
<discriminatorValue>E</discriminatorValue>
<columnDependencyConstraintGenerateInDDL>true</columnDependencyConstraintGenerateInDDL>
</FKIndexAssociation>