<?xml version = '1.0' encoding = 'UTF-8'?>
<FKIndexAssociation class="oracle.dbtools.crest.model.design.relational.FKIndexAssociation" directorySegmentName="seg_0" id="76ED52CE-50EE-AE7F-D83B-C74DC54618B2" containerWithKeyObject="07C31AB8-8822-E337-EBFC-2001BCC251C3" localFKIndex="B3DE1E62-9AAD-02AB-DF3C-2ABF55660F30" name="SEMI_AUTHOR_SEMI_FK">
<createdBy>邓新宇</createdBy>
<createdTime>2022-12-06 05:30:45 UTC</createdTime>
<generatorID>71E8F7A8-33B4-1342-8A29-80426836AD27</generatorID>
<ownerDesignName>project</ownerDesignName>
<referredTableLongName>SEMI</referredTableLongName>
<deleteRule>CASCADE</deleteRule>
<referredTableID>7C93317E-D9F4-6F38-AFFF-C96B30964669</referredTableID>
<keyObject>018C043E-D60A-E715-B0DB-32E4530B40C7</keyObject>
<referredKeyID>018C043E-D60A-E715-B0DB-32E4530B40C7</referredKeyID>
<mandatory>true</mandatory>
<refColNames>EVENT_ID</refColNames>
<transferable>true</transferable>
<rely>false</rely>
<columnDependencyConstraintGenerateInDDL>true</columnDependencyConstraintGenerateInDDL>
</FKIndexAssociation>