<?xml version = '1.0' encoding = 'UTF-8'?>
<FKIndexAssociation class="oracle.dbtools.crest.model.design.relational.FKIndexAssociation" directorySegmentName="seg_0" id="8965BFBB-DCC3-1D27-4BF4-B112891D7D01" containerWithKeyObject="7C93317E-D9F4-6F38-AFFF-C96B30964669" localFKIndex="CB8AD79F-EBF7-143B-85AB-23F56119524D" name="SEMI_EVENT_FK">
<createdBy>邓新宇</createdBy>
<createdTime>2022-12-06 05:30:45 UTC</createdTime>
<generatorID>89F31AD6-4B5E-9EBC-A1F6-6CC2949F1105</generatorID>
<ownerDesignName>project</ownerDesignName>
<referredTableLongName>EVENT</referredTableLongName>
<arc>C9E80092-9E74-C0E2-CBD4-2A857197E0ED</arc>
<deleteRule>NO ACTION</deleteRule>
<referredTableID>CAA90AE2-1726-D90E-9DAF-BC51F6552CCE</referredTableID>
<keyObject>40FC4482-DFDD-C24D-5997-9BBAB70323DF</keyObject>
<referredKeyID>40FC4482-DFDD-C24D-5997-9BBAB70323DF</referredKeyID>
<mandatory>true</mandatory>
<refColNames>EVENT_ID</refColNames>
<transferable>true</transferable>
<rely>false</rely>
<discriminatorValue>S</discriminatorValue>
<columnDependencyConstraintGenerateInDDL>true</columnDependencyConstraintGenerateInDDL>
</FKIndexAssociation>