<?xml version = '1.0' encoding = 'UTF-8'?>
<FKIndexAssociation class="oracle.dbtools.crest.model.design.relational.FKIndexAssociation" directorySegmentName="seg_0" id="986514C3-481C-B580-7F1F-2C071B1E8916" containerWithKeyObject="632814D5-72FC-E12B-6DEA-17E1E7287FA5" localFKIndex="1A86E09E-699E-0F14-C2DC-BF11914860AB" name="CUS_EXHI_CUSTOMER_FK">
<createdBy>邓新宇</createdBy>
<createdTime>2022-12-06 05:30:45 UTC</createdTime>
<generatorID>44DA83E5-C0B1-F5E2-D897-7A40ECAEC221</generatorID>
<ownerDesignName>project</ownerDesignName>
<referredTableLongName>CUSTOMER</referredTableLongName>
<deleteRule>CASCADE</deleteRule>
<referredTableID>015C973F-A68A-DBA2-2505-85456CCA413E</referredTableID>
<keyObject>04B6C497-A412-900B-980B-B8BB6BDAB6C1</keyObject>
<referredKeyID>04B6C497-A412-900B-980B-B8BB6BDAB6C1</referredKeyID>
<mandatory>true</mandatory>
<refColNames>CUS_ID</refColNames>
<transferable>true</transferable>
<rely>false</rely>
<columnDependencyConstraintGenerateInDDL>true</columnDependencyConstraintGenerateInDDL>
</FKIndexAssociation>