<?xml version = '1.0' encoding = 'UTF-8'?>
<FKIndexAssociation class="oracle.dbtools.crest.model.design.relational.FKIndexAssociation" directorySegmentName="seg_0" id="9ADC4421-D00A-BAA9-B20D-8EAE1701C40E" containerWithKeyObject="9664192D-22C7-E76C-9D77-6AD047E0624F" localFKIndex="7BEEAC6A-05AC-8094-0CF4-3137071A97F6" name="CUS_ROOM_ROOM_FK">
<createdBy>邓新宇</createdBy>
<createdTime>2022-12-06 05:30:45 UTC</createdTime>
<generatorID>17D51B20-D63A-C353-3ED7-C8DE074A66F9</generatorID>
<ownerDesignName>project</ownerDesignName>
<referredTableLongName>ROOM</referredTableLongName>
<deleteRule>CASCADE</deleteRule>
<referredTableID>84B08803-8801-3350-5B5A-234ABDA540CC</referredTableID>
<keyObject>D7719B40-4627-D799-16AD-18213F449C91</keyObject>
<referredKeyID>D7719B40-4627-D799-16AD-18213F449C91</referredKeyID>
<mandatory>true</mandatory>
<refColNames>ROOM_ID</refColNames>
<transferable>true</transferable>
<rely>false</rely>
<columnDependencyConstraintGenerateInDDL>true</columnDependencyConstraintGenerateInDDL>
</FKIndexAssociation>