<?xml version = '1.0' encoding = 'UTF-8'?>
<FKIndexAssociation class="oracle.dbtools.crest.model.design.relational.FKIndexAssociation" directorySegmentName="seg_0" id="B37DB12F-306B-AF12-C251-8D9671D799D0" containerWithKeyObject="1F76F04B-2523-83CB-71F8-AE7DC9EE0D4F" localFKIndex="F2B8AA7B-7B1A-7C16-414E-85FB02EB2162" name="COPY_BOOK_FK">
<createdBy>邓新宇</createdBy>
<createdTime>2022-12-06 05:30:45 UTC</createdTime>
<generatorID>560A4C6F-C464-58BA-F5D2-D14E4D871660</generatorID>
<ownerDesignName>project</ownerDesignName>
<referredTableLongName>BOOK</referredTableLongName>
<deleteRule>CASCADE</deleteRule>
<referredTableID>D6478140-9AD9-9270-01FD-A03E766C4777</referredTableID>
<keyObject>686822B8-4CE5-03D9-A245-0542D0C62C0E</keyObject>
<referredKeyID>686822B8-4CE5-03D9-A245-0542D0C62C0E</referredKeyID>
<mandatory>true</mandatory>
<refColNames>BOOK_ID</refColNames>
<transferable>true</transferable>
<rely>false</rely>
<columnDependencyConstraintGenerateInDDL>true</columnDependencyConstraintGenerateInDDL>
</FKIndexAssociation>