<?xml version = '1.0' encoding = 'UTF-8'?>
<FKIndexAssociation class="oracle.dbtools.crest.model.design.relational.FKIndexAssociation" directorySegmentName="seg_0" id="C9149219-9258-FBB8-8512-B214FE0F0F5D" containerWithKeyObject="6039F1BB-9E0B-6C43-0C52-98B52BDFF66F" localFKIndex="2D030CA7-C980-E5FD-043E-07F7B2E7985C" name="INDI_SPONSOR_FK">
<createdBy>邓新宇</createdBy>
<createdTime>2022-12-06 05:30:45 UTC</createdTime>
<generatorID>EC0FB79D-CF37-61BF-AC7A-7BCFAE16B6B4</generatorID>
<ownerDesignName>project</ownerDesignName>
<referredTableLongName>SPONSOR</referredTableLongName>
<arc>658376DD-0C04-DA0D-EF1A-1194E27317D4</arc>
<deleteRule>NO ACTION</deleteRule>
<referredTableID>1F48E81B-F2BE-B35E-FB07-8C00FF9C9992</referredTableID>
<keyObject>E610D9AF-2105-0B97-053A-1390D5BE68B9</keyObject>
<referredKeyID>E610D9AF-2105-0B97-053A-1390D5BE68B9</referredKeyID>
<mandatory>true</mandatory>
<refColNames>SPON_ID</refColNames>
<transferable>true</transferable>
<rely>false</rely>
<discriminatorValue>I</discriminatorValue>
<columnDependencyConstraintGenerateInDDL>true</columnDependencyConstraintGenerateInDDL>
</FKIndexAssociation>