<?xml version = '1.0' encoding = 'UTF-8'?>
<FKIndexAssociation class="oracle.dbtools.crest.model.design.relational.FKIndexAssociation" directorySegmentName="seg_0" id="CB60CAAF-FEEE-654C-4009-37F8963EEAAE" containerWithKeyObject="72689422-6B63-F8F3-6772-811291504D40" localFKIndex="126A817F-1AA1-E6DE-76E4-9108986E3BC7" name="CUS_RENTAL_INVOICE_FK">
<createdBy>邓新宇</createdBy>
<createdTime>2022-12-06 05:30:45 UTC</createdTime>
<generatorID>B40A13E8-C1D1-78F9-5C24-534690513521</generatorID>
<ownerDesignName>project</ownerDesignName>
<referredTableLongName>INVOICE</referredTableLongName>
<deleteRule>NO ACTION</deleteRule>
<referredTableID>2C980F1A-4DC0-14BB-2568-0A3B525750E3</referredTableID>
<keyObject>37164F63-7269-3A8B-EDAF-EA9E637FFF0E</keyObject>
<referredKeyID>37164F63-7269-3A8B-EDAF-EA9E637FFF0E</referredKeyID>
<mandatory>true</mandatory>
<refColNames>INVOICE_ID</refColNames>
<transferable>true</transferable>
<rely>false</rely>
<columnDependencyConstraintGenerateInDDL>true</columnDependencyConstraintGenerateInDDL>
</FKIndexAssociation>