<?xml version = '1.0' encoding = 'UTF-8'?>
<FKIndexAssociation class="oracle.dbtools.crest.model.design.relational.FKIndexAssociation" directorySegmentName="seg_0" id="CF05AF90-CC2D-AC82-B321-78D0B0409587" containerWithKeyObject="B45798D4-55B5-47D5-7FA6-8800955DFD61" localFKIndex="693A42B2-6977-4337-A0BD-4DB92674A461" name="AUTHOR_BOOK_BOOK_FK">
<createdBy>邓新宇</createdBy>
<createdTime>2022-12-06 05:30:45 UTC</createdTime>
<generatorID>5FC4583A-A1F8-3D8C-7C48-D7CAAB7152F5</generatorID>
<ownerDesignName>project</ownerDesignName>
<referredTableLongName>BOOK</referredTableLongName>
<deleteRule>CASCADE</deleteRule>
<referredTableID>D6478140-9AD9-9270-01FD-A03E766C4777</referredTableID>
<keyObject>686822B8-4CE5-03D9-A245-0542D0C62C0E</keyObject>
<referredKeyID>686822B8-4CE5-03D9-A245-0542D0C62C0E</referredKeyID>
<mandatory>true</mandatory>
<refColNames>BOOK_ID</refColNames>
<transferable>true</transferable>
<rely>false</rely>
<columnDependencyConstraintGenerateInDDL>true</columnDependencyConstraintGenerateInDDL>
</FKIndexAssociation>