<?xml version = '1.0' encoding = 'UTF-8'?>
<FKIndexAssociation class="oracle.dbtools.crest.model.design.relational.FKIndexAssociation" directorySegmentName="seg_0" id="D0491A3E-19F2-AE33-9FB9-9A588FE088B3" containerWithKeyObject="632814D5-72FC-E12B-6DEA-17E1E7287FA5" localFKIndex="E1D1EC07-AA2E-FC0D-0526-3338F608719D" name="CUS_EXHI_EXHI_FK">
<createdBy>邓新宇</createdBy>
<createdTime>2022-12-06 05:30:45 UTC</createdTime>
<generatorID>1B009B76-B37E-2CAF-DEFA-6D70CCC049D1</generatorID>
<ownerDesignName>project</ownerDesignName>
<referredTableLongName>EXHI</referredTableLongName>
<deleteRule>CASCADE</deleteRule>
<referredTableID>B1C51F8D-B225-9CA1-E67A-9018CC1A3B43</referredTableID>
<keyObject>85A330D3-2FD0-BD4E-B501-DF72E9EFCAFC</keyObject>
<referredKeyID>85A330D3-2FD0-BD4E-B501-DF72E9EFCAFC</referredKeyID>
<mandatory>true</mandatory>
<refColNames>EVENT_ID</refColNames>
<transferable>true</transferable>
<rely>false</rely>
<columnDependencyConstraintGenerateInDDL>true</columnDependencyConstraintGenerateInDDL>
</FKIndexAssociation>