<?xml version = '1.0' encoding = 'UTF-8'?>
<FKIndexAssociation class="oracle.dbtools.crest.model.design.relational.FKIndexAssociation" directorySegmentName="seg_0" id="EBFC0A2C-B9CD-FA87-0F93-5EBBF564F7DF" containerWithKeyObject="A7D166E4-27D2-1C8E-1CCA-426D3FF84407" localFKIndex="ED27AA95-6A32-FD28-AAE6-2A1F53906B23" name="SEMI_SPON_SEMI_FK">
<createdBy>邓新宇</createdBy>
<createdTime>2022-12-06 05:30:45 UTC</createdTime>
<generatorID>B1B3EBB8-FDD8-D53A-36C0-880BEFF6DDA5</generatorID>
<ownerDesignName>project</ownerDesignName>
<referredTableLongName>SEMI</referredTableLongName>
<deleteRule>CASCADE</deleteRule>
<referredTableID>7C93317E-D9F4-6F38-AFFF-C96B30964669</referredTableID>
<keyObject>018C043E-D60A-E715-B0DB-32E4530B40C7</keyObject>
<referredKeyID>018C043E-D60A-E715-B0DB-32E4530B40C7</referredKeyID>
<mandatory>true</mandatory>
<refColNames>EVENT_ID</refColNames>
<transferable>true</transferable>
<rely>false</rely>
<columnDependencyConstraintGenerateInDDL>true</columnDependencyConstraintGenerateInDDL>
</FKIndexAssociation>