<?xml version = '1.0' encoding = 'UTF-8'?>
<FKIndexAssociation class="oracle.dbtools.crest.model.design.relational.FKIndexAssociation" directorySegmentName="seg_0" id="FD2DF68E-AF73-A50E-894A-A614BB135D2B" containerWithKeyObject="A7D166E4-27D2-1C8E-1CCA-426D3FF84407" localFKIndex="8673257A-01AB-BD6E-1838-BFCDCA6FFADF" name="SEMI_SPON_SPONSOR_FK">
<createdBy>邓新宇</createdBy>
<createdTime>2022-12-06 05:30:45 UTC</createdTime>
<generatorID>D9576C6F-64A6-5543-ECE7-44B78E824C1F</generatorID>
<ownerDesignName>project</ownerDesignName>
<referredTableLongName>SPONSOR</referredTableLongName>
<deleteRule>CASCADE</deleteRule>
<referredTableID>1F48E81B-F2BE-B35E-FB07-8C00FF9C9992</referredTableID>
<keyObject>E610D9AF-2105-0B97-053A-1390D5BE68B9</keyObject>
<referredKeyID>E610D9AF-2105-0B97-053A-1390D5BE68B9</referredKeyID>
<mandatory>true</mandatory>
<refColNames>SPON_ID</refColNames>
<transferable>true</transferable>
<rely>false</rely>
<columnDependencyConstraintGenerateInDDL>true</columnDependencyConstraintGenerateInDDL>
</FKIndexAssociation>