<?xml version = '1.0' encoding = 'UTF-8'?>
<Diagram class="oracle.dbtools.crest.swingui.relational.DPVRelational" name="Relational_1" id="DC27EBFC-E6DF-96E3-4184-1F53C24D4134">
<createdBy>邓新宇</createdBy>
<modifiedBy>邓新宇</modifiedBy>
<createdTime>2022-12-06 05:30:37 UTC</createdTime>
<autoRoute>false</autoRoute>
<boxInbox>true</boxInbox>
<showLegend>false</showLegend>
<showLabels>false</showLabels>
<showRelAttributes>false</showRelAttributes>
<gridEnabled>false</gridEnabled>
<showGrid>false</showGrid>
<diagramColor>-1</diagramColor>
<display>false</display>
<notation>1</notation>
<objectViews>
<OView class="oracle.dbtools.crest.swingui.relational.TVTable" oid="015C973F-A68A-DBA2-2505-85456CCA413E" otype="Table" vid="2109949C-A22E-FC17-6AB2-213A1EDB6FCD">
<hideElementsInCurrentOnly>false</hideElementsInCurrentOnly>
<bounds x="649" y="579" width="198" height="156"/>
</OView>
<OView class="oracle.dbtools.crest.swingui.relational.TVTable" oid="07C31AB8-8822-E337-EBFC-2001BCC251C3" otype="Table" vid="A0231514-CCA6-C51E-952E-B1247B53F804">
<hideElementsInCurrentOnly>false</hideElementsInCurrentOnly>
<bounds x="1452" y="127" width="273" height="132"/>
</OView>
<OView class="oracle.dbtools.crest.swingui.relational.TVTable" oid="1F48E81B-F2BE-B35E-FB07-8C00FF9C9992" otype="Table" vid="771C9615-5BCA-D859-123E-6B0DE8AA47D0">
<hideElementsInCurrentOnly>false</hideElementsInCurrentOnly>
<bounds x="305" y="85" width="192" height="83"/>
</OView>
<OView class="oracle.dbtools.crest.swingui.relational.TVTable" oid="1F76F04B-2523-83CB-71F8-AE7DC9EE0D4F" otype="Table" vid="B09E8171-02A5-7EAB-93C3-0542C71E6729">
<hideElementsInCurrentOnly>false</hideElementsInCurrentOnly>
<bounds x="1410" y="584" width="217" height="117"/>
</OView>
<OView class="oracle.dbtools.crest.swingui.relational.TVTable" oid="2C980F1A-4DC0-14BB-2568-0A3B525750E3" otype="Table" vid="C92644F7-FFEC-1473-F690-8DF953980B25">
<hideElementsInCurrentOnly>false</hideElementsInCurrentOnly>
<bounds x="992" y="833" width="290" height="153"/>
</OView>
<OView class="oracle.dbtools.crest.swingui.relational.TVTable" oid="40E2CB54-D149-AB1E-E490-C19053B4105F" otype="Table" vid="63158E9C-DB69-ADDE-77B3-F0CF4549A02F">
<hideElementsInCurrentOnly>false</hideElementsInCurrentOnly>
<bounds x="404" y="225" width="188" height="104"/>
</OView>
<OView class="oracle.dbtools.crest.swingui.relational.TVTable" oid="5C83FF4C-40AD-B789-531D-4EB56DDB46EC" otype="Table" vid="6BFA6F58-D123-884B-3E59-1037A24AD7CA">
<hideElementsInCurrentOnly>false</hideElementsInCurrentOnly>
<bounds x="1759" y="119" width="212" height="171"/>
</OView>
<OView class="oracle.dbtools.crest.swingui.relational.TVTable" oid="6039F1BB-9E0B-6C43-0C52-98B52BDFF66F" otype="Table" vid="F9BD25C0-0118-D707-D15A-6A42DA77A466">
<hideElementsInCurrentOnly>false</hideElementsInCurrentOnly>
<bounds x="191" y="224" width="185" height="118"/>
</OView>
<OView class="oracle.dbtools.crest.swingui.relational.TVTable" oid="632814D5-72FC-E12B-6DEA-17E1E7287FA5" otype="Table" vid="F253C1F5-B667-9224-61F1-15402C014AFF">
<hideElementsInCurrentOnly>false</hideElementsInCurrentOnly>
<bounds x="974" y="384" width="281" height="133"/>
</OView>
<OView class="oracle.dbtools.crest.swingui.relational.TVTable" oid="72689422-6B63-F8F3-6772-811291504D40" otype="Table" vid="F063E722-3BE6-9206-8483-8E7A81AFA786">
<hideElementsInCurrentOnly>false</hideElementsInCurrentOnly>
<bounds x="981" y="544" width="298" height="243"/>
</OView>
<OView class="oracle.dbtools.crest.swingui.relational.TVTable" oid="7C93317E-D9F4-6F38-AFFF-C96B30964669" otype="Table" vid="003DB990-ED0B-0210-E44A-8B0E27C06B36">
<hideElementsInCurrentOnly>false</hideElementsInCurrentOnly>
<bounds x="1005" y="99" width="181" height="88"/>
</OView>
<OView class="oracle.dbtools.crest.swingui.relational.TVTable" oid="84B08803-8801-3350-5B5A-234ABDA540CC" otype="Table" vid="E3C29795-CC59-CC00-872F-80009AEC8AC9">
<hideElementsInCurrentOnly>false</hideElementsInCurrentOnly>
<bounds x="672" y="266" width="176" height="82"/>
</OView>
<OView class="oracle.dbtools.crest.swingui.relational.TVTable" oid="9664192D-22C7-E76C-9D77-6AD047E0624F" otype="Table" vid="030C9D9C-5E6D-6316-156B-CA8B31F3070A">
<hideElementsInCurrentOnly>false</hideElementsInCurrentOnly>
<bounds x="604" y="389" width="289" height="127"/>
</OView>
<OView class="oracle.dbtools.crest.swingui.relational.TVTable" oid="A7D166E4-27D2-1C8E-1CCA-426D3FF84407" otype="Table" vid="A818C56D-5920-9635-5E78-3E103ABD127E">
<hideElementsInCurrentOnly>false</hideElementsInCurrentOnly>
<bounds x="620" y="71" width="283" height="111"/>
</OView>
<OView class="oracle.dbtools.crest.swingui.relational.TVTable" oid="B1C51F8D-B225-9CA1-E67A-9018CC1A3B43" otype="Table" vid="89C375D9-FDAE-146B-20D6-9BCF736635BD">
<hideElementsInCurrentOnly>false</hideElementsInCurrentOnly>
<bounds x="1222" y="120" width="179" height="103"/>
</OView>
<OView class="oracle.dbtools.crest.swingui.relational.TVTable" oid="B45798D4-55B5-47D5-7FA6-8800955DFD61" otype="Table" vid="C5D33B71-5CB1-F232-6885-99AC231B9258">
<hideElementsInCurrentOnly>false</hideElementsInCurrentOnly>
<bounds x="1679" y="427" width="277" height="96"/>
</OView>
<OView class="oracle.dbtools.crest.swingui.relational.TVTable" oid="CAA90AE2-1726-D90E-9DAF-BC51F6552CCE" otype="Table" vid="A2903A81-EAD6-F323-3F83-18CD9D06171F">
<hideElementsInCurrentOnly>false</hideElementsInCurrentOnly>
<bounds x="982" y="227" width="206" height="127"/>
</OView>
<OView class="oracle.dbtools.crest.swingui.relational.TVTable" oid="D6478140-9AD9-9270-01FD-A03E766C4777" otype="Table" vid="6C72714B-B31D-4F13-2AF7-3E143F7C1216">
<hideElementsInCurrentOnly>false</hideElementsInCurrentOnly>
<bounds x="1685" y="601" width="201" height="96"/>
</OView>
<OView class="oracle.dbtools.crest.swingui.relational.TVTable" oid="E47B1FDB-0D9B-3610-2BA7-5539313361FF" otype="Table" vid="71825037-C7EB-6BD8-35AD-05A88972025F">
<hideElementsInCurrentOnly>false</hideElementsInCurrentOnly>
<bounds x="622" y="787" width="268" height="177"/>
</OView>
</objectViews>
<connectors>
<Connector class="oracle.dbtools.crest.swingui.relational.TVFKRelation" oid="04B61ECB-BC0F-78E0-D170-937436AA7228" otype="FKIndexAssociation" vid_source="771C9615-5BCA-D859-123E-6B0DE8AA47D0" vid_target="63158E9C-DB69-ADDE-77B3-F0CF4549A02F">
<hideElementsInCurrentOnly>false</hideElementsInCurrentOnly>
<backgroundColor>-16777216</backgroundColor>
<lineWidth>1</lineWidth>
<points>
<point x="450" y="168"/>
<point x="450" y="225"/>
</points>
</Connector>
<Connector class="oracle.dbtools.crest.swingui.relational.TVFKRelation" oid="071E27A8-C85F-8C00-1625-6A7ADC055F69" otype="FKIndexAssociation" vid_source="B09E8171-02A5-7EAB-93C3-0542C71E6729" vid_target="F063E722-3BE6-9206-8483-8E7A81AFA786">
<hideElementsInCurrentOnly>false</hideElementsInCurrentOnly>
<backgroundColor>-16777216</backgroundColor>
<lineWidth>1</lineWidth>
<points>
<point x="1410" y="642"/>
<point x="1279" y="642"/>
</points>
</Connector>
<Connector class="oracle.dbtools.crest.swingui.relational.TVFKRelation" oid="12E746CD-01E7-85FB-CA05-4F433D1B2431" otype="FKIndexAssociation" vid_source="2109949C-A22E-FC17-6AB2-213A1EDB6FCD" vid_target="030C9D9C-5E6D-6316-156B-CA8B31F3070A">
<hideElementsInCurrentOnly>false</hideElementsInCurrentOnly>
<backgroundColor>-16777216</backgroundColor>
<lineWidth>1</lineWidth>
<points>
<point x="748" y="579"/>
<point x="748" y="516"/>
</points>
</Connector>
<Connector class="oracle.dbtools.crest.swingui.relational.TVFKRelation" oid="1BAEE1A2-5A68-9102-C43F-AD8240487316" otype="FKIndexAssociation" vid_source="2109949C-A22E-FC17-6AB2-213A1EDB6FCD" vid_target="F063E722-3BE6-9206-8483-8E7A81AFA786">
<hideElementsInCurrentOnly>false</hideElementsInCurrentOnly>
<backgroundColor>-16777216</backgroundColor>
<lineWidth>1</lineWidth>
<points>
<point x="847" y="657"/>
<point x="981" y="657"/>
</points>
</Connector>
<Connector class="oracle.dbtools.crest.swingui.relational.TVFKRelation" oid="457B1A78-3075-C38D-2369-AFF7F93A0BD7" otype="FKIndexAssociation" vid_source="F063E722-3BE6-9206-8483-8E7A81AFA786" vid_target="C92644F7-FFEC-1473-F690-8DF953980B25">
<hideElementsInCurrentOnly>false</hideElementsInCurrentOnly>
<backgroundColor>-16777216</backgroundColor>
<lineWidth>1</lineWidth>
<points>
<point x="1135" y="787"/>
<point x="1135" y="833"/>
</points>
</Connector>
<Connector class="oracle.dbtools.crest.swingui.relational.TVFKRelation" oid="49EA8EBA-3BCE-DEA0-C7FA-B6158C316936" otype="FKIndexAssociation" vid_source="6BFA6F58-D123-884B-3E59-1037A24AD7CA" vid_target="C5D33B71-5CB1-F232-6885-99AC231B9258">
<hideElementsInCurrentOnly>false</hideElementsInCurrentOnly>
<backgroundColor>-16777216</backgroundColor>
<lineWidth>1</lineWidth>
<points>
<point x="1857" y="290"/>
<point x="1857" y="427"/>
</points>
</Connector>
<Connector class="oracle.dbtools.crest.swingui.relational.TVFKRelation" oid="4C8E0A52-F7B1-7BC7-137F-BE61F6DA9C20" otype="FKIndexAssociation" vid_source="6BFA6F58-D123-884B-3E59-1037A24AD7CA" vid_target="A0231514-CCA6-C51E-952E-B1247B53F804">
<hideElementsInCurrentOnly>false</hideElementsInCurrentOnly>
<backgroundColor>-16777216</backgroundColor>
<lineWidth>1</lineWidth>
<points>
<point x="1759" y="193"/>
<point x="1725" y="193"/>
</points>
</Connector>
<Connector class="oracle.dbtools.crest.swingui.relational.TVFKRelation" oid="5734E999-8B89-DED9-69A4-163CBCBFFDC0" otype="FKIndexAssociation" vid_source="C92644F7-FFEC-1473-F690-8DF953980B25" vid_target="71825037-C7EB-6BD8-35AD-05A88972025F">
<hideElementsInCurrentOnly>false</hideElementsInCurrentOnly>
<backgroundColor>-16777216</backgroundColor>
<lineWidth>1</lineWidth>
<points>
<point x="992" y="898"/>
<point x="890" y="898"/>
</points>
</Connector>
<Connector class="oracle.dbtools.crest.swingui.relational.TVFKRelation" oid="5D8D8808-AB06-E4B1-7FFC-AB0976D3330F" otype="FKIndexAssociation" vid_source="A2903A81-EAD6-F323-3F83-18CD9D06171F" vid_target="89C375D9-FDAE-146B-20D6-9BCF736635BD">
<hideElementsInCurrentOnly>false</hideElementsInCurrentOnly>
<backgroundColor>-16777216</backgroundColor>
<lineWidth>1</lineWidth>
<points>
<point x="1188" y="236"/>
<point x="1222" y="218"/>
</points>
</Connector>
<Connector class="oracle.dbtools.crest.swingui.relational.TVFKRelation" oid="76ED52CE-50EE-AE7F-D83B-C74DC54618B2" otype="FKIndexAssociation" vid_source="003DB990-ED0B-0210-E44A-8B0E27C06B36" vid_target="A0231514-CCA6-C51E-952E-B1247B53F804">
<hideElementsInCurrentOnly>false</hideElementsInCurrentOnly>
<backgroundColor>-16777216</backgroundColor>
<lineWidth>1</lineWidth>
<points>
<point x="1186" y="157"/>
<point x="1452" y="157"/>
</points>
</Connector>
<Connector class="oracle.dbtools.crest.swingui.relational.TVFKRelation" oid="8965BFBB-DCC3-1D27-4BF4-B112891D7D01" otype="FKIndexAssociation" vid_source="A2903A81-EAD6-F323-3F83-18CD9D06171F" vid_target="003DB990-ED0B-0210-E44A-8B0E27C06B36">
<hideElementsInCurrentOnly>false</hideElementsInCurrentOnly>
<backgroundColor>-16777216</backgroundColor>
<lineWidth>1</lineWidth>
<points>
<point x="1095" y="227"/>
<point x="1095" y="187"/>
</points>
</Connector>
<Connector class="oracle.dbtools.crest.swingui.relational.TVFKRelation" oid="986514C3-481C-B580-7F1F-2C071B1E8916" otype="FKIndexAssociation" vid_source="2109949C-A22E-FC17-6AB2-213A1EDB6FCD" vid_target="F253C1F5-B667-9224-61F1-15402C014AFF">
<hideElementsInCurrentOnly>false</hideElementsInCurrentOnly>
<backgroundColor>-16777216</backgroundColor>
<lineWidth>1</lineWidth>
<points>
<point x="847" y="601"/>
<point x="996" y="517"/>
</points>
</Connector>
<Connector class="oracle.dbtools.crest.swingui.relational.TVFKRelation" oid="9ADC4421-D00A-BAA9-B20D-8EAE1701C40E" otype="FKIndexAssociation" vid_source="E3C29795-CC59-CC00-872F-80009AEC8AC9" vid_target="030C9D9C-5E6D-6316-156B-CA8B31F3070A">
<hideElementsInCurrentOnly>false</hideElementsInCurrentOnly>
<backgroundColor>-16777216</backgroundColor>
<lineWidth>1</lineWidth>
<points>
<point x="760" y="348"/>
<point x="760" y="389"/>
</points>
</Connector>
<Connector class="oracle.dbtools.crest.swingui.relational.TVFKRelation" oid="B37DB12F-306B-AF12-C251-8D9671D799D0" otype="FKIndexAssociation" vid_source="6C72714B-B31D-4F13-2AF7-3E143F7C1216" vid_target="B09E8171-02A5-7EAB-93C3-0542C71E6729">
<hideElementsInCurrentOnly>false</hideElementsInCurrentOnly>
<backgroundColor>-16777216</backgroundColor>
<lineWidth>1</lineWidth>
<points>
<point x="1685" y="649"/>
<point x="1627" y="649"/>
</points>
</Connector>
<Connector class="oracle.dbtools.crest.swingui.relational.TVFKRelation" oid="C9149219-9258-FBB8-8512-B214FE0F0F5D" otype="FKIndexAssociation" vid_source="771C9615-5BCA-D859-123E-6B0DE8AA47D0" vid_target="F9BD25C0-0118-D707-D15A-6A42DA77A466">
<hideElementsInCurrentOnly>false</hideElementsInCurrentOnly>
<backgroundColor>-16777216</backgroundColor>
<lineWidth>1</lineWidth>
<points>
<point x="340" y="168"/>
<point x="340" y="224"/>
</points>
</Connector>
<Connector class="oracle.dbtools.crest.swingui.relational.TVFKRelation" oid="CB60CAAF-FEEE-654C-4009-37F8963EEAAE" otype="FKIndexAssociation" vid_source="C92644F7-FFEC-1473-F690-8DF953980B25" vid_target="F063E722-3BE6-9206-8483-8E7A81AFA786">
<hideElementsInCurrentOnly>false</hideElementsInCurrentOnly>
<backgroundColor>-16777216</backgroundColor>
<lineWidth>1</lineWidth>
<points>
<point x="1150" y="833"/>
<point x="1150" y="787"/>
</points>
</Connector>
<Connector class="oracle.dbtools.crest.swingui.relational.TVFKRelation" oid="CF05AF90-CC2D-AC82-B321-78D0B0409587" otype="FKIndexAssociation" vid_source="6C72714B-B31D-4F13-2AF7-3E143F7C1216" vid_target="C5D33B71-5CB1-F232-6885-99AC231B9258">
<hideElementsInCurrentOnly>false</hideElementsInCurrentOnly>
<backgroundColor>-16777216</backgroundColor>
<lineWidth>1</lineWidth>
<points>
<point x="1785" y="601"/>
<point x="1785" y="523"/>
</points>
</Connector>
<Connector class="oracle.dbtools.crest.swingui.relational.TVFKRelation" oid="D0491A3E-19F2-AE33-9FB9-9A588FE088B3" otype="FKIndexAssociation" vid_source="89C375D9-FDAE-146B-20D6-9BCF736635BD" vid_target="F253C1F5-B667-9224-61F1-15402C014AFF">
<hideElementsInCurrentOnly>false</hideElementsInCurrentOnly>
<backgroundColor>-16777216</backgroundColor>
<lineWidth>1</lineWidth>
<points>
<point x="1238" y="223"/>
<point x="1238" y="384"/>
</points>
</Connector>
<Connector class="oracle.dbtools.crest.swingui.relational.TVFKRelation" oid="EBFC0A2C-B9CD-FA87-0F93-5EBBF564F7DF" otype="FKIndexAssociation" vid_source="003DB990-ED0B-0210-E44A-8B0E27C06B36" vid_target="A818C56D-5920-9635-5E78-3E103ABD127E">
<hideElementsInCurrentOnly>false</hideElementsInCurrentOnly>
<backgroundColor>-16777216</backgroundColor>
<lineWidth>1</lineWidth>
<points>
<point x="1005" y="140"/>
<point x="903" y="140"/>
</points>
</Connector>
<Connector class="oracle.dbtools.crest.swingui.relational.TVFKRelation" oid="FD2DF68E-AF73-A50E-894A-A614BB135D2B" otype="FKIndexAssociation" vid_source="771C9615-5BCA-D859-123E-6B0DE8AA47D0" vid_target="A818C56D-5920-9635-5E78-3E103ABD127E">
<hideElementsInCurrentOnly>false</hideElementsInCurrentOnly>
<backgroundColor>-16777216</backgroundColor>
<lineWidth>1</lineWidth>
<points>
<point x="497" y="126"/>
<point x="620" y="126"/>
</points>
</Connector>
</connectors>
<arcs>
<Arc class="oracle.dbtools.crest.swingui.relational.TVFKArc" oid="658376DD-0C04-DA0D-EF1A-1194E27317D4" otype="FKArc" vid="D98A27F5-B7AF-2CF2-1B6B-190A5BA53F61">
<hideElementsInCurrentOnly>false</hideElementsInCurrentOnly>
<bounds x="285" y="65" width="232" height="123"/>
</Arc>
<Arc class="oracle.dbtools.crest.swingui.relational.TVFKArc" oid="C9E80092-9E74-C0E2-CBD4-2A857197E0ED" otype="FKArc" vid="F715DA98-3F59-336B-778F-F7B0F00F0B7F">
<hideElementsInCurrentOnly>false</hideElementsInCurrentOnly>
<bounds x="962" y="207" width="246" height="167"/>
</Arc>
</arcs>
</Diagram>