<?xml version = '1.0' encoding = 'UTF-8'?>
<Diagram class="oracle.dbtools.crest.swingui.logical.DPVLogical" name="Logical" id="9FCA6006-0B85-B840-2F2F-E0CB93931E17">
<createdBy>邓新宇</createdBy>
<modifiedBy>邓新宇</modifiedBy>
<createdTime>2022-11-05 19:03:15 UTC</createdTime>
<autoRoute>false</autoRoute>
<boxInbox>true</boxInbox>
<showLegend>false</showLegend>
<showLabels>false</showLabels>
<showRelAttributes>false</showRelAttributes>
<gridEnabled>false</gridEnabled>
<showGrid>false</showGrid>
<diagramColor>-1</diagramColor>
<display>false</display>
<notation>1</notation>
<objectViews>
<OView class="oracle.dbtools.crest.swingui.logical.TVEntity" oid="124F6B5E-38BE-2013-540D-1B9A2C0F92F4" otype="Entity" vid="7B983880-DBFA-120D-22A9-BF749C72F47F">
<hideElementsInCurrentOnly>false</hideElementsInCurrentOnly>
<bounds x="246" y="19" width="300" height="145"/>
</OView>
<OView class="oracle.dbtools.crest.swingui.logical.TVEntity" oid="3423866D-0FE0-DEF4-E1A5-99149F9175C7" otype="Entity" vid="FAB637E2-6739-264A-08EF-91364FF82D3F">
<hideElementsInCurrentOnly>false</hideElementsInCurrentOnly>
<bounds x="1172" y="308" width="170" height="111"/>
</OView>
<OView class="oracle.dbtools.crest.swingui.logical.TVEntity" oid="3C376B8B-5F9A-B592-1A6E-592440F8FE02" otype="Entity" vid="5C8F7A33-AE23-1AD9-9349-604C17284D9E">
<hideElementsInCurrentOnly>false</hideElementsInCurrentOnly>
<bounds x="380" y="110" width="146" height="44"/>
</OView>
<OView class="oracle.dbtools.crest.swingui.logical.TVEntity" oid="51F773CD-2C0A-0494-7B62-0710BD59A6A8" otype="Entity" vid="53C5C9C8-0871-18AF-7F25-2FCF545D0BD4">
<hideElementsInCurrentOnly>false</hideElementsInCurrentOnly>
<bounds x="77" y="439" width="120" height="132"/>
</OView>
<OView class="oracle.dbtools.crest.swingui.logical.TVEntity" oid="5E65AC4A-1C05-72D4-610D-B52725EFE3DF" otype="Entity" vid="EDCDECF2-156D-90AB-A1B1-8FD93AC83779">
<hideElementsInCurrentOnly>false</hideElementsInCurrentOnly>
<bounds x="84" y="239" width="170" height="110"/>
</OView>
<OView class="oracle.dbtools.crest.swingui.logical.TVEntity" oid="6FAE0FFE-7ADD-1603-FB69-8D5FBCD84FEB" otype="Entity" vid="9410A9FB-41F3-F3BB-805C-1B483F7341E4">
<hideElementsInCurrentOnly>false</hideElementsInCurrentOnly>
<bounds x="51" y="636" width="170" height="110"/>
</OView>
<OView class="oracle.dbtools.crest.swingui.logical.TVEntity" oid="8C58A527-0D50-923F-0AEA-584ABB382B95" otype="Entity" vid="AD0F7896-42C9-F1BF-400E-E7033FCD76C6">
<hideElementsInCurrentOnly>false</hideElementsInCurrentOnly>
<bounds x="388" y="39" width="127" height="59"/>
</OView>
<OView class="oracle.dbtools.crest.swingui.logical.TVEntity" oid="8DC2F50F-6C06-9D4B-D688-DF768F7ED51B" otype="Entity" vid="0C1C37FB-29C6-52DA-4ACB-1DFA3C831D95">
<hideElementsInCurrentOnly>false</hideElementsInCurrentOnly>
<bounds x="733" y="194" width="161" height="44"/>
</OView>
<OView class="oracle.dbtools.crest.swingui.logical.TVEntity" oid="9E08A152-D07A-D0AB-BE32-E4FEEB595A78" otype="Entity" vid="BB1CBA79-1EC0-FCB1-4263-272E589353AE">
<hideElementsInCurrentOnly>false</hideElementsInCurrentOnly>
<bounds x="717" y="350" width="170" height="111"/>
</OView>
<OView class="oracle.dbtools.crest.swingui.logical.TVEntity" oid="A2590ECE-D9CC-B6F3-6735-724B13C76B47" otype="Entity" vid="69DDB081-8D30-CEBB-DB4B-A2D9DAEC1043">
<hideElementsInCurrentOnly>false</hideElementsInCurrentOnly>
<bounds x="605" y="174" width="301" height="130"/>
</OView>
<OView class="oracle.dbtools.crest.swingui.logical.TVEntity" oid="A64608E4-0727-DE4C-1DA0-9EF6F64F7D10" otype="Entity" vid="6B75106A-1C1B-4BD2-81C3-B23055F80430">
<hideElementsInCurrentOnly>false</hideElementsInCurrentOnly>
<bounds x="733" y="248" width="127" height="44"/>
</OView>
<OView class="oracle.dbtools.crest.swingui.logical.TVEntity" oid="B3770B9A-36A9-E892-0FAA-40D79F219C4D" otype="Entity" vid="F85A76B8-0DF2-B888-2282-C6A139608DEE">
<hideElementsInCurrentOnly>false</hideElementsInCurrentOnly>
<bounds x="374" y="239" width="170" height="110"/>
</OView>
<OView class="oracle.dbtools.crest.swingui.logical.TVEntity" oid="CA02424C-79FB-B2D1-1BDA-461DAEACE663" otype="Entity" vid="3049A5F2-53F6-C225-9791-F003B8DEA1CB">
<hideElementsInCurrentOnly>false</hideElementsInCurrentOnly>
<bounds x="404" y="486" width="230" height="137"/>
</OView>
<OView class="oracle.dbtools.crest.swingui.logical.TVEntity" oid="CD04FCAD-FCE1-51D8-E273-9FEF32AC3AEC" otype="Entity" vid="405C3F4C-00D7-1122-B494-2943B0FEFCED">
<hideElementsInCurrentOnly>false</hideElementsInCurrentOnly>
<bounds x="413" y="663" width="159" height="78"/>
</OView>
<OView class="oracle.dbtools.crest.swingui.logical.TVEntity" oid="DAC03AC4-4F3E-A87F-C0B3-B8BA57665D47" otype="Entity" vid="A14F5B83-38EE-CCDD-8889-13F0F6245FEF">
<hideElementsInCurrentOnly>false</hideElementsInCurrentOnly>
<bounds x="960" y="137" width="170" height="111"/>
</OView>
<OView class="oracle.dbtools.crest.swingui.logical.TVEntity" oid="E416857D-F6C0-8200-CEDB-F84084BFB05D" otype="Entity" vid="991CC614-5DC6-88FA-848C-D2B6F1E1D981">
<hideElementsInCurrentOnly>false</hideElementsInCurrentOnly>
<bounds x="694" y="33" width="195" height="78"/>
</OView>
<OView class="oracle.dbtools.crest.swingui.logical.TVEntity" oid="E8F9BB17-41EA-B19B-A8A4-EA639EC6B401" otype="Entity" vid="3AA5B6B5-9411-31A1-A372-C830F0A43C4A">
<hideElementsInCurrentOnly>false</hideElementsInCurrentOnly>
<bounds x="1175" y="37" width="170" height="154"/>
</OView>
<OView class="oracle.dbtools.crest.swingui.logical.TVEntity" oid="EDA9C101-499F-0E53-2016-E3E34AD0A184" otype="Entity" vid="D44876D3-11DA-D266-89ED-E6FB0A2C73BD">
<hideElementsInCurrentOnly>false</hideElementsInCurrentOnly>
<bounds x="1175" y="465" width="170" height="111"/>
</OView>
<OView class="oracle.dbtools.crest.swingui.logical.TVEntity" oid="F17C4BF4-8AD4-C0E6-62B7-BF07F48AA513" otype="Entity" vid="B8B07566-78B1-B91D-787A-8A69452EA60F">
<hideElementsInCurrentOnly>false</hideElementsInCurrentOnly>
<bounds x="764" y="496" width="263" height="116"/>
</OView>
</objectViews>
<connectors>
<Connector class="oracle.dbtools.crest.swingui.logical.TVRelation" oid="11701B63-008A-6E4A-C125-72B24D006D4D" otype="Relation" vid_source="3AA5B6B5-9411-31A1-A372-C830F0A43C4A" vid_target="A14F5B83-38EE-CCDD-8889-13F0F6245FEF">
<hideElementsInCurrentOnly>false</hideElementsInCurrentOnly>
<backgroundColor>-16777216</backgroundColor>
<lineWidth>1</lineWidth>
<points>
<point x="1175" y="164"/>
<point x="1130" y="164"/>
</points>
</Connector>
<Connector class="oracle.dbtools.crest.swingui.logical.TVRelation" oid="17D51B20-D63A-C353-3ED7-C8DE074A66F9" otype="Relation" vid_source="F85A76B8-0DF2-B888-2282-C6A139608DEE" vid_target="EDCDECF2-156D-90AB-A1B1-8FD93AC83779">
<hideElementsInCurrentOnly>false</hideElementsInCurrentOnly>
<backgroundColor>-16777216</backgroundColor>
<lineWidth>1</lineWidth>
<points>
<point x="374" y="294"/>
<point x="254" y="294"/>
</points>
</Connector>
<Connector class="oracle.dbtools.crest.swingui.logical.TVRelation" oid="1B009B76-B37E-2CAF-DEFA-6D70CCC049D1" otype="Relation" vid_source="6B75106A-1C1B-4BD2-81C3-B23055F80430" vid_target="BB1CBA79-1EC0-FCB1-4263-272E589353AE">
<hideElementsInCurrentOnly>false</hideElementsInCurrentOnly>
<backgroundColor>-16777216</backgroundColor>
<lineWidth>1</lineWidth>
<points>
<point x="796" y="292"/>
<point x="796" y="350"/>
</points>
</Connector>
<Connector class="oracle.dbtools.crest.swingui.logical.TVRelation" oid="44DA83E5-C0B1-F5E2-D897-7A40ECAEC221" otype="Relation" vid_source="53C5C9C8-0871-18AF-7F25-2FCF545D0BD4" vid_target="BB1CBA79-1EC0-FCB1-4263-272E589353AE">
<hideElementsInCurrentOnly>false</hideElementsInCurrentOnly>
<backgroundColor>-16777216</backgroundColor>
<lineWidth>1</lineWidth>
<points>
<point x="197" y="450"/>
<point x="717" y="450"/>
</points>
</Connector>
<Connector class="oracle.dbtools.crest.swingui.logical.TVRelation" oid="4B35BCEA-A08E-1E9F-10FB-0A9A88777C6B" otype="Relation" vid_source="405C3F4C-00D7-1122-B494-2943B0FEFCED" vid_target="9410A9FB-41F3-F3BB-805C-1B483F7341E4">
<hideElementsInCurrentOnly>false</hideElementsInCurrentOnly>
<backgroundColor>-16777216</backgroundColor>
<lineWidth>1</lineWidth>
<points>
<point x="413" y="702"/>
<point x="221" y="702"/>
</points>
</Connector>
<Connector class="oracle.dbtools.crest.swingui.logical.TVRelation" oid="5315C99E-7FFC-7809-5371-A18895D5BBCE" otype="Relation" vid_source="53C5C9C8-0871-18AF-7F25-2FCF545D0BD4" vid_target="3049A5F2-53F6-C225-9791-F003B8DEA1CB">
<hideElementsInCurrentOnly>false</hideElementsInCurrentOnly>
<backgroundColor>-16777216</backgroundColor>
<lineWidth>1</lineWidth>
<points>
<point x="197" y="528"/>
<point x="404" y="528"/>
</points>
</Connector>
<Connector class="oracle.dbtools.crest.swingui.logical.TVRelation" oid="560A4C6F-C464-58BA-F5D2-D14E4D871660" otype="Relation" vid_source="D44876D3-11DA-D266-89ED-E6FB0A2C73BD" vid_target="B8B07566-78B1-B91D-787A-8A69452EA60F">
<hideElementsInCurrentOnly>false</hideElementsInCurrentOnly>
<backgroundColor>-16777216</backgroundColor>
<lineWidth>1</lineWidth>
<points>
<point x="1175" y="536"/>
<point x="1027" y="536"/>
</points>
</Connector>
<Connector class="oracle.dbtools.crest.swingui.logical.TVRelation" oid="5FC4583A-A1F8-3D8C-7C48-D7CAAB7152F5" otype="Relation" vid_source="D44876D3-11DA-D266-89ED-E6FB0A2C73BD" vid_target="FAB637E2-6739-264A-08EF-91364FF82D3F">
<hideElementsInCurrentOnly>false</hideElementsInCurrentOnly>
<backgroundColor>-16777216</backgroundColor>
<lineWidth>1</lineWidth>
<points>
<point x="1258" y="465"/>
<point x="1258" y="419"/>
</points>
</Connector>
<Connector class="oracle.dbtools.crest.swingui.logical.TVRelation" oid="5FDCAF58-6798-5B3C-12B0-64AB86A8AD09" otype="Relation" vid_source="B8B07566-78B1-B91D-787A-8A69452EA60F" vid_target="3049A5F2-53F6-C225-9791-F003B8DEA1CB">
<hideElementsInCurrentOnly>false</hideElementsInCurrentOnly>
<backgroundColor>-16777216</backgroundColor>
<lineWidth>1</lineWidth>
<points>
<point x="764" y="554"/>
<point x="634" y="554"/>
</points>
</Connector>
<Connector class="oracle.dbtools.crest.swingui.logical.TVRelation" oid="71E8F7A8-33B4-1342-8A29-80426836AD27" otype="Relation" vid_source="0C1C37FB-29C6-52DA-4ACB-1DFA3C831D95" vid_target="A14F5B83-38EE-CCDD-8889-13F0F6245FEF">
<hideElementsInCurrentOnly>false</hideElementsInCurrentOnly>
<backgroundColor>-16777216</backgroundColor>
<lineWidth>1</lineWidth>
<points>
<point x="894" y="231"/>
<point x="960" y="231"/>
</points>
</Connector>
<Connector class="oracle.dbtools.crest.swingui.logical.TVInheritanceRelation" oid="85350AE1-B72D-0249-28B2-45ACFDD0D028" otype="Hierarchy relation" vid_source="69DDB081-8D30-CEBB-DB4B-A2D9DAEC1043" vid_target="6B75106A-1C1B-4BD2-81C3-B23055F80430">
<hideElementsInCurrentOnly>false</hideElementsInCurrentOnly>
<backgroundColor>-65536</backgroundColor>
<lineWidth>1</lineWidth>
</Connector>
<Connector class="oracle.dbtools.crest.swingui.logical.TVInheritanceRelation" oid="89F31AD6-4B5E-9EBC-A1F6-6CC2949F1105" otype="Hierarchy relation" vid_source="69DDB081-8D30-CEBB-DB4B-A2D9DAEC1043" vid_target="0C1C37FB-29C6-52DA-4ACB-1DFA3C831D95">
<hideElementsInCurrentOnly>false</hideElementsInCurrentOnly>
<backgroundColor>-65536</backgroundColor>
<lineWidth>1</lineWidth>
</Connector>
<Connector class="oracle.dbtools.crest.swingui.logical.TVRelation" oid="B1B3EBB8-FDD8-D53A-36C0-880BEFF6DDA5" otype="Relation" vid_source="0C1C37FB-29C6-52DA-4ACB-1DFA3C831D95" vid_target="991CC614-5DC6-88FA-848C-D2B6F1E1D981">
<hideElementsInCurrentOnly>false</hideElementsInCurrentOnly>
<backgroundColor>-16777216</backgroundColor>
<lineWidth>1</lineWidth>
<points>
<point x="812" y="194"/>
<point x="812" y="111"/>
</points>
</Connector>
<Connector class="oracle.dbtools.crest.swingui.logical.TVRelation" oid="B40A13E8-C1D1-78F9-5C24-534690513521" otype="Relation" vid_source="3049A5F2-53F6-C225-9791-F003B8DEA1CB" vid_target="405C3F4C-00D7-1122-B494-2943B0FEFCED">
<hideElementsInCurrentOnly>false</hideElementsInCurrentOnly>
<backgroundColor>-16777216</backgroundColor>
<lineWidth>1</lineWidth>
<points>
<point x="492" y="623"/>
<point x="492" y="663"/>
</points>
</Connector>
<Connector class="oracle.dbtools.crest.swingui.logical.TVRelation" oid="D6D15164-0B93-B81A-CFA7-553078B5673C" otype="Relation" vid_source="3AA5B6B5-9411-31A1-A372-C830F0A43C4A" vid_target="FAB637E2-6739-264A-08EF-91364FF82D3F">
<hideElementsInCurrentOnly>false</hideElementsInCurrentOnly>
<backgroundColor>-16777216</backgroundColor>
<lineWidth>1</lineWidth>
<points>
<point x="1258" y="191"/>
<point x="1258" y="308"/>
</points>
</Connector>
<Connector class="oracle.dbtools.crest.swingui.logical.TVRelation" oid="D9576C6F-64A6-5543-ECE7-44B78E824C1F" otype="Relation" vid_source="7B983880-DBFA-120D-22A9-BF749C72F47F" vid_target="991CC614-5DC6-88FA-848C-D2B6F1E1D981">
<hideElementsInCurrentOnly>false</hideElementsInCurrentOnly>
<backgroundColor>-16777216</backgroundColor>
<lineWidth>1</lineWidth>
<points>
<point x="546" y="72"/>
<point x="694" y="72"/>
</points>
</Connector>
<Connector class="oracle.dbtools.crest.swingui.logical.TVRelation" oid="DCEA175A-B3BD-BD12-AD2D-22C303F9365B" otype="Relation" vid_source="53C5C9C8-0871-18AF-7F25-2FCF545D0BD4" vid_target="EDCDECF2-156D-90AB-A1B1-8FD93AC83779">
<hideElementsInCurrentOnly>false</hideElementsInCurrentOnly>
<backgroundColor>-16777216</backgroundColor>
<lineWidth>1</lineWidth>
<points>
<point x="157" y="439"/>
<point x="157" y="349"/>
</points>
</Connector>
<Connector class="oracle.dbtools.crest.swingui.logical.TVInheritanceRelation" oid="EC0FB79D-CF37-61BF-AC7A-7BCFAE16B6B4" otype="Hierarchy relation" vid_source="7B983880-DBFA-120D-22A9-BF749C72F47F" vid_target="AD0F7896-42C9-F1BF-400E-E7033FCD76C6">
<hideElementsInCurrentOnly>false</hideElementsInCurrentOnly>
<backgroundColor>-65536</backgroundColor>
<lineWidth>1</lineWidth>
</Connector>
<Connector class="oracle.dbtools.crest.swingui.logical.TVInheritanceRelation" oid="F49DA05B-900B-529C-3A5C-A64F4AE9952E" otype="Hierarchy relation" vid_source="7B983880-DBFA-120D-22A9-BF749C72F47F" vid_target="5C8F7A33-AE23-1AD9-9349-604C17284D9E">
<hideElementsInCurrentOnly>false</hideElementsInCurrentOnly>
<backgroundColor>-65536</backgroundColor>
<lineWidth>1</lineWidth>
</Connector>
</connectors>
</Diagram>