<?xml version = '1.0' encoding = 'UTF-8'?>
<Table class="oracle.dbtools.crest.model.design.relational.Table" directorySegmentName="seg_0" id="2A0DDAF8-DF57-BAF3-2B07-0F26AC1F26D3" name="SEMI_SPON">
<createdBy>邓新宇</createdBy>
<createdTime>2022-11-06 20:32:30 UTC</createdTime>
<generatorID>E416857D-F6C0-8200-CEDB-F84084BFB05D</generatorID>
<ownerDesignName>project</ownerDesignName>
<allowColumnReorder>false</allowColumnReorder>
<existDependencyGenerateInDDl>true</existDependencyGenerateInDDl>
<parsed>true</parsed>
<columns itemClass="oracle.dbtools.crest.model.design.relational.Column">
<Column name="SEMI_EVENT_ID" id="FC3F4294-D30A-E44B-63BA-F4AB9A615416">
<createdBy>邓新宇</createdBy>
<createdTime>2022-11-06 20:32:30 UTC</createdTime>
<generatorID>2D105485-2EA9-2086-33BA-7949782D11E9</generatorID>
<ownerDesignName>project</ownerDesignName>
<useDomainConstraints>false</useDomainConstraints>
<use>1</use>
<logicalDatatype>LOGDT019</logicalDatatype>
<dataTypePrecision>10</dataTypePrecision>
<ownDataTypeParameters>,,</ownDataTypeParameters>
<previousColumn>false</previousColumn>
<autoIncrementCycle>false</autoIncrementCycle>
<associations>
<colAssociation fkAssociation="592E6700-6C5D-6FFF-BAF4-4904E1FE7818" referredColumn="4539FD34-0080-0C4A-1C1D-77EA6A189E0A"/>
</associations>
</Column>
<Column name="SPONSOR_SPON_ID" id="3173A098-477B-0D47-B358-284E16F6D4E6">
<createdBy>邓新宇</createdBy>
<createdTime>2022-11-06 20:32:30 UTC</createdTime>
<generatorID>606352BB-A0B3-FD14-C143-14B22F8FF811</generatorID>
<ownerDesignName>project</ownerDesignName>
<useDomainConstraints>false</useDomainConstraints>
<use>1</use>
<logicalDatatype>LOGDT019</logicalDatatype>
<dataTypePrecision>10</dataTypePrecision>
<ownDataTypeParameters>,,</ownDataTypeParameters>
<previousColumn>false</previousColumn>
<autoIncrementCycle>false</autoIncrementCycle>
<associations>
<colAssociation fkAssociation="D6064D39-200F-31DA-7705-2E625A2113F0" referredColumn="60132046-EBFC-613D-B1D6-FA7CCFC2ED80"/>
</associations>
</Column>
<Column name="SPON_AMOU" id="0E8F9B30-B457-E210-B19F-7556E33D082C">
<createdBy>邓新宇</createdBy>
<createdTime>2022-11-06 20:32:30 UTC</createdTime>
<generatorID>AE06C02F-92E5-8855-06F6-1DBD1EFF98C0</generatorID>
<ownerDesignName>project</ownerDesignName>
<useDomainConstraints>false</useDomainConstraints>
<use>1</use>
<logicalDatatype>LOGDT019</logicalDatatype>
<dataTypePrecision>20</dataTypePrecision>
<ownDataTypeParameters>,20,</ownDataTypeParameters>
<autoIncrementCycle>false</autoIncrementCycle>
</Column>
</columns>
<indexes itemClass="oracle.dbtools.crest.model.design.relational.Index">
<ind_PK_UK id="EB527315-5BA0-CBB6-6FBC-2C97885AA6EE" name="SEMI_SPON_SEMI_FK">
<createdBy>邓新宇</createdBy>
<createdTime>2022-11-06 20:32:30 UTC</createdTime>
<generatorID>B1B3EBB8-FDD8-D53A-36C0-880BEFF6DDA5</generatorID>
<ownerDesignName>project</ownerDesignName>
<indexState>Foreign Key</indexState>
<isSurrogateKey>false</isSurrogateKey>
<indexColumnUsage>
<colUsage columnID="FC3F4294-D30A-E44B-63BA-F4AB9A615416"/>
</indexColumnUsage>
</ind_PK_UK>
<ind_PK_UK id="2CED5861-5DD2-6468-67E2-823032ACBF66" name="SEMI_SPON_SPONSOR_FK">
<createdBy>邓新宇</createdBy>
<createdTime>2022-11-06 20:32:30 UTC</createdTime>
<generatorID>D9576C6F-64A6-5543-ECE7-44B78E824C1F</generatorID>
<ownerDesignName>project</ownerDesignName>
<indexState>Foreign Key</indexState>
<isSurrogateKey>false</isSurrogateKey>
<indexColumnUsage>
<colUsage columnID="3173A098-477B-0D47-B358-284E16F6D4E6"/>
</indexColumnUsage>
</ind_PK_UK>
</indexes>
</Table>