<?xml version = '1.0' encoding = 'UTF-8'?>
<Table class="oracle.dbtools.crest.model.design.relational.Table" directorySegmentName="seg_0" id="2CFF772C-61BD-75EE-2B43-2931CBF20A81" name="CUS_EXHI">
<createdBy>邓新宇</createdBy>
<createdTime>2022-11-06 20:32:30 UTC</createdTime>
<generatorID>9E08A152-D07A-D0AB-BE32-E4FEEB595A78</generatorID>
<ownerDesignName>project</ownerDesignName>
<allowColumnReorder>false</allowColumnReorder>
<existDependencyGenerateInDDl>true</existDependencyGenerateInDDl>
<parsed>true</parsed>
<columns itemClass="oracle.dbtools.crest.model.design.relational.Column">
<Column name="CUSTOMER_CUS_ID" id="439486C9-7110-4057-9FEC-8ED0FE242445">
<createdBy>邓新宇</createdBy>
<createdTime>2022-11-06 20:32:30 UTC</createdTime>
<generatorID>A4491D94-6E6F-E822-03EE-F0639DA357E6</generatorID>
<ownerDesignName>project</ownerDesignName>
<nullsAllowed>true</nullsAllowed>
<useDomainConstraints>false</useDomainConstraints>
<use>1</use>
<logicalDatatype>LOGDT019</logicalDatatype>
<dataTypePrecision>10</dataTypePrecision>
<ownDataTypeParameters>,,</ownDataTypeParameters>
<previousColumn>false</previousColumn>
<autoIncrementCycle>false</autoIncrementCycle>
<associations>
<colAssociation fkAssociation="19F9554F-9CFA-A3C2-6BEC-C6B80C539F56" referredColumn="FEC5E463-8286-EED3-F800-AC56D4E7615D"/>
</associations>
</Column>
<Column name="EXHI_EVENT_ID" id="317C19E7-9EC8-783D-A50B-9AF3DEF02203">
<createdBy>邓新宇</createdBy>
<createdTime>2022-11-06 20:32:30 UTC</createdTime>
<generatorID>DFBB732F-B2F6-568E-143C-98240D03F067</generatorID>
<ownerDesignName>project</ownerDesignName>
<useDomainConstraints>false</useDomainConstraints>
<use>1</use>
<logicalDatatype>LOGDT019</logicalDatatype>
<dataTypePrecision>10</dataTypePrecision>
<ownDataTypeParameters>,,</ownDataTypeParameters>
<previousColumn>false</previousColumn>
<autoIncrementCycle>false</autoIncrementCycle>
<associations>
<colAssociation fkAssociation="AB970F49-8D25-FAE5-C3D0-CA7EF7223C1A" referredColumn="38F34192-96D9-FDE5-D4BD-F1F02EB84533"/>
</associations>
</Column>
<Column name="REGISTRATION_ID" id="D495C7F7-5C58-2FB2-75BE-D5D8456F9E54">
<createdBy>邓新宇</createdBy>
<createdTime>2022-11-06 20:32:30 UTC</createdTime>
<generatorID>E6F55F05-2CC8-FF60-66BB-562259742CA8</generatorID>
<ownerDesignName>project</ownerDesignName>
<useDomainConstraints>false</useDomainConstraints>
<use>1</use>
<logicalDatatype>LOGDT019</logicalDatatype>
<dataTypePrecision>20</dataTypePrecision>
<ownDataTypeParameters>,20,</ownDataTypeParameters>
<autoIncrementCycle>false</autoIncrementCycle>
</Column>
</columns>
<indexes itemClass="oracle.dbtools.crest.model.design.relational.Index">
<ind_PK_UK id="69BE4F05-EDFF-4F31-04F6-959764CA45A0" name="CUS_EXHI_PK">
<createdBy>邓新宇</createdBy>
<createdTime>2022-11-06 20:32:30 UTC</createdTime>
<generatorID>014CEAA0-E731-4189-6FAB-EA6F3BCC9BCF</generatorID>
<ownerDesignName>project</ownerDesignName>
<pk>true</pk>
<indexState>Primary Constraint</indexState>
<isSurrogateKey>false</isSurrogateKey>
<indexColumnUsage>
<colUsage columnID="D495C7F7-5C58-2FB2-75BE-D5D8456F9E54"/>
</indexColumnUsage>
</ind_PK_UK>
<ind_PK_UK id="D2F40B86-8D0D-D6BF-7ABD-5E83CE6B92FC" name="CUS_EXHI_CUSTOMER_FK">
<createdBy>邓新宇</createdBy>
<createdTime>2022-11-06 20:32:30 UTC</createdTime>
<generatorID>44DA83E5-C0B1-F5E2-D897-7A40ECAEC221</generatorID>
<ownerDesignName>project</ownerDesignName>
<indexState>Foreign Key</indexState>
<isSurrogateKey>false</isSurrogateKey>
<indexColumnUsage>
<colUsage columnID="439486C9-7110-4057-9FEC-8ED0FE242445"/>
</indexColumnUsage>
</ind_PK_UK>
<ind_PK_UK id="5EEC372E-70D9-F511-71DA-5189D8DA0216" name="CUS_EXHI_EXHI_FK">
<createdBy>邓新宇</createdBy>
<createdTime>2022-11-06 20:32:30 UTC</createdTime>
<generatorID>1B009B76-B37E-2CAF-DEFA-6D70CCC049D1</generatorID>
<ownerDesignName>project</ownerDesignName>
<indexState>Foreign Key</indexState>
<isSurrogateKey>false</isSurrogateKey>
<indexColumnUsage>
<colUsage columnID="317C19E7-9EC8-783D-A50B-9AF3DEF02203"/>
</indexColumnUsage>
</ind_PK_UK>
</indexes>
</Table>