<?xml version = '1.0' encoding = 'UTF-8'?>
<Table class="oracle.dbtools.crest.model.design.relational.Table" directorySegmentName="seg_0" id="885E2996-3542-DC3A-6C7B-9DDDE2F4E079" name="AUTHOR_BOOK">
<createdBy>邓新宇</createdBy>
<createdTime>2022-11-06 20:32:30 UTC</createdTime>
<generatorID>3423866D-0FE0-DEF4-E1A5-99149F9175C7</generatorID>
<ownerDesignName>project</ownerDesignName>
<allowColumnReorder>false</allowColumnReorder>
<existDependencyGenerateInDDl>true</existDependencyGenerateInDDl>
<parsed>true</parsed>
<columns itemClass="oracle.dbtools.crest.model.design.relational.Column">
<Column name="AUTHOR_AUR_ID" id="EE08FCCE-7289-D0E0-B9CC-0C5E82D940FE">
<createdBy>邓新宇</createdBy>
<createdTime>2022-11-06 20:32:30 UTC</createdTime>
<generatorID>66B83C5E-08DA-BED0-FA59-EC379CC4D86B</generatorID>
<ownerDesignName>project</ownerDesignName>
<useDomainConstraints>false</useDomainConstraints>
<use>1</use>
<logicalDatatype>LOGDT019</logicalDatatype>
<dataTypePrecision>10</dataTypePrecision>
<ownDataTypeParameters>,,</ownDataTypeParameters>
<previousColumn>false</previousColumn>
<autoIncrementCycle>false</autoIncrementCycle>
<associations>
<colAssociation fkAssociation="09A11A96-3F9E-1714-BCBD-849B41192FDC" referredColumn="478D7703-0614-0D38-4E6E-8E6A1346E7F0"/>
</associations>
</Column>
<Column name="BOOK_BOOK_ID" id="4BC1BF3B-405F-0BA2-7A34-D00E61F23461">
<createdBy>邓新宇</createdBy>
<createdTime>2022-11-06 20:32:30 UTC</createdTime>
<generatorID>DD19F064-F6E3-F112-3C51-097B68FCE8FC</generatorID>
<ownerDesignName>project</ownerDesignName>
<useDomainConstraints>false</useDomainConstraints>
<use>1</use>
<logicalDatatype>LOGDT019</logicalDatatype>
<dataTypePrecision>20</dataTypePrecision>
<ownDataTypeParameters>,,</ownDataTypeParameters>
<previousColumn>false</previousColumn>
<autoIncrementCycle>false</autoIncrementCycle>
<associations>
<colAssociation fkAssociation="CE957B23-BABB-5630-9C99-63CE566C529B" referredColumn="FE3E36C6-4685-021B-024F-2A0B0031E147"/>
</associations>
</Column>
</columns>
<indexes itemClass="oracle.dbtools.crest.model.design.relational.Index">
<ind_PK_UK id="1960F60C-5692-9309-A236-3FDFD8EFF9E2" name="AUTHOR_BOOK_AUTHOR_FK">
<createdBy>邓新宇</createdBy>
<createdTime>2022-11-06 20:32:30 UTC</createdTime>
<generatorID>D6D15164-0B93-B81A-CFA7-553078B5673C</generatorID>
<ownerDesignName>project</ownerDesignName>
<indexState>Foreign Key</indexState>
<isSurrogateKey>false</isSurrogateKey>
<indexColumnUsage>
<colUsage columnID="EE08FCCE-7289-D0E0-B9CC-0C5E82D940FE"/>
</indexColumnUsage>
</ind_PK_UK>
<ind_PK_UK id="3171DB59-1F1B-A953-4450-2C5F171170A1" name="AUTHOR_BOOK_BOOK_FK">
<createdBy>邓新宇</createdBy>
<createdTime>2022-11-06 20:32:30 UTC</createdTime>
<generatorID>5FC4583A-A1F8-3D8C-7C48-D7CAAB7152F5</generatorID>
<ownerDesignName>project</ownerDesignName>
<indexState>Foreign Key</indexState>
<isSurrogateKey>false</isSurrogateKey>
<indexColumnUsage>
<colUsage columnID="4BC1BF3B-405F-0BA2-7A34-D00E61F23461"/>
</indexColumnUsage>
</ind_PK_UK>
</indexes>
</Table>