<?xml version = '1.0' encoding = 'UTF-8'?>
<Table class="oracle.dbtools.crest.model.design.relational.Table" directorySegmentName="seg_0" id="9F272C3B-7740-208C-D48E-79713D92A445" name="EXHI">
<createdBy>邓新宇</createdBy>
<createdTime>2022-11-06 20:32:30 UTC</createdTime>
<generatorID>A64608E4-0727-DE4C-1DA0-9EF6F64F7D10</generatorID>
<ownerDesignName>project</ownerDesignName>
<allowColumnReorder>false</allowColumnReorder>
<existDependencyGenerateInDDl>true</existDependencyGenerateInDDl>
<parsed>true</parsed>
<columns itemClass="oracle.dbtools.crest.model.design.relational.Column">
<Column name="EVENT_ID" id="38F34192-96D9-FDE5-D4BD-F1F02EB84533">
<createdBy>邓新宇</createdBy>
<createdTime>2022-11-06 20:32:30 UTC</createdTime>
<generatorID>2C6051AB-B733-9AF8-7CEF-F9064F0A5CB5</generatorID>
<ownerDesignName>project</ownerDesignName>
<useDomainConstraints>false</useDomainConstraints>
<use>1</use>
<logicalDatatype>LOGDT019</logicalDatatype>
<dataTypePrecision>10</dataTypePrecision>
<ownDataTypeParameters>,,</ownDataTypeParameters>
<autoIncrementCycle>false</autoIncrementCycle>
<associations>
<colAssociation fkAssociation="846E7B2C-673F-2E36-6A95-A084EF1511C2" referredColumn="148DD0F7-0F48-606E-219B-07842EA058F1"/>
</associations>
</Column>
<Column name="EXP" id="2AEA6C2E-8162-D14D-AB76-4F768A1FCC84">
<createdBy>邓新宇</createdBy>
<createdTime>2022-11-06 20:32:30 UTC</createdTime>
<generatorID>5E260678-D456-6DD6-A3A5-308A93F8BFC3</generatorID>
<ownerDesignName>project</ownerDesignName>
<useDomainConstraints>false</useDomainConstraints>
<use>1</use>
<logicalDatatype>LOGDT019</logicalDatatype>
<dataTypePrecision>20</dataTypePrecision>
<ownDataTypeParameters>,20,</ownDataTypeParameters>
<autoIncrementCycle>false</autoIncrementCycle>
</Column>
</columns>
<indexes itemClass="oracle.dbtools.crest.model.design.relational.Index">
<ind_PK_UK id="5A6100EC-318E-C3C1-58C8-6090D2EBA9E5" name="EXHI_PK">
<createdBy>邓新宇</createdBy>
<createdTime>2022-11-06 20:32:30 UTC</createdTime>
<generatorID>A57C3286-5E11-9B1C-763C-8BBB7ADE0282</generatorID>
<ownerDesignName>project</ownerDesignName>
<pk>true</pk>
<indexState>Primary Constraint</indexState>
<isSurrogateKey>false</isSurrogateKey>
<indexColumnUsage>
<colUsage columnID="38F34192-96D9-FDE5-D4BD-F1F02EB84533"/>
</indexColumnUsage>
</ind_PK_UK>
<ind_PK_UK id="371C3A22-C437-E251-AE2D-45E2E9FE2F12" name="EXHI_EVENT_FK">
<createdBy>邓新宇</createdBy>
<createdTime>2022-11-06 20:32:30 UTC</createdTime>
<generatorID>85350AE1-B72D-0249-28B2-45ACFDD0D028</generatorID>
<ownerDesignName>project</ownerDesignName>
<indexState>Foreign Key</indexState>
<isSurrogateKey>false</isSurrogateKey>
<indexColumnUsage>
<colUsage columnID="38F34192-96D9-FDE5-D4BD-F1F02EB84533"/>
</indexColumnUsage>
</ind_PK_UK>
</indexes>
</Table>