<?xml version = '1.0' encoding = 'UTF-8'?>
<Table class="oracle.dbtools.crest.model.design.relational.Table" directorySegmentName="seg_0" id="D17BCFD3-D572-DD49-642C-80EAF89300B4" name="CUS_ROOM">
<createdBy>邓新宇</createdBy>
<createdTime>2022-11-06 20:32:30 UTC</createdTime>
<generatorID>5E65AC4A-1C05-72D4-610D-B52725EFE3DF</generatorID>
<ownerDesignName>project</ownerDesignName>
<allowColumnReorder>false</allowColumnReorder>
<existDependencyGenerateInDDl>true</existDependencyGenerateInDDl>
<parsed>true</parsed>
<columns itemClass="oracle.dbtools.crest.model.design.relational.Column">
<Column name="DATE" id="75FD9B15-54C2-A013-D233-D662547828D2">
<createdBy>邓新宇</createdBy>
<createdTime>2022-11-06 20:32:30 UTC</createdTime>
<generatorID>B03758A5-5A90-F5AE-30B1-F2540A4611A9</generatorID>
<ownerDesignName>project</ownerDesignName>
<useDomainConstraints>false</useDomainConstraints>
<use>1</use>
<logicalDatatype>LOGDT007</logicalDatatype>
<ownDataTypeParameters>,,</ownDataTypeParameters>
<autoIncrementCycle>false</autoIncrementCycle>
</Column>
<Column name="TIMESLOT" id="A95AE5FB-BBDA-DC03-87F4-09EF0AFDDEF6">
<createdBy>邓新宇</createdBy>
<createdTime>2022-11-06 20:32:30 UTC</createdTime>
<generatorID>6BEA722E-D6BE-600A-C99D-F85D8E358975</generatorID>
<ownerDesignName>project</ownerDesignName>
<useDomainConstraints>false</useDomainConstraints>
<use>1</use>
<logicalDatatype>LOGDT019</logicalDatatype>
<dataTypePrecision>1</dataTypePrecision>
<ownDataTypeParameters>,1,</ownDataTypeParameters>
<autoIncrementCycle>false</autoIncrementCycle>
</Column>
<Column name="ROOM_ROOM_ID" id="283AA193-67AE-520D-7F41-E8764F1E5AC7">
<createdBy>邓新宇</createdBy>
<createdTime>2022-11-06 20:32:30 UTC</createdTime>
<generatorID>3259F328-5DBA-B70E-D91C-7CD720C3AEE5</generatorID>
<ownerDesignName>project</ownerDesignName>
<nullsAllowed>true</nullsAllowed>
<useDomainConstraints>false</useDomainConstraints>
<use>1</use>
<logicalDatatype>LOGDT019</logicalDatatype>
<dataTypePrecision>10</dataTypePrecision>
<ownDataTypeParameters>,,</ownDataTypeParameters>
<previousColumn>false</previousColumn>
<autoIncrementCycle>false</autoIncrementCycle>
<associations>
<colAssociation fkAssociation="C23D90F4-F88C-5437-5011-BA17E91CC362" referredColumn="3A0FAFFC-C24B-67A8-E5C1-D414FF65C49B"/>
</associations>
</Column>
<Column name="CUSTOMER_CUS_ID" id="CFADD22D-CCFA-B7F7-0CA1-948DFF4E0C39">
<createdBy>邓新宇</createdBy>
<createdTime>2022-11-06 20:32:30 UTC</createdTime>
<generatorID>868CDA1B-3EA3-EADE-E72E-9992CA05122F</generatorID>
<ownerDesignName>project</ownerDesignName>
<nullsAllowed>true</nullsAllowed>
<useDomainConstraints>false</useDomainConstraints>
<use>1</use>
<logicalDatatype>LOGDT019</logicalDatatype>
<dataTypePrecision>10</dataTypePrecision>
<ownDataTypeParameters>,,</ownDataTypeParameters>
<previousColumn>false</previousColumn>
<autoIncrementCycle>false</autoIncrementCycle>
<associations>
<colAssociation fkAssociation="34346FF6-402A-6C96-20F2-A6553EFCA63B" referredColumn="FEC5E463-8286-EED3-F800-AC56D4E7615D"/>
</associations>
</Column>
</columns>
<indexes itemClass="oracle.dbtools.crest.model.design.relational.Index">
<ind_PK_UK id="7E78DAB2-BBC6-0D2D-BCC6-D41C36B87E12" name="CUS_ROOM_ROOM_FK">
<createdBy>邓新宇</createdBy>
<createdTime>2022-11-06 20:32:30 UTC</createdTime>
<generatorID>17D51B20-D63A-C353-3ED7-C8DE074A66F9</generatorID>
<ownerDesignName>project</ownerDesignName>
<indexState>Foreign Key</indexState>
<isSurrogateKey>false</isSurrogateKey>
<indexColumnUsage>
<colUsage columnID="283AA193-67AE-520D-7F41-E8764F1E5AC7"/>
</indexColumnUsage>
</ind_PK_UK>
<ind_PK_UK id="31F58F9D-A601-3063-7D64-F435E7643264" name="CUS_ROOM_CUSTOMER_FK">
<createdBy>邓新宇</createdBy>
<createdTime>2022-11-06 20:32:30 UTC</createdTime>
<generatorID>DCEA175A-B3BD-BD12-AD2D-22C303F9365B</generatorID>
<ownerDesignName>project</ownerDesignName>
<indexState>Foreign Key</indexState>
<isSurrogateKey>false</isSurrogateKey>
<indexColumnUsage>
<colUsage columnID="CFADD22D-CCFA-B7F7-0CA1-948DFF4E0C39"/>
</indexColumnUsage>
</ind_PK_UK>
</indexes>
</Table>