<?xml version = '1.0' encoding = 'UTF-8'?>
<Table class="oracle.dbtools.crest.model.design.relational.Table" directorySegmentName="seg_0" id="DFFC706D-A107-E73D-8523-C4006B92E41F" name="CUS_RENTAL">
<createdBy>邓新宇</createdBy>
<createdTime>2022-11-06 20:32:30 UTC</createdTime>
<generatorID>CA02424C-79FB-B2D1-1BDA-461DAEACE663</generatorID>
<ownerDesignName>project</ownerDesignName>
<allowColumnReorder>false</allowColumnReorder>
<existDependencyGenerateInDDl>true</existDependencyGenerateInDDl>
<parsed>true</parsed>
<columns itemClass="oracle.dbtools.crest.model.design.relational.Column">
<Column name="CUSTOMER_CUS_ID" id="ECD899F6-9E0D-CC88-0D3E-20F29DCF2F3F">
<createdBy>邓新宇</createdBy>
<createdTime>2022-11-06 20:32:30 UTC</createdTime>
<generatorID>F62A7B9A-F2F2-E3C3-017F-F04BDD97593A</generatorID>
<ownerDesignName>project</ownerDesignName>
<nullsAllowed>true</nullsAllowed>
<useDomainConstraints>false</useDomainConstraints>
<use>1</use>
<logicalDatatype>LOGDT019</logicalDatatype>
<dataTypePrecision>10</dataTypePrecision>
<ownDataTypeParameters>,,</ownDataTypeParameters>
<previousColumn>false</previousColumn>
<autoIncrementCycle>false</autoIncrementCycle>
<associations>
<colAssociation fkAssociation="DAD9F31F-5E7E-D8C3-B530-D7637E82A4D1" referredColumn="FEC5E463-8286-EED3-F800-AC56D4E7615D"/>
</associations>
</Column>
<Column name="INVOICE_INVOICE_ID" id="25DE27F1-52C6-D93B-0362-023C371AC157">
<createdBy>邓新宇</createdBy>
<createdTime>2022-11-06 20:32:30 UTC</createdTime>
<generatorID>D556158B-2218-9915-1C6D-55B367454544</generatorID>
<ownerDesignName>project</ownerDesignName>
<useDomainConstraints>false</useDomainConstraints>
<use>1</use>
<logicalDatatype>LOGDT019</logicalDatatype>
<dataTypePrecision>10</dataTypePrecision>
<ownDataTypeParameters>,,</ownDataTypeParameters>
<previousColumn>false</previousColumn>
<autoIncrementCycle>false</autoIncrementCycle>
<associations>
<colAssociation fkAssociation="E9557CE8-2493-94A2-42C7-11EE16194FA2" referredColumn="FF00FF69-3401-B2A9-8881-7393592219EA"/>
</associations>
</Column>
<Column name="COPY_COPY_ID" id="090DF8E3-EB1C-CAB6-4189-D015B04A45CF">
<createdBy>邓新宇</createdBy>
<createdTime>2022-11-06 20:32:30 UTC</createdTime>
<generatorID>43F71C72-E48B-0646-DAF6-9C0733D0A619</generatorID>
<ownerDesignName>project</ownerDesignName>
<useDomainConstraints>false</useDomainConstraints>
<use>1</use>
<logicalDatatype>LOGDT019</logicalDatatype>
<dataTypePrecision>10</dataTypePrecision>
<ownDataTypeParameters>,,</ownDataTypeParameters>
<previousColumn>false</previousColumn>
<autoIncrementCycle>false</autoIncrementCycle>
<associations>
<colAssociation fkAssociation="EDE05C18-469D-6731-A358-374BA638DDF8" referredColumn="5C745DDD-13B4-69D6-8F37-8E5E78A8BD6A"/>
</associations>
</Column>
<Column name="REN_ID" id="E169C990-42AD-F3D9-088D-823D54A0B538">
<createdBy>邓新宇</createdBy>
<createdTime>2022-11-06 20:32:30 UTC</createdTime>
<generatorID>4331155C-C66B-88C1-6A3C-2ED3D639F572</generatorID>
<ownerDesignName>project</ownerDesignName>
<useDomainConstraints>false</useDomainConstraints>
<use>1</use>
<logicalDatatype>LOGDT019</logicalDatatype>
<dataTypePrecision>15</dataTypePrecision>
<ownDataTypeParameters>,15,</ownDataTypeParameters>
<autoIncrementCycle>false</autoIncrementCycle>
</Column>
<Column name="REN_STATUS" id="CECC7D3A-C42B-04EC-FF14-0B3E46FA9E97">
<createdBy>邓新宇</createdBy>
<createdTime>2022-11-06 20:32:30 UTC</createdTime>
<generatorID>00E80036-7DE6-2478-54EC-C4F7C046F642</generatorID>
<ownerDesignName>project</ownerDesignName>
<useDomainConstraints>false</useDomainConstraints>
<use>1</use>
<logicalDatatype>LOGDT035</logicalDatatype>
<dataTypeSize>1</dataTypeSize>
<ownDataTypeParameters>1,,</ownDataTypeParameters>
<autoIncrementCycle>false</autoIncrementCycle>
</Column>
<Column name="STAR_DATE" id="5A42FE88-694E-BDAB-7F5B-F036B652200A">
<createdBy>邓新宇</createdBy>
<createdTime>2022-11-06 20:32:30 UTC</createdTime>
<generatorID>8432A7BC-36D4-9E2A-79E5-3288B497D5F5</generatorID>
<ownerDesignName>project</ownerDesignName>
<useDomainConstraints>false</useDomainConstraints>
<use>1</use>
<logicalDatatype>LOGDT007</logicalDatatype>
<ownDataTypeParameters>,,</ownDataTypeParameters>
<autoIncrementCycle>false</autoIncrementCycle>
</Column>
<Column name="EXPE_DATE" id="98A5B16E-9AFA-6E92-7D01-AA5716276F0F">
<createdBy>邓新宇</createdBy>
<createdTime>2022-11-06 20:32:30 UTC</createdTime>
<generatorID>44A77891-2EA7-20F7-4935-C93167C02F50</generatorID>
<ownerDesignName>project</ownerDesignName>
<useDomainConstraints>false</useDomainConstraints>
<use>1</use>
<logicalDatatype>LOGDT007</logicalDatatype>
<ownDataTypeParameters>,,</ownDataTypeParameters>
<autoIncrementCycle>false</autoIncrementCycle>
</Column>
<Column name="RET_DATE" id="1B8CF22D-0D31-9D93-0184-3CDB719BD022">
<createdBy>邓新宇</createdBy>
<createdTime>2022-11-06 20:32:30 UTC</createdTime>
<generatorID>93B14F11-FB77-01C9-9868-DA36A85704CF</generatorID>
<ownerDesignName>project</ownerDesignName>
<nullsAllowed>true</nullsAllowed>
<useDomainConstraints>false</useDomainConstraints>
<use>1</use>
<logicalDatatype>LOGDT007</logicalDatatype>
<ownDataTypeParameters>,,</ownDataTypeParameters>
<autoIncrementCycle>false</autoIncrementCycle>
</Column>
</columns>
<indexes itemClass="oracle.dbtools.crest.model.design.relational.Index">
<ind_PK_UK id="0F54B32F-5622-1CD8-8509-F70CD7C18574" name="CUS_RENTAL_PK">
<createdBy>邓新宇</createdBy>
<createdTime>2022-11-06 20:32:30 UTC</createdTime>
<generatorID>D2BA0298-0A46-3B12-545D-93A2DC3887CD</generatorID>
<ownerDesignName>project</ownerDesignName>
<pk>true</pk>
<indexState>Primary Constraint</indexState>
<isSurrogateKey>false</isSurrogateKey>
<indexColumnUsage>
<colUsage columnID="E169C990-42AD-F3D9-088D-823D54A0B538"/>
</indexColumnUsage>
</ind_PK_UK>
<ind_PK_UK id="6F5E1A6C-FB56-A969-F8A0-E5D77F82B9AA" name="CUS_RENTAL__IDX">
<createdBy>邓新宇</createdBy>
<createdTime>2022-11-06 20:32:30 UTC</createdTime>
<ownerDesignName>project</ownerDesignName>
<indexState>Unique Plain Index</indexState>
<isSurrogateKey>false</isSurrogateKey>
<relationGeneratorID>B40A13E8-C1D1-78F9-5C24-534690513521</relationGeneratorID>
<indexColumnUsage>
<colUsage columnID="25DE27F1-52C6-D93B-0362-023C371AC157"/>
</indexColumnUsage>
</ind_PK_UK>
<ind_PK_UK id="DA37D12C-3FBB-2F25-5DB6-ABCCE11A4BFA" name="CUS_RENTAL_CUSTOMER_FK">
<createdBy>邓新宇</createdBy>
<createdTime>2022-11-06 20:32:30 UTC</createdTime>
<generatorID>5315C99E-7FFC-7809-5371-A18895D5BBCE</generatorID>
<ownerDesignName>project</ownerDesignName>
<indexState>Foreign Key</indexState>
<isSurrogateKey>false</isSurrogateKey>
<indexColumnUsage>
<colUsage columnID="ECD899F6-9E0D-CC88-0D3E-20F29DCF2F3F"/>
</indexColumnUsage>
</ind_PK_UK>
<ind_PK_UK id="78A70C1D-E555-F8D3-E2CF-74A9E20F3F61" name="CUS_RENTAL_INVOICE_FK">
<createdBy>邓新宇</createdBy>
<createdTime>2022-11-06 20:32:30 UTC</createdTime>
<generatorID>B40A13E8-C1D1-78F9-5C24-534690513521</generatorID>
<ownerDesignName>project</ownerDesignName>
<indexState>Foreign Key</indexState>
<isSurrogateKey>false</isSurrogateKey>
<indexColumnUsage>
<colUsage columnID="25DE27F1-52C6-D93B-0362-023C371AC157"/>
</indexColumnUsage>
</ind_PK_UK>
<ind_PK_UK id="FC198F32-2CB6-B03D-3F95-D73758F396EF" name="CUS_RENTAL_COPY_FK">
<createdBy>邓新宇</createdBy>
<createdTime>2022-11-06 20:32:30 UTC</createdTime>
<generatorID>5FDCAF58-6798-5B3C-12B0-64AB86A8AD09</generatorID>
<ownerDesignName>project</ownerDesignName>
<indexState>Foreign Key</indexState>
<isSurrogateKey>false</isSurrogateKey>
<indexColumnUsage>
<colUsage columnID="090DF8E3-EB1C-CAB6-4189-D015B04A45CF"/>
</indexColumnUsage>
</ind_PK_UK>
</indexes>
</Table>