<?xml version = '1.0' encoding = 'UTF-8'?>
<Table class="oracle.dbtools.crest.model.design.relational.Table" directorySegmentName="seg_0" id="F528DE24-5132-A3B1-119B-BCDFED38814F" name="SEMI_AUTHOR">
<createdBy>邓新宇</createdBy>
<createdTime>2022-11-06 20:32:30 UTC</createdTime>
<generatorID>DAC03AC4-4F3E-A87F-C0B3-B8BA57665D47</generatorID>
<ownerDesignName>project</ownerDesignName>
<allowColumnReorder>false</allowColumnReorder>
<existDependencyGenerateInDDl>true</existDependencyGenerateInDDl>
<parsed>true</parsed>
<columns itemClass="oracle.dbtools.crest.model.design.relational.Column">
<Column name="SEMI_EVENT_ID" id="BBBC413C-2C5E-434F-C5CE-415E1B076458">
<createdBy>邓新宇</createdBy>
<createdTime>2022-11-06 20:32:30 UTC</createdTime>
<generatorID>004B5FC4-9B65-02DF-E34E-BA91A7B17378</generatorID>
<ownerDesignName>project</ownerDesignName>
<useDomainConstraints>false</useDomainConstraints>
<use>1</use>
<logicalDatatype>LOGDT019</logicalDatatype>
<dataTypePrecision>10</dataTypePrecision>
<ownDataTypeParameters>,,</ownDataTypeParameters>
<previousColumn>false</previousColumn>
<autoIncrementCycle>false</autoIncrementCycle>
<associations>
<colAssociation fkAssociation="2734D586-BDD0-6924-BCCD-5650364F2B48" referredColumn="4539FD34-0080-0C4A-1C1D-77EA6A189E0A"/>
</associations>
</Column>
<Column name="INVITATION_ID" id="E9D90A23-69C3-5FC3-757E-40949174E6EB">
<createdBy>邓新宇</createdBy>
<createdTime>2022-11-06 20:32:30 UTC</createdTime>
<generatorID>708E8EAB-CCC4-9775-EA2A-63C8A8D4C876</generatorID>
<ownerDesignName>project</ownerDesignName>
<useDomainConstraints>false</useDomainConstraints>
<use>1</use>
<logicalDatatype>LOGDT019</logicalDatatype>
<dataTypePrecision>20</dataTypePrecision>
<ownDataTypeParameters>,20,</ownDataTypeParameters>
<autoIncrementCycle>false</autoIncrementCycle>
</Column>
<Column name="AUTHOR_AUR_ID" id="C47BD50C-ECF1-32BB-6230-8A2F8D4BCF5E">
<createdBy>邓新宇</createdBy>
<createdTime>2022-11-06 20:32:30 UTC</createdTime>
<generatorID>7D12C2F1-70DC-E916-BE73-F3270670C10E</generatorID>
<ownerDesignName>project</ownerDesignName>
<nullsAllowed>true</nullsAllowed>
<useDomainConstraints>false</useDomainConstraints>
<use>1</use>
<logicalDatatype>LOGDT019</logicalDatatype>
<dataTypePrecision>10</dataTypePrecision>
<ownDataTypeParameters>,,</ownDataTypeParameters>
<previousColumn>false</previousColumn>
<autoIncrementCycle>false</autoIncrementCycle>
<associations>
<colAssociation fkAssociation="687F5A42-B345-1F08-2C49-3A0AB44A9DBF" referredColumn="478D7703-0614-0D38-4E6E-8E6A1346E7F0"/>
</associations>
</Column>
</columns>
<indexes itemClass="oracle.dbtools.crest.model.design.relational.Index">
<ind_PK_UK id="05208D84-D903-C4B9-0E29-51229306F534" name="SEMI_AUTHOR_PK">
<createdBy>邓新宇</createdBy>
<createdTime>2022-11-06 20:32:30 UTC</createdTime>
<generatorID>B097AD1C-19F0-78ED-FEEC-2341232CCF37</generatorID>
<ownerDesignName>project</ownerDesignName>
<pk>true</pk>
<indexState>Primary Constraint</indexState>
<isSurrogateKey>false</isSurrogateKey>
<indexColumnUsage>
<colUsage columnID="E9D90A23-69C3-5FC3-757E-40949174E6EB"/>
</indexColumnUsage>
</ind_PK_UK>
<ind_PK_UK id="36A44C03-BA5E-0AD8-7A2D-A35134962D60" name="SEMI_AUTHOR_SEMI_FK">
<createdBy>邓新宇</createdBy>
<createdTime>2022-11-06 20:32:30 UTC</createdTime>
<generatorID>71E8F7A8-33B4-1342-8A29-80426836AD27</generatorID>
<ownerDesignName>project</ownerDesignName>
<indexState>Foreign Key</indexState>
<isSurrogateKey>false</isSurrogateKey>
<indexColumnUsage>
<colUsage columnID="BBBC413C-2C5E-434F-C5CE-415E1B076458"/>
</indexColumnUsage>
</ind_PK_UK>
<ind_PK_UK id="7F6DE4DB-4E83-093B-6E20-6B50FC8DFC72" name="SEMI_AUTHOR_AUTHOR_FK">
<createdBy>邓新宇</createdBy>
<createdTime>2022-11-06 20:32:30 UTC</createdTime>
<generatorID>11701B63-008A-6E4A-C125-72B24D006D4D</generatorID>
<ownerDesignName>project</ownerDesignName>
<indexState>Foreign Key</indexState>
<isSurrogateKey>false</isSurrogateKey>
<indexColumnUsage>
<colUsage columnID="C47BD50C-ECF1-32BB-6230-8A2F8D4BCF5E"/>
</indexColumnUsage>
</ind_PK_UK>
</indexes>
</Table>