<?xml version = '1.0' encoding = 'UTF-8'?>
<Table class="oracle.dbtools.crest.model.design.relational.Table" directorySegmentName="seg_0" id="F61AA46B-A529-0762-7871-0904006F7A8D" name="COPY">
<createdBy>邓新宇</createdBy>
<createdTime>2022-11-06 20:32:30 UTC</createdTime>
<generatorID>F17C4BF4-8AD4-C0E6-62B7-BF07F48AA513</generatorID>
<ownerDesignName>project</ownerDesignName>
<allowColumnReorder>false</allowColumnReorder>
<existDependencyGenerateInDDl>true</existDependencyGenerateInDDl>
<parsed>true</parsed>
<columns itemClass="oracle.dbtools.crest.model.design.relational.Column">
<Column name="COPY_ID" id="5C745DDD-13B4-69D6-8F37-8E5E78A8BD6A">
<createdBy>邓新宇</createdBy>
<createdTime>2022-11-06 20:32:30 UTC</createdTime>
<generatorID>0303023C-A20C-D804-CAFF-89A195934702</generatorID>
<ownerDesignName>project</ownerDesignName>
<useDomainConstraints>false</useDomainConstraints>
<use>1</use>
<logicalDatatype>LOGDT019</logicalDatatype>
<dataTypePrecision>10</dataTypePrecision>
<ownDataTypeParameters>,10,</ownDataTypeParameters>
<autoIncrementCycle>false</autoIncrementCycle>
</Column>
<Column name="STATUS" id="D272DF31-C1D3-B39D-F724-6F27EFEB8528">
<createdBy>邓新宇</createdBy>
<createdTime>2022-11-06 20:32:30 UTC</createdTime>
<generatorID>84692436-583F-B0A4-1A2D-75D918FB4840</generatorID>
<ownerDesignName>project</ownerDesignName>
<useDomainConstraints>false</useDomainConstraints>
<use>1</use>
<logicalDatatype>LOGDT024</logicalDatatype>
<dataTypeSize>10</dataTypeSize>
<ownDataTypeParameters>10,,</ownDataTypeParameters>
<autoIncrementCycle>false</autoIncrementCycle>
</Column>
<Column name="BOOK_BOOK_ID" id="142B5895-5E7A-BEFA-10E5-81D5175AA825">
<createdBy>邓新宇</createdBy>
<createdTime>2022-11-06 20:32:30 UTC</createdTime>
<generatorID>9E6B68C5-1191-659B-BFB9-91481C2DC197</generatorID>
<ownerDesignName>project</ownerDesignName>
<useDomainConstraints>false</useDomainConstraints>
<use>1</use>
<logicalDatatype>LOGDT019</logicalDatatype>
<dataTypePrecision>20</dataTypePrecision>
<ownDataTypeParameters>,,</ownDataTypeParameters>
<previousColumn>false</previousColumn>
<autoIncrementCycle>false</autoIncrementCycle>
<associations>
<colAssociation fkAssociation="79A34613-6788-FDBF-A7A1-7E6050AF1001" referredColumn="FE3E36C6-4685-021B-024F-2A0B0031E147"/>
</associations>
</Column>
</columns>
<indexes itemClass="oracle.dbtools.crest.model.design.relational.Index">
<ind_PK_UK id="2A7A2AFB-4380-AD0E-427E-EB6D6EAA7031" name="COPY_PK">
<createdBy>邓新宇</createdBy>
<createdTime>2022-11-06 20:32:30 UTC</createdTime>
<generatorID>BF2666D3-7D7B-11DF-5636-1D385AE78B39</generatorID>
<ownerDesignName>project</ownerDesignName>
<pk>true</pk>
<indexState>Primary Constraint</indexState>
<isSurrogateKey>false</isSurrogateKey>
<indexColumnUsage>
<colUsage columnID="5C745DDD-13B4-69D6-8F37-8E5E78A8BD6A"/>
</indexColumnUsage>
</ind_PK_UK>
<ind_PK_UK id="D3D1BF24-F10F-470E-F5DB-10B892BC8C5C" name="COPY_BOOK_FK">
<createdBy>邓新宇</createdBy>
<createdTime>2022-11-06 20:32:30 UTC</createdTime>
<generatorID>560A4C6F-C464-58BA-F5D2-D14E4D871660</generatorID>
<ownerDesignName>project</ownerDesignName>
<indexState>Foreign Key</indexState>
<isSurrogateKey>false</isSurrogateKey>
<indexColumnUsage>
<colUsage columnID="142B5895-5E7A-BEFA-10E5-81D5175AA825"/>
</indexColumnUsage>
</ind_PK_UK>
</indexes>
</Table>