<?xml version = '1.0' encoding = 'UTF-8'?>
<FKIndexAssociation class="oracle.dbtools.crest.model.design.relational.FKIndexAssociation" directorySegmentName="seg_0" id="04381B34-2A44-1546-8B82-7807ACAE17B9" containerWithKeyObject="055158E0-0261-1378-046A-49988407DA48" localFKIndex="B3CD1AF4-C8C9-C6B7-B279-92AFC682FBB1" name="CUS_RENT_RENT_FK">
<createdBy>邓新宇</createdBy>
<createdTime>2022-11-06 19:29:58 UTC</createdTime>
<generatorID>E614E994-21AF-D9FA-559D-E365650049D1</generatorID>
<ownerDesignName>project</ownerDesignName>
<referredTableLongName>RENT</referredTableLongName>
<deleteRule>CASCADE</deleteRule>
<referredTableID>8A9604FC-557F-0967-AAD7-B3CDD8888B9C</referredTableID>
<keyObject>7F73B690-CE66-1537-3FAF-1F60545AD969</keyObject>
<referredKeyID>7F73B690-CE66-1537-3FAF-1F60545AD969</referredKeyID>
<mandatory>true</mandatory>
<refColNames>COPY_ID</refColNames>
<transferable>true</transferable>
<rely>false</rely>
<columnDependencyConstraintGenerateInDDL>true</columnDependencyConstraintGenerateInDDL>
</FKIndexAssociation>