<?xml version = '1.0' encoding = 'UTF-8'?>
<FKIndexAssociation class="oracle.dbtools.crest.model.design.relational.FKIndexAssociation" directorySegmentName="seg_0" id="24B70C0E-2D45-34A4-DC32-306C3C1524E7" containerWithKeyObject="7C48630E-8ECF-262B-E043-7DA824767A30" localFKIndex="3DC24E60-2B90-1A26-DB09-7DCA729812C3" name="SEMI_EVENT_FK">
<createdBy>邓新宇</createdBy>
<createdTime>2022-11-06 19:29:58 UTC</createdTime>
<generatorID>89F31AD6-4B5E-9EBC-A1F6-6CC2949F1105</generatorID>
<ownerDesignName>project</ownerDesignName>
<referredTableLongName>EVENT</referredTableLongName>
<arc>303F8126-E4AE-CE05-4D7A-09A37A0D01B9</arc>
<deleteRule>NO ACTION</deleteRule>
<referredTableID>FF1083FA-D186-66A4-57DE-3DCC83248C3D</referredTableID>
<keyObject>A7F2CF0A-08D9-8178-2E99-FC30706D83F8</keyObject>
<referredKeyID>A7F2CF0A-08D9-8178-2E99-FC30706D83F8</referredKeyID>
<mandatory>true</mandatory>
<refColNames>EVENT_ID</refColNames>
<transferable>true</transferable>
<rely>false</rely>
<discriminatorValue>S</discriminatorValue>
<columnDependencyConstraintGenerateInDDL>true</columnDependencyConstraintGenerateInDDL>
</FKIndexAssociation>