<?xml version = '1.0' encoding = 'UTF-8'?>
<FKIndexAssociation class="oracle.dbtools.crest.model.design.relational.FKIndexAssociation" directorySegmentName="seg_0" id="460D53AD-233D-226D-01D3-468D76C60952" containerWithKeyObject="964A467A-E01D-2ACB-9ECD-DEB86D463C4F" localFKIndex="62BBFE4D-5623-490E-9D42-66E2A1E5315B" name="AUTHOR_BOOK_AUTHOR_FK">
<createdBy>邓新宇</createdBy>
<createdTime>2022-11-06 19:29:58 UTC</createdTime>
<generatorID>D6D15164-0B93-B81A-CFA7-553078B5673C</generatorID>
<ownerDesignName>project</ownerDesignName>
<referredTableLongName>AUTHOR</referredTableLongName>
<deleteRule>CASCADE</deleteRule>
<referredTableID>9D2EDA70-8B23-41B3-C864-BEB7D7DD73FE</referredTableID>
<keyObject>F3C04766-0201-338E-917B-8E7136F3F888</keyObject>
<referredKeyID>F3C04766-0201-338E-917B-8E7136F3F888</referredKeyID>
<mandatory>true</mandatory>
<refColNames>AUR_ID</refColNames>
<transferable>true</transferable>
<rely>false</rely>
<columnDependencyConstraintGenerateInDDL>true</columnDependencyConstraintGenerateInDDL>
</FKIndexAssociation>