<?xml version = '1.0' encoding = 'UTF-8'?>
<FKIndexAssociation class="oracle.dbtools.crest.model.design.relational.FKIndexAssociation" directorySegmentName="seg_0" id="4C224E8C-1694-38DB-DD72-95E8ACED3F9A" containerWithKeyObject="B422D335-5781-A308-9CC9-58BBD7D0051D" localFKIndex="31B7BDA5-97C0-3F0B-03B9-8695FC57C55F" name="CUS_EXHI_EXHI_FK">
<createdBy>邓新宇</createdBy>
<createdTime>2022-11-06 19:29:58 UTC</createdTime>
<generatorID>1B009B76-B37E-2CAF-DEFA-6D70CCC049D1</generatorID>
<ownerDesignName>project</ownerDesignName>
<referredTableLongName>EXHI</referredTableLongName>
<deleteRule>CASCADE</deleteRule>
<referredTableID>FEF967F8-0517-62B6-7125-93CC03C2A992</referredTableID>
<keyObject>CA3615FC-7EF7-C2A4-0CD8-26B7E29AA4AB</keyObject>
<referredKeyID>CA3615FC-7EF7-C2A4-0CD8-26B7E29AA4AB</referredKeyID>
<mandatory>true</mandatory>
<refColNames>EVENT_ID</refColNames>
<transferable>true</transferable>
<rely>false</rely>
<columnDependencyConstraintGenerateInDDL>true</columnDependencyConstraintGenerateInDDL>
</FKIndexAssociation>