<?xml version = '1.0' encoding = 'UTF-8'?>
<FKIndexAssociation class="oracle.dbtools.crest.model.design.relational.FKIndexAssociation" directorySegmentName="seg_0" id="4F08E61C-83B5-1935-F6EF-4BB738DDA802" containerWithKeyObject="C12445CD-EFE7-FDCC-34FF-757EDC5AB665" localFKIndex="EE5D5224-980F-FA40-A8DC-E16B2275F5E5" name="SEMI_AUTHOR_SEMI_FK">
<createdBy>邓新宇</createdBy>
<createdTime>2022-11-06 19:29:58 UTC</createdTime>
<generatorID>71E8F7A8-33B4-1342-8A29-80426836AD27</generatorID>
<ownerDesignName>project</ownerDesignName>
<referredTableLongName>SEMI</referredTableLongName>
<deleteRule>CASCADE</deleteRule>
<referredTableID>7C48630E-8ECF-262B-E043-7DA824767A30</referredTableID>
<keyObject>6446A16C-893C-3DA5-413E-9C6B1171D886</keyObject>
<referredKeyID>6446A16C-893C-3DA5-413E-9C6B1171D886</referredKeyID>
<mandatory>true</mandatory>
<refColNames>EVENT_ID</refColNames>
<transferable>true</transferable>
<rely>false</rely>
<columnDependencyConstraintGenerateInDDL>true</columnDependencyConstraintGenerateInDDL>
</FKIndexAssociation>