<?xml version = '1.0' encoding = 'UTF-8'?>
<FKIndexAssociation class="oracle.dbtools.crest.model.design.relational.FKIndexAssociation" directorySegmentName="seg_0" id="5B943BE7-294F-1E39-32DA-8AEE6636B63F" containerWithKeyObject="10856CBA-1ED0-3AD8-CDC2-A9A51AB7DD42" localFKIndex="295B777A-C4B8-8F8E-5E33-4148BAF8AD84" name="SEMI_SPON_SEMI_FK">
<createdBy>邓新宇</createdBy>
<createdTime>2022-11-06 19:29:58 UTC</createdTime>
<generatorID>B1B3EBB8-FDD8-D53A-36C0-880BEFF6DDA5</generatorID>
<ownerDesignName>project</ownerDesignName>
<referredTableLongName>SEMI</referredTableLongName>
<deleteRule>CASCADE</deleteRule>
<referredTableID>7C48630E-8ECF-262B-E043-7DA824767A30</referredTableID>
<keyObject>6446A16C-893C-3DA5-413E-9C6B1171D886</keyObject>
<referredKeyID>6446A16C-893C-3DA5-413E-9C6B1171D886</referredKeyID>
<mandatory>true</mandatory>
<refColNames>EVENT_ID</refColNames>
<transferable>true</transferable>
<rely>false</rely>
<columnDependencyConstraintGenerateInDDL>true</columnDependencyConstraintGenerateInDDL>
</FKIndexAssociation>