<?xml version = '1.0' encoding = 'UTF-8'?>
<FKIndexAssociation class="oracle.dbtools.crest.model.design.relational.FKIndexAssociation" directorySegmentName="seg_0" id="667FE80D-45F2-1BDF-495E-BBD83A82CB37" containerWithKeyObject="C12445CD-EFE7-FDCC-34FF-757EDC5AB665" localFKIndex="9E332275-D800-45D8-A0F1-C164E415188B" name="SEMI_AUTHOR_AUTHOR_FK">
<createdBy>邓新宇</createdBy>
<createdTime>2022-11-06 19:29:58 UTC</createdTime>
<generatorID>11701B63-008A-6E4A-C125-72B24D006D4D</generatorID>
<ownerDesignName>project</ownerDesignName>
<referredTableLongName>AUTHOR</referredTableLongName>
<deleteRule>CASCADE</deleteRule>
<referredTableID>9D2EDA70-8B23-41B3-C864-BEB7D7DD73FE</referredTableID>
<keyObject>F3C04766-0201-338E-917B-8E7136F3F888</keyObject>
<referredKeyID>F3C04766-0201-338E-917B-8E7136F3F888</referredKeyID>
<mandatory>false</mandatory>
<refColNames>AUR_ID</refColNames>
<transferable>true</transferable>
<rely>false</rely>
<columnDependencyConstraintGenerateInDDL>true</columnDependencyConstraintGenerateInDDL>
</FKIndexAssociation>