<?xml version = '1.0' encoding = 'UTF-8'?>
<FKIndexAssociation class="oracle.dbtools.crest.model.design.relational.FKIndexAssociation" directorySegmentName="seg_0" id="69693159-3753-FE20-DC32-F412FAB1C2D4" containerWithKeyObject="10856CBA-1ED0-3AD8-CDC2-A9A51AB7DD42" localFKIndex="E9DC2975-914C-7B5B-2968-2DD1CFAEBF37" name="SEMI_SPON_SPONSOR_FK">
<createdBy>邓新宇</createdBy>
<createdTime>2022-11-06 19:29:58 UTC</createdTime>
<generatorID>D9576C6F-64A6-5543-ECE7-44B78E824C1F</generatorID>
<ownerDesignName>project</ownerDesignName>
<referredTableLongName>SPONSOR</referredTableLongName>
<deleteRule>CASCADE</deleteRule>
<referredTableID>853E1A0A-24FB-1150-A2B1-63B80456BD53</referredTableID>
<keyObject>1BBC8844-2FD1-24A7-1092-FBB20628351F</keyObject>
<referredKeyID>1BBC8844-2FD1-24A7-1092-FBB20628351F</referredKeyID>
<mandatory>true</mandatory>
<refColNames>SPON_ID</refColNames>
<transferable>true</transferable>
<rely>false</rely>
<columnDependencyConstraintGenerateInDDL>true</columnDependencyConstraintGenerateInDDL>
</FKIndexAssociation>