<?xml version = '1.0' encoding = 'UTF-8'?>
<FKIndexAssociation class="oracle.dbtools.crest.model.design.relational.FKIndexAssociation" directorySegmentName="seg_0" id="70A65379-253B-AB96-5BF3-8EB0D68F3526" containerWithKeyObject="055158E0-0261-1378-046A-49988407DA48" localFKIndex="48EDED6A-D5DD-E25F-1BEC-F8DC1FEF8F51" name="CUS_RENTAL_CUSTOMER_FK">
<createdBy>邓新宇</createdBy>
<createdTime>2022-11-06 19:29:58 UTC</createdTime>
<generatorID>5315C99E-7FFC-7809-5371-A18895D5BBCE</generatorID>
<ownerDesignName>project</ownerDesignName>
<referredTableLongName>CUSTOMER</referredTableLongName>
<deleteRule>CASCADE</deleteRule>
<referredTableID>A59766D7-281C-67F9-01A0-DCEC2FA8557E</referredTableID>
<keyObject>17DF07E8-D2BC-D409-E73A-F8B3914B351E</keyObject>
<referredKeyID>17DF07E8-D2BC-D409-E73A-F8B3914B351E</referredKeyID>
<mandatory>false</mandatory>
<refColNames>CUS_ID</refColNames>
<transferable>true</transferable>
<rely>false</rely>
<columnDependencyConstraintGenerateInDDL>true</columnDependencyConstraintGenerateInDDL>
</FKIndexAssociation>