<?xml version = '1.0' encoding = 'UTF-8'?>
<FKIndexAssociation class="oracle.dbtools.crest.model.design.relational.FKIndexAssociation" directorySegmentName="seg_0" id="7278AE64-25C2-D559-E145-53A9D66AC675" containerWithKeyObject="627763AE-65EB-3385-4A8E-B07980BD2FFC" localFKIndex="1DA60D10-A231-F5A3-822C-DE0922774411" name="CUS_ROOM_CUSTOMER_FK">
<createdBy>邓新宇</createdBy>
<createdTime>2022-11-06 19:29:58 UTC</createdTime>
<generatorID>DCEA175A-B3BD-BD12-AD2D-22C303F9365B</generatorID>
<ownerDesignName>project</ownerDesignName>
<referredTableLongName>CUSTOMER</referredTableLongName>
<deleteRule>CASCADE</deleteRule>
<referredTableID>A59766D7-281C-67F9-01A0-DCEC2FA8557E</referredTableID>
<keyObject>17DF07E8-D2BC-D409-E73A-F8B3914B351E</keyObject>
<referredKeyID>17DF07E8-D2BC-D409-E73A-F8B3914B351E</referredKeyID>
<mandatory>false</mandatory>
<refColNames>CUS_ID</refColNames>
<transferable>true</transferable>
<rely>false</rely>
<columnDependencyConstraintGenerateInDDL>true</columnDependencyConstraintGenerateInDDL>
</FKIndexAssociation>