<?xml version = '1.0' encoding = 'UTF-8'?>
<FKIndexAssociation class="oracle.dbtools.crest.model.design.relational.FKIndexAssociation" directorySegmentName="seg_0" id="82FA6339-C7FF-95B2-1877-3FE4A580C703" containerWithKeyObject="24911559-DC31-8767-5F00-9D7692113EA4" localFKIndex="610C8C13-FC24-2816-AFA6-D74A5AE47300" name="INVOICE_CUSTOMER_FK">
<createdBy>邓新宇</createdBy>
<createdTime>2022-11-06 19:29:58 UTC</createdTime>
<generatorID>4EC26AFC-4303-914C-26A2-16FDA5D967BC</generatorID>
<ownerDesignName>project</ownerDesignName>
<referredTableLongName>CUSTOMER</referredTableLongName>
<deleteRule>CASCADE</deleteRule>
<referredTableID>A59766D7-281C-67F9-01A0-DCEC2FA8557E</referredTableID>
<keyObject>17DF07E8-D2BC-D409-E73A-F8B3914B351E</keyObject>
<referredKeyID>17DF07E8-D2BC-D409-E73A-F8B3914B351E</referredKeyID>
<mandatory>false</mandatory>
<refColNames>CUS_ID</refColNames>
<transferable>true</transferable>
<rely>false</rely>
<columnDependencyConstraintGenerateInDDL>true</columnDependencyConstraintGenerateInDDL>
</FKIndexAssociation>