<?xml version = '1.0' encoding = 'UTF-8'?>
<FKIndexAssociation class="oracle.dbtools.crest.model.design.relational.FKIndexAssociation" directorySegmentName="seg_0" id="869B1612-1514-9F3D-5F9F-9C49B0B9D972" containerWithKeyObject="9E311271-29DA-D731-494B-74531795A4E0" localFKIndex="4B5AEB28-7919-2C8B-2601-F97905C981CD" name="INDI_SPONSOR_FK">
<createdBy>邓新宇</createdBy>
<createdTime>2022-11-06 19:29:58 UTC</createdTime>
<generatorID>EC0FB79D-CF37-61BF-AC7A-7BCFAE16B6B4</generatorID>
<ownerDesignName>project</ownerDesignName>
<referredTableLongName>SPONSOR</referredTableLongName>
<arc>902806B5-027F-A40B-9448-365790B9F319</arc>
<deleteRule>NO ACTION</deleteRule>
<referredTableID>853E1A0A-24FB-1150-A2B1-63B80456BD53</referredTableID>
<keyObject>1BBC8844-2FD1-24A7-1092-FBB20628351F</keyObject>
<referredKeyID>1BBC8844-2FD1-24A7-1092-FBB20628351F</referredKeyID>
<mandatory>true</mandatory>
<refColNames>SPON_ID</refColNames>
<transferable>true</transferable>
<rely>false</rely>
<discriminatorValue>I</discriminatorValue>
<columnDependencyConstraintGenerateInDDL>true</columnDependencyConstraintGenerateInDDL>
</FKIndexAssociation>