<?xml version = '1.0' encoding = 'UTF-8'?>
<FKIndexAssociation class="oracle.dbtools.crest.model.design.relational.FKIndexAssociation" directorySegmentName="seg_0" id="8C8D9D71-29D6-800B-81E4-4F2D88203028" containerWithKeyObject="055158E0-0261-1378-046A-49988407DA48" localFKIndex="9267317D-AF2B-5544-E654-5ABC187F0279" name="CUS_RENTAL_COPY_FK">
<createdBy>邓新宇</createdBy>
<createdTime>2022-11-06 20:28:15 UTC</createdTime>
<generatorID>5FDCAF58-6798-5B3C-12B0-64AB86A8AD09</generatorID>
<ownerDesignName>project</ownerDesignName>
<referredTableLongName>COPY</referredTableLongName>
<deleteRule>NO ACTION</deleteRule>
<referredTableID>EFB2A441-4FD7-E7E2-05C2-035486A19846</referredTableID>
<keyObject>BEAF1246-C63A-8261-715A-EB5C99DAFCAE</keyObject>
<referredKeyID>BEAF1246-C63A-8261-715A-EB5C99DAFCAE</referredKeyID>
<mandatory>true</mandatory>
<refColNames>COPY_ID</refColNames>
<transferable>true</transferable>
<rely>false</rely>
<columnDependencyConstraintGenerateInDDL>true</columnDependencyConstraintGenerateInDDL>
</FKIndexAssociation>