<?xml version = '1.0' encoding = 'UTF-8'?>
<FKIndexAssociation class="oracle.dbtools.crest.model.design.relational.FKIndexAssociation" directorySegmentName="seg_0" id="9EDC1E44-F015-D043-7085-4C996E3257A3" containerWithKeyObject="8A9604FC-557F-0967-AAD7-B3CDD8888B9C" localFKIndex="41B39576-4B38-BE4D-4716-55CFC65BE370" name="RENT_INVOICE_FK">
<createdBy>邓新宇</createdBy>
<createdTime>2022-11-06 19:29:58 UTC</createdTime>
<generatorID>F38E45EA-DAED-AD20-DAE5-2D89B123CE0C</generatorID>
<ownerDesignName>project</ownerDesignName>
<referredTableLongName>INVOICE</referredTableLongName>
<deleteRule>CASCADE</deleteRule>
<referredTableID>24911559-DC31-8767-5F00-9D7692113EA4</referredTableID>
<keyObject>3B496EBA-A66D-1635-6968-07B45972441B</keyObject>
<referredKeyID>3B496EBA-A66D-1635-6968-07B45972441B</referredKeyID>
<mandatory>true</mandatory>
<refColNames>INVOICE_ID</refColNames>
<transferable>true</transferable>
<rely>false</rely>
<columnDependencyConstraintGenerateInDDL>true</columnDependencyConstraintGenerateInDDL>
</FKIndexAssociation>