<?xml version = '1.0' encoding = 'UTF-8'?>
<FKIndexAssociation class="oracle.dbtools.crest.model.design.relational.FKIndexAssociation" directorySegmentName="seg_0" id="A43BE044-F71D-B8A0-0F5F-A168E245B147" containerWithKeyObject="055158E0-0261-1378-046A-49988407DA48" localFKIndex="7F0218C5-A0AA-1F4B-EF1A-FD230B8C7FC8" name="CUS_RENTAL_INVOICE_FK">
<createdBy>邓新宇</createdBy>
<createdTime>2022-11-06 20:28:15 UTC</createdTime>
<generatorID>B40A13E8-C1D1-78F9-5C24-534690513521</generatorID>
<ownerDesignName>project</ownerDesignName>
<referredTableLongName>INVOICE</referredTableLongName>
<deleteRule>NO ACTION</deleteRule>
<referredTableID>24911559-DC31-8767-5F00-9D7692113EA4</referredTableID>
<keyObject>3B496EBA-A66D-1635-6968-07B45972441B</keyObject>
<referredKeyID>3B496EBA-A66D-1635-6968-07B45972441B</referredKeyID>
<mandatory>true</mandatory>
<refColNames>INVOICE_ID</refColNames>
<transferable>true</transferable>
<rely>false</rely>
<columnDependencyConstraintGenerateInDDL>true</columnDependencyConstraintGenerateInDDL>
</FKIndexAssociation>