<?xml version = '1.0' encoding = 'UTF-8'?>
<FKIndexAssociation class="oracle.dbtools.crest.model.design.relational.FKIndexAssociation" directorySegmentName="seg_0" id="B03850B2-76C1-287E-65F1-24C6878C8055" containerWithKeyObject="627763AE-65EB-3385-4A8E-B07980BD2FFC" localFKIndex="F63EE666-7A96-91E8-DB4E-2F319483D791" name="CUS_ROOM_ROOM_FK">
<createdBy>邓新宇</createdBy>
<createdTime>2022-11-06 19:29:58 UTC</createdTime>
<generatorID>17D51B20-D63A-C353-3ED7-C8DE074A66F9</generatorID>
<ownerDesignName>project</ownerDesignName>
<referredTableLongName>ROOM</referredTableLongName>
<deleteRule>CASCADE</deleteRule>
<referredTableID>EF2E9165-0305-710D-DB69-7F58FFF2C5D5</referredTableID>
<keyObject>BE845092-5D34-6DC6-5349-DB4CE14C28BF</keyObject>
<referredKeyID>BE845092-5D34-6DC6-5349-DB4CE14C28BF</referredKeyID>
<mandatory>false</mandatory>
<refColNames>ROOM_ID</refColNames>
<transferable>true</transferable>
<rely>false</rely>
<columnDependencyConstraintGenerateInDDL>true</columnDependencyConstraintGenerateInDDL>
</FKIndexAssociation>