<?xml version = '1.0' encoding = 'UTF-8'?>
<FKIndexAssociation class="oracle.dbtools.crest.model.design.relational.FKIndexAssociation" directorySegmentName="seg_0" id="B39EC810-5E9E-CE05-F541-7D58A3084FCB" containerWithKeyObject="8A9604FC-557F-0967-AAD7-B3CDD8888B9C" localFKIndex="C58E0ABF-A9FD-A609-0BA2-B121CDB8D1F7" name="RENT_COPY_FK">
<createdBy>邓新宇</createdBy>
<createdTime>2022-11-06 19:29:58 UTC</createdTime>
<generatorID>3A3CBDB3-B8D7-E69E-2ECD-3A7D75D77204</generatorID>
<ownerDesignName>project</ownerDesignName>
<referredTableLongName>COPY</referredTableLongName>
<arc>9D1CD7EC-CB8A-74AA-1FE1-DB62658920B7</arc>
<deleteRule>NO ACTION</deleteRule>
<referredTableID>EFB2A441-4FD7-E7E2-05C2-035486A19846</referredTableID>
<keyObject>BEAF1246-C63A-8261-715A-EB5C99DAFCAE</keyObject>
<referredKeyID>BEAF1246-C63A-8261-715A-EB5C99DAFCAE</referredKeyID>
<mandatory>true</mandatory>
<refColNames>COPY_ID</refColNames>
<transferable>true</transferable>
<rely>false</rely>
<discriminatorValue>R</discriminatorValue>
<columnDependencyConstraintGenerateInDDL>true</columnDependencyConstraintGenerateInDDL>
</FKIndexAssociation>