<?xml version = '1.0' encoding = 'UTF-8'?>
<FKIndexAssociation class="oracle.dbtools.crest.model.design.relational.FKIndexAssociation" directorySegmentName="seg_0" id="B85A999E-392F-6F8D-15F6-9C85D8A233BB" containerWithKeyObject="FEF967F8-0517-62B6-7125-93CC03C2A992" localFKIndex="73B3158A-1F52-E989-A196-D3A8AB0C1E8A" name="EXHI_EVENT_FK">
<createdBy>邓新宇</createdBy>
<createdTime>2022-11-06 19:29:58 UTC</createdTime>
<generatorID>85350AE1-B72D-0249-28B2-45ACFDD0D028</generatorID>
<ownerDesignName>project</ownerDesignName>
<referredTableLongName>EVENT</referredTableLongName>
<arc>303F8126-E4AE-CE05-4D7A-09A37A0D01B9</arc>
<deleteRule>NO ACTION</deleteRule>
<referredTableID>FF1083FA-D186-66A4-57DE-3DCC83248C3D</referredTableID>
<keyObject>A7F2CF0A-08D9-8178-2E99-FC30706D83F8</keyObject>
<referredKeyID>A7F2CF0A-08D9-8178-2E99-FC30706D83F8</referredKeyID>
<mandatory>true</mandatory>
<refColNames>EVENT_ID</refColNames>
<transferable>true</transferable>
<rely>false</rely>
<discriminatorValue>E</discriminatorValue>
<columnDependencyConstraintGenerateInDDL>true</columnDependencyConstraintGenerateInDDL>
</FKIndexAssociation>