<?xml version = '1.0' encoding = 'UTF-8'?>
<FKIndexAssociation class="oracle.dbtools.crest.model.design.relational.FKIndexAssociation" directorySegmentName="seg_0" id="C34A3AE0-85DA-6309-3372-37DA97608DF5" containerWithKeyObject="B422D335-5781-A308-9CC9-58BBD7D0051D" localFKIndex="AB40DE4F-A2D4-4E4D-7E0D-D177787A7173" name="CUS_EXHI_CUSTOMER_FK">
<createdBy>邓新宇</createdBy>
<createdTime>2022-11-06 19:29:58 UTC</createdTime>
<generatorID>44DA83E5-C0B1-F5E2-D897-7A40ECAEC221</generatorID>
<ownerDesignName>project</ownerDesignName>
<referredTableLongName>CUSTOMER</referredTableLongName>
<deleteRule>CASCADE</deleteRule>
<referredTableID>A59766D7-281C-67F9-01A0-DCEC2FA8557E</referredTableID>
<keyObject>17DF07E8-D2BC-D409-E73A-F8B3914B351E</keyObject>
<referredKeyID>17DF07E8-D2BC-D409-E73A-F8B3914B351E</referredKeyID>
<mandatory>false</mandatory>
<refColNames>CUS_ID</refColNames>
<transferable>true</transferable>
<rely>false</rely>
<columnDependencyConstraintGenerateInDDL>true</columnDependencyConstraintGenerateInDDL>
</FKIndexAssociation>