<?xml version = '1.0' encoding = 'UTF-8'?>
<FKIndexAssociation class="oracle.dbtools.crest.model.design.relational.FKIndexAssociation" directorySegmentName="seg_0" id="C74B50B5-B80C-62B3-9B9F-DF3BDE8FDB12" containerWithKeyObject="9B04F5FC-C6A4-C7B8-B27F-0FF2D09399DD" localFKIndex="F4B62F43-D673-FD41-FD47-EA1ED8524525" name="ORG_SPONSOR_FK">
<createdBy>邓新宇</createdBy>
<createdTime>2022-11-06 19:29:58 UTC</createdTime>
<generatorID>F49DA05B-900B-529C-3A5C-A64F4AE9952E</generatorID>
<ownerDesignName>project</ownerDesignName>
<referredTableLongName>SPONSOR</referredTableLongName>
<arc>902806B5-027F-A40B-9448-365790B9F319</arc>
<deleteRule>NO ACTION</deleteRule>
<referredTableID>853E1A0A-24FB-1150-A2B1-63B80456BD53</referredTableID>
<keyObject>1BBC8844-2FD1-24A7-1092-FBB20628351F</keyObject>
<referredKeyID>1BBC8844-2FD1-24A7-1092-FBB20628351F</referredKeyID>
<mandatory>true</mandatory>
<refColNames>SPON_ID</refColNames>
<transferable>true</transferable>
<rely>false</rely>
<discriminatorValue>O</discriminatorValue>
<columnDependencyConstraintGenerateInDDL>true</columnDependencyConstraintGenerateInDDL>
</FKIndexAssociation>