<?xml version = '1.0' encoding = 'UTF-8'?>
<FKIndexAssociation class="oracle.dbtools.crest.model.design.relational.FKIndexAssociation" directorySegmentName="seg_0" id="CF08FCEC-C98E-827B-8183-83F8E1DA9932" containerWithKeyObject="6A8EE34C-C7D2-DA32-5A8D-27FCD832AF37" localFKIndex="4E5DC77E-0347-F9CD-C3E7-CE2E04D352EC" name="PAYMENT_INVOICE_FK">
<createdBy>邓新宇</createdBy>
<createdTime>2022-11-06 19:29:58 UTC</createdTime>
<generatorID>4B35BCEA-A08E-1E9F-10FB-0A9A88777C6B</generatorID>
<ownerDesignName>project</ownerDesignName>
<referredTableLongName>INVOICE</referredTableLongName>
<deleteRule>CASCADE</deleteRule>
<referredTableID>24911559-DC31-8767-5F00-9D7692113EA4</referredTableID>
<keyObject>3B496EBA-A66D-1635-6968-07B45972441B</keyObject>
<referredKeyID>3B496EBA-A66D-1635-6968-07B45972441B</referredKeyID>
<mandatory>true</mandatory>
<refColNames>INVOICE_ID</refColNames>
<transferable>true</transferable>
<rely>false</rely>
<columnDependencyConstraintGenerateInDDL>true</columnDependencyConstraintGenerateInDDL>
</FKIndexAssociation>