<?xml version = '1.0' encoding = 'UTF-8'?>
<FKIndexAssociation class="oracle.dbtools.crest.model.design.relational.FKIndexAssociation" directorySegmentName="seg_0" id="DBD33803-0B3E-5767-0A07-DDF04103468D" containerWithKeyObject="964A467A-E01D-2ACB-9ECD-DEB86D463C4F" localFKIndex="96453020-CCF0-78F9-84C1-610413144364" name="AUTHOR_BOOK_BOOK_FK">
<createdBy>邓新宇</createdBy>
<createdTime>2022-11-06 19:29:58 UTC</createdTime>
<generatorID>5FC4583A-A1F8-3D8C-7C48-D7CAAB7152F5</generatorID>
<ownerDesignName>project</ownerDesignName>
<referredTableLongName>BOOK</referredTableLongName>
<deleteRule>CASCADE</deleteRule>
<referredTableID>60EA2122-AEEB-5177-7AD6-175E4B965906</referredTableID>
<keyObject>9121E2F3-13A8-11A1-8478-E4ED11AF43A2</keyObject>
<referredKeyID>9121E2F3-13A8-11A1-8478-E4ED11AF43A2</referredKeyID>
<mandatory>true</mandatory>
<refColNames>BOOK_ID</refColNames>
<transferable>true</transferable>
<rely>false</rely>
<columnDependencyConstraintGenerateInDDL>true</columnDependencyConstraintGenerateInDDL>
</FKIndexAssociation>