<?xml version = '1.0' encoding = 'UTF-8'?>
<FKIndexAssociation class="oracle.dbtools.crest.model.design.relational.FKIndexAssociation" directorySegmentName="seg_0" id="E839A29E-7644-6BB1-7755-27EED2EB8B79" containerWithKeyObject="EFB2A441-4FD7-E7E2-05C2-035486A19846" localFKIndex="700BA367-F546-FEE3-73A6-4F73B51C5A01" name="COPY_BOOK_FK">
<createdBy>邓新宇</createdBy>
<createdTime>2022-11-06 19:29:58 UTC</createdTime>
<generatorID>560A4C6F-C464-58BA-F5D2-D14E4D871660</generatorID>
<ownerDesignName>project</ownerDesignName>
<referredTableLongName>BOOK</referredTableLongName>
<deleteRule>CASCADE</deleteRule>
<referredTableID>60EA2122-AEEB-5177-7AD6-175E4B965906</referredTableID>
<keyObject>9121E2F3-13A8-11A1-8478-E4ED11AF43A2</keyObject>
<referredKeyID>9121E2F3-13A8-11A1-8478-E4ED11AF43A2</referredKeyID>
<mandatory>true</mandatory>
<refColNames>BOOK_ID</refColNames>
<transferable>true</transferable>
<rely>false</rely>
<columnDependencyConstraintGenerateInDDL>true</columnDependencyConstraintGenerateInDDL>
</FKIndexAssociation>