<?xml version = '1.0' encoding = 'UTF-8'?>
<FKIndexAssociation class="oracle.dbtools.crest.model.design.relational.FKIndexAssociation" directorySegmentName="seg_0" id="FEB6615A-4215-D6B4-3EA4-FC4883017778" containerWithKeyObject="7FCCA536-9862-0962-7990-F95D87E7A713" localFKIndex="DC354589-CB4E-D5B1-9621-9852F393C94B" name="AVAILABLE_COPY_FK">
<createdBy>邓新宇</createdBy>
<createdTime>2022-11-06 19:29:58 UTC</createdTime>
<generatorID>C881B5CC-66FC-DA30-DF47-0617C4B197E5</generatorID>
<ownerDesignName>project</ownerDesignName>
<referredTableLongName>COPY</referredTableLongName>
<arc>9D1CD7EC-CB8A-74AA-1FE1-DB62658920B7</arc>
<deleteRule>NO ACTION</deleteRule>
<referredTableID>EFB2A441-4FD7-E7E2-05C2-035486A19846</referredTableID>
<keyObject>BEAF1246-C63A-8261-715A-EB5C99DAFCAE</keyObject>
<referredKeyID>BEAF1246-C63A-8261-715A-EB5C99DAFCAE</referredKeyID>
<mandatory>true</mandatory>
<refColNames>COPY_ID</refColNames>
<transferable>true</transferable>
<rely>false</rely>
<discriminatorValue>A</discriminatorValue>
<columnDependencyConstraintGenerateInDDL>true</columnDependencyConstraintGenerateInDDL>
</FKIndexAssociation>