<?xml version = '1.0' encoding = 'UTF-8'?>
<Diagram class="oracle.dbtools.crest.swingui.relational.DPVRelational" name="Relational_1" id="27F391A6-463C-F4C4-47F3-E6A5BBB756E8">
<createdBy>邓新宇</createdBy>
<modifiedBy>邓新宇</modifiedBy>
<createdTime>2022-11-05 20:16:51 UTC</createdTime>
<autoRoute>false</autoRoute>
<boxInbox>true</boxInbox>
<showLegend>false</showLegend>
<showLabels>false</showLabels>
<showRelAttributes>false</showRelAttributes>
<gridEnabled>false</gridEnabled>
<showGrid>false</showGrid>
<diagramColor>-1</diagramColor>
<display>false</display>
<notation>1</notation>
<objectViews>
<OView class="oracle.dbtools.crest.swingui.relational.TVTable" oid="055158E0-0261-1378-046A-49988407DA48" otype="Table" vid="9805D852-971A-F931-F613-95046F8C73CC">
<hideElementsInCurrentOnly>false</hideElementsInCurrentOnly>
<bounds x="404" y="486" width="230" height="137"/>
</OView>
<OView class="oracle.dbtools.crest.swingui.relational.TVTable" oid="10856CBA-1ED0-3AD8-CDC2-A9A51AB7DD42" otype="Table" vid="246C0674-7E43-AC7B-3148-870ED5D663A1">
<hideElementsInCurrentOnly>false</hideElementsInCurrentOnly>
<bounds x="694" y="33" width="195" height="78"/>
</OView>
<OView class="oracle.dbtools.crest.swingui.relational.TVTable" oid="24911559-DC31-8767-5F00-9D7692113EA4" otype="Table" vid="E55F801C-4046-A358-D2EC-E9CDA2D07CCC">
<hideElementsInCurrentOnly>false</hideElementsInCurrentOnly>
<bounds x="413" y="663" width="159" height="78"/>
</OView>
<OView class="oracle.dbtools.crest.swingui.relational.TVTable" oid="60EA2122-AEEB-5177-7AD6-175E4B965906" otype="Table" vid="6ADC973E-BB5E-BC17-3AF8-5D1445BC496A">
<hideElementsInCurrentOnly>false</hideElementsInCurrentOnly>
<bounds x="1175" y="465" width="170" height="111"/>
</OView>
<OView class="oracle.dbtools.crest.swingui.relational.TVTable" oid="627763AE-65EB-3385-4A8E-B07980BD2FFC" otype="Table" vid="FE9D5114-443F-3505-3351-EFDCDC45F6C0">
<hideElementsInCurrentOnly>false</hideElementsInCurrentOnly>
<bounds x="84" y="239" width="170" height="110"/>
</OView>
<OView class="oracle.dbtools.crest.swingui.relational.TVTable" oid="6A8EE34C-C7D2-DA32-5A8D-27FCD832AF37" otype="Table" vid="F34990B1-C643-F284-A54B-2657E774D027">
<hideElementsInCurrentOnly>false</hideElementsInCurrentOnly>
<bounds x="51" y="636" width="170" height="110"/>
</OView>
<OView class="oracle.dbtools.crest.swingui.relational.TVTable" oid="7C48630E-8ECF-262B-E043-7DA824767A30" otype="Table" vid="DA488797-E001-FA76-99DE-FE90FB92247B">
<hideElementsInCurrentOnly>false</hideElementsInCurrentOnly>
<bounds x="733" y="194" width="161" height="44"/>
</OView>
<OView class="oracle.dbtools.crest.swingui.relational.TVTable" oid="7FCCA536-9862-0962-7990-F95D87E7A713" otype="Table" vid="3EEDEA8E-EAF5-E99A-B113-EEFE43EFB28C">
<hideElementsInCurrentOnly>false</hideElementsInCurrentOnly>
<bounds x="981" y="448" width="127" height="29"/>
</OView>
<OView class="oracle.dbtools.crest.swingui.relational.TVTable" oid="853E1A0A-24FB-1150-A2B1-63B80456BD53" otype="Table" vid="47FE8CD3-2FB7-5735-D1A5-9AD8AC5D1B9C">
<hideElementsInCurrentOnly>false</hideElementsInCurrentOnly>
<bounds x="258" y="11" width="300" height="145"/>
</OView>
<OView class="oracle.dbtools.crest.swingui.relational.TVTable" oid="8A9604FC-557F-0967-AAD7-B3CDD8888B9C" otype="Table" vid="DA72146B-0298-4B37-2993-899A20B78673">
<hideElementsInCurrentOnly>false</hideElementsInCurrentOnly>
<bounds x="965" y="751" width="314" height="158"/>
</OView>
<OView class="oracle.dbtools.crest.swingui.relational.TVTable" oid="964A467A-E01D-2ACB-9ECD-DEB86D463C4F" otype="Table" vid="66F16060-F043-3254-38EF-80F8E8ADB121">
<hideElementsInCurrentOnly>false</hideElementsInCurrentOnly>
<bounds x="1172" y="308" width="170" height="111"/>
</OView>
<OView class="oracle.dbtools.crest.swingui.relational.TVTable" oid="9B04F5FC-C6A4-C7B8-B27F-0FF2D09399DD" otype="Table" vid="2F4DFC6B-4D37-D837-9807-9F85C0E4553D">
<hideElementsInCurrentOnly>false</hideElementsInCurrentOnly>
<bounds x="400" y="100" width="146" height="44"/>
</OView>
<OView class="oracle.dbtools.crest.swingui.relational.TVTable" oid="9D2EDA70-8B23-41B3-C864-BEB7D7DD73FE" otype="Table" vid="B1977CA7-923F-D852-CA1B-1D6207FBABCF">
<hideElementsInCurrentOnly>false</hideElementsInCurrentOnly>
<bounds x="1175" y="37" width="170" height="154"/>
</OView>
<OView class="oracle.dbtools.crest.swingui.relational.TVTable" oid="9E311271-29DA-D731-494B-74531795A4E0" otype="Table" vid="39DB222A-A3ED-1281-3E5D-A137CE7C6228">
<hideElementsInCurrentOnly>false</hideElementsInCurrentOnly>
<bounds x="400" y="31" width="127" height="59"/>
</OView>
<OView class="oracle.dbtools.crest.swingui.relational.TVTable" oid="A59766D7-281C-67F9-01A0-DCEC2FA8557E" otype="Table" vid="F639AA87-9540-F457-A840-357F970F8978">
<hideElementsInCurrentOnly>false</hideElementsInCurrentOnly>
<bounds x="77" y="439" width="120" height="132"/>
</OView>
<OView class="oracle.dbtools.crest.swingui.relational.TVTable" oid="B422D335-5781-A308-9CC9-58BBD7D0051D" otype="Table" vid="70984D24-3D07-DB4E-1516-DF65608B8FAC">
<hideElementsInCurrentOnly>false</hideElementsInCurrentOnly>
<bounds x="717" y="350" width="170" height="111"/>
</OView>
<OView class="oracle.dbtools.crest.swingui.relational.TVTable" oid="C12445CD-EFE7-FDCC-34FF-757EDC5AB665" otype="Table" vid="E0492143-8A5B-2FBC-8130-F97D3A62294C">
<hideElementsInCurrentOnly>false</hideElementsInCurrentOnly>
<bounds x="960" y="137" width="170" height="111"/>
</OView>
<OView class="oracle.dbtools.crest.swingui.relational.TVTable" oid="EF2E9165-0305-710D-DB69-7F58FFF2C5D5" otype="Table" vid="FE79C948-DB02-E47B-0876-F4A3FFFAEFD0">
<hideElementsInCurrentOnly>false</hideElementsInCurrentOnly>
<bounds x="374" y="239" width="170" height="110"/>
</OView>
<OView class="oracle.dbtools.crest.swingui.relational.TVTable" oid="EFB2A441-4FD7-E7E2-05C2-035486A19846" otype="Table" vid="C481A1C0-00CD-E426-853B-997FE0A1C94E">
<hideElementsInCurrentOnly>false</hideElementsInCurrentOnly>
<bounds x="764" y="496" width="263" height="116"/>
</OView>
<OView class="oracle.dbtools.crest.swingui.relational.TVTable" oid="FEF967F8-0517-62B6-7125-93CC03C2A992" otype="Table" vid="2D399B68-767F-6165-2F56-C72AAD3A71B1">
<hideElementsInCurrentOnly>false</hideElementsInCurrentOnly>
<bounds x="733" y="248" width="127" height="44"/>
</OView>
<OView class="oracle.dbtools.crest.swingui.relational.TVTable" oid="FF1083FA-D186-66A4-57DE-3DCC83248C3D" otype="Table" vid="4D4D4751-E58A-7926-2416-8DDCCDDE3F96">
<hideElementsInCurrentOnly>false</hideElementsInCurrentOnly>
<bounds x="605" y="174" width="301" height="130"/>
</OView>
</objectViews>
<connectors>
<Connector class="oracle.dbtools.crest.swingui.relational.TVFKRelation" oid="04381B34-2A44-1546-8B82-7807ACAE17B9" otype="FKIndexAssociation" vid_source="DA72146B-0298-4B37-2993-899A20B78673" vid_target="9805D852-971A-F931-F613-95046F8C73CC">
<hideElementsInCurrentOnly>false</hideElementsInCurrentOnly>
<backgroundColor>-16777216</backgroundColor>
<lineWidth>1</lineWidth>
<points>
<point x="965" y="759"/>
<point x="634" y="623"/>
</points>
</Connector>
<Connector class="oracle.dbtools.crest.swingui.relational.TVFKRelation" oid="24B70C0E-2D45-34A4-DC32-306C3C1524E7" otype="FKIndexAssociation" vid_source="4D4D4751-E58A-7926-2416-8DDCCDDE3F96" vid_target="DA488797-E001-FA76-99DE-FE90FB92247B">
<hideElementsInCurrentOnly>false</hideElementsInCurrentOnly>
<backgroundColor>-16777216</backgroundColor>
<lineWidth>1</lineWidth>
<points>
<point x="838" y="304"/>
<point x="652" y="330"/>
</points>
</Connector>
<Connector class="oracle.dbtools.crest.swingui.relational.TVFKRelation" oid="460D53AD-233D-226D-01D3-468D76C60952" otype="FKIndexAssociation" vid_source="B1977CA7-923F-D852-CA1B-1D6207FBABCF" vid_target="66F16060-F043-3254-38EF-80F8E8ADB121">
<hideElementsInCurrentOnly>false</hideElementsInCurrentOnly>
<backgroundColor>-16777216</backgroundColor>
<lineWidth>1</lineWidth>
<points>
<point x="1258" y="191"/>
<point x="1258" y="308"/>
</points>
</Connector>
<Connector class="oracle.dbtools.crest.swingui.relational.TVFKRelation" oid="4C224E8C-1694-38DB-DD72-95E8ACED3F9A" otype="FKIndexAssociation" vid_source="2D399B68-767F-6165-2F56-C72AAD3A71B1" vid_target="70984D24-3D07-DB4E-1516-DF65608B8FAC">
<hideElementsInCurrentOnly>false</hideElementsInCurrentOnly>
<backgroundColor>-16777216</backgroundColor>
<lineWidth>1</lineWidth>
<points>
<point x="796" y="292"/>
<point x="796" y="350"/>
</points>
</Connector>
<Connector class="oracle.dbtools.crest.swingui.relational.TVFKRelation" oid="4F08E61C-83B5-1935-F6EF-4BB738DDA802" otype="FKIndexAssociation" vid_source="DA488797-E001-FA76-99DE-FE90FB92247B" vid_target="E0492143-8A5B-2FBC-8130-F97D3A62294C">
<hideElementsInCurrentOnly>false</hideElementsInCurrentOnly>
<backgroundColor>-16777216</backgroundColor>
<lineWidth>1</lineWidth>
<points>
<point x="894" y="231"/>
<point x="960" y="231"/>
</points>
</Connector>
<Connector class="oracle.dbtools.crest.swingui.relational.TVFKRelation" oid="5B943BE7-294F-1E39-32DA-8AEE6636B63F" otype="FKIndexAssociation" vid_source="DA488797-E001-FA76-99DE-FE90FB92247B" vid_target="246C0674-7E43-AC7B-3148-870ED5D663A1">
<hideElementsInCurrentOnly>false</hideElementsInCurrentOnly>
<backgroundColor>-16777216</backgroundColor>
<lineWidth>1</lineWidth>
<points>
<point x="812" y="194"/>
<point x="812" y="111"/>
</points>
</Connector>
<Connector class="oracle.dbtools.crest.swingui.relational.TVFKRelation" oid="667FE80D-45F2-1BDF-495E-BBD83A82CB37" otype="FKIndexAssociation" vid_source="B1977CA7-923F-D852-CA1B-1D6207FBABCF" vid_target="E0492143-8A5B-2FBC-8130-F97D3A62294C">
<hideElementsInCurrentOnly>false</hideElementsInCurrentOnly>
<backgroundColor>-16777216</backgroundColor>
<lineWidth>1</lineWidth>
<points>
<point x="1175" y="164"/>
<point x="1130" y="164"/>
</points>
</Connector>
<Connector class="oracle.dbtools.crest.swingui.relational.TVFKRelation" oid="69693159-3753-FE20-DC32-F412FAB1C2D4" otype="FKIndexAssociation" vid_source="47FE8CD3-2FB7-5735-D1A5-9AD8AC5D1B9C" vid_target="246C0674-7E43-AC7B-3148-870ED5D663A1">
<hideElementsInCurrentOnly>false</hideElementsInCurrentOnly>
<backgroundColor>-16777216</backgroundColor>
<lineWidth>1</lineWidth>
<points>
<point x="558" y="72"/>
<point x="694" y="72"/>
</points>
</Connector>
<Connector class="oracle.dbtools.crest.swingui.relational.TVFKRelation" oid="70A65379-253B-AB96-5BF3-8EB0D68F3526" otype="FKIndexAssociation" vid_source="F639AA87-9540-F457-A840-357F970F8978" vid_target="9805D852-971A-F931-F613-95046F8C73CC">
<hideElementsInCurrentOnly>false</hideElementsInCurrentOnly>
<backgroundColor>-16777216</backgroundColor>
<lineWidth>1</lineWidth>
<points>
<point x="197" y="528"/>
<point x="404" y="528"/>
</points>
</Connector>
<Connector class="oracle.dbtools.crest.swingui.relational.TVFKRelation" oid="7278AE64-25C2-D559-E145-53A9D66AC675" otype="FKIndexAssociation" vid_source="F639AA87-9540-F457-A840-357F970F8978" vid_target="FE9D5114-443F-3505-3351-EFDCDC45F6C0">
<hideElementsInCurrentOnly>false</hideElementsInCurrentOnly>
<backgroundColor>-16777216</backgroundColor>
<lineWidth>1</lineWidth>
<points>
<point x="157" y="439"/>
<point x="157" y="349"/>
</points>
</Connector>
<Connector class="oracle.dbtools.crest.swingui.relational.TVFKRelation" oid="82FA6339-C7FF-95B2-1877-3FE4A580C703" otype="FKIndexAssociation" vid_source="F639AA87-9540-F457-A840-357F970F8978" vid_target="E55F801C-4046-A358-D2EC-E9CDA2D07CCC">
<hideElementsInCurrentOnly>false</hideElementsInCurrentOnly>
<backgroundColor>-16777216</backgroundColor>
<lineWidth>1</lineWidth>
<points>
<point x="197" y="571"/>
<point x="413" y="741"/>
</points>
</Connector>
<Connector class="oracle.dbtools.crest.swingui.relational.TVFKRelation" oid="869B1612-1514-9F3D-5F9F-9C49B0B9D972" otype="FKIndexAssociation" vid_source="47FE8CD3-2FB7-5735-D1A5-9AD8AC5D1B9C" vid_target="39DB222A-A3ED-1281-3E5D-A137CE7C6228">
<hideElementsInCurrentOnly>false</hideElementsInCurrentOnly>
<backgroundColor>-16777216</backgroundColor>
<lineWidth>1</lineWidth>
<points>
<point x="291" y="156"/>
<point x="258" y="196"/>
</points>
</Connector>
<Connector class="oracle.dbtools.crest.swingui.relational.TVFKRelation" oid="8C8D9D71-29D6-800B-81E4-4F2D88203028" otype="FKIndexAssociation" vid_source="C481A1C0-00CD-E426-853B-997FE0A1C94E" vid_target="9805D852-971A-F931-F613-95046F8C73CC">
<hideElementsInCurrentOnly>false</hideElementsInCurrentOnly>
<backgroundColor>-16777216</backgroundColor>
<lineWidth>1</lineWidth>
<points>
<point x="764" y="554"/>
<point x="634" y="554"/>
</points>
</Connector>
<Connector class="oracle.dbtools.crest.swingui.relational.TVFKRelation" oid="9EDC1E44-F015-D043-7085-4C996E3257A3" otype="FKIndexAssociation" vid_source="E55F801C-4046-A358-D2EC-E9CDA2D07CCC" vid_target="DA72146B-0298-4B37-2993-899A20B78673">
<hideElementsInCurrentOnly>false</hideElementsInCurrentOnly>
<backgroundColor>-16777216</backgroundColor>
<lineWidth>1</lineWidth>
<points>
<point x="423" y="741"/>
<point x="965" y="842"/>
</points>
</Connector>
<Connector class="oracle.dbtools.crest.swingui.relational.TVFKRelation" oid="A43BE044-F71D-B8A0-0F5F-A168E245B147" otype="FKIndexAssociation" vid_source="E55F801C-4046-A358-D2EC-E9CDA2D07CCC" vid_target="9805D852-971A-F931-F613-95046F8C73CC">
<hideElementsInCurrentOnly>false</hideElementsInCurrentOnly>
<backgroundColor>-16777216</backgroundColor>
<lineWidth>1</lineWidth>
<points>
<point x="492" y="663"/>
<point x="492" y="623"/>
</points>
</Connector>
<Connector class="oracle.dbtools.crest.swingui.relational.TVFKRelation" oid="B03850B2-76C1-287E-65F1-24C6878C8055" otype="FKIndexAssociation" vid_source="FE79C948-DB02-E47B-0876-F4A3FFFAEFD0" vid_target="FE9D5114-443F-3505-3351-EFDCDC45F6C0">
<hideElementsInCurrentOnly>false</hideElementsInCurrentOnly>
<backgroundColor>-16777216</backgroundColor>
<lineWidth>1</lineWidth>
<points>
<point x="374" y="294"/>
<point x="254" y="294"/>
</points>
</Connector>
<Connector class="oracle.dbtools.crest.swingui.relational.TVFKRelation" oid="B39EC810-5E9E-CE05-F541-7D58A3084FCB" otype="FKIndexAssociation" vid_source="C481A1C0-00CD-E426-853B-997FE0A1C94E" vid_target="DA72146B-0298-4B37-2993-899A20B78673">
<hideElementsInCurrentOnly>false</hideElementsInCurrentOnly>
<backgroundColor>-16777216</backgroundColor>
<lineWidth>1</lineWidth>
<points>
<point x="873" y="739"/>
<point x="965" y="773"/>
</points>
</Connector>
<Connector class="oracle.dbtools.crest.swingui.relational.TVFKRelation" oid="B85A999E-392F-6F8D-15F6-9C85D8A233BB" otype="FKIndexAssociation" vid_source="4D4D4751-E58A-7926-2416-8DDCCDDE3F96" vid_target="2D399B68-767F-6165-2F56-C72AAD3A71B1">
<hideElementsInCurrentOnly>false</hideElementsInCurrentOnly>
<backgroundColor>-16777216</backgroundColor>
<lineWidth>1</lineWidth>
<points>
<point x="537" y="333"/>
<point x="733" y="292"/>
</points>
</Connector>
<Connector class="oracle.dbtools.crest.swingui.relational.TVFKRelation" oid="C34A3AE0-85DA-6309-3372-37DA97608DF5" otype="FKIndexAssociation" vid_source="F639AA87-9540-F457-A840-357F970F8978" vid_target="70984D24-3D07-DB4E-1516-DF65608B8FAC">
<hideElementsInCurrentOnly>false</hideElementsInCurrentOnly>
<backgroundColor>-16777216</backgroundColor>
<lineWidth>1</lineWidth>
<points>
<point x="197" y="450"/>
<point x="717" y="450"/>
</points>
</Connector>
<Connector class="oracle.dbtools.crest.swingui.relational.TVFKRelation" oid="C74B50B5-B80C-62B3-9B9F-DF3BDE8FDB12" otype="FKIndexAssociation" vid_source="47FE8CD3-2FB7-5735-D1A5-9AD8AC5D1B9C" vid_target="2F4DFC6B-4D37-D837-9807-9F85C0E4553D">
<hideElementsInCurrentOnly>false</hideElementsInCurrentOnly>
<backgroundColor>-16777216</backgroundColor>
<lineWidth>1</lineWidth>
<points>
<point x="436" y="156"/>
<point x="436" y="136"/>
</points>
</Connector>
<Connector class="oracle.dbtools.crest.swingui.relational.TVFKRelation" oid="CF08FCEC-C98E-827B-8183-83F8E1DA9932" otype="FKIndexAssociation" vid_source="E55F801C-4046-A358-D2EC-E9CDA2D07CCC" vid_target="F34990B1-C643-F284-A54B-2657E774D027">
<hideElementsInCurrentOnly>false</hideElementsInCurrentOnly>
<backgroundColor>-16777216</backgroundColor>
<lineWidth>1</lineWidth>
<points>
<point x="413" y="702"/>
<point x="221" y="702"/>
</points>
</Connector>
<Connector class="oracle.dbtools.crest.swingui.relational.TVFKRelation" oid="DBD33803-0B3E-5767-0A07-DDF04103468D" otype="FKIndexAssociation" vid_source="6ADC973E-BB5E-BC17-3AF8-5D1445BC496A" vid_target="66F16060-F043-3254-38EF-80F8E8ADB121">
<hideElementsInCurrentOnly>false</hideElementsInCurrentOnly>
<backgroundColor>-16777216</backgroundColor>
<lineWidth>1</lineWidth>
<points>
<point x="1258" y="465"/>
<point x="1258" y="419"/>
</points>
</Connector>
<Connector class="oracle.dbtools.crest.swingui.relational.TVFKRelation" oid="E839A29E-7644-6BB1-7755-27EED2EB8B79" otype="FKIndexAssociation" vid_source="6ADC973E-BB5E-BC17-3AF8-5D1445BC496A" vid_target="C481A1C0-00CD-E426-853B-997FE0A1C94E">
<hideElementsInCurrentOnly>false</hideElementsInCurrentOnly>
<backgroundColor>-16777216</backgroundColor>
<lineWidth>1</lineWidth>
<points>
<point x="1175" y="536"/>
<point x="1027" y="536"/>
</points>
</Connector>
<Connector class="oracle.dbtools.crest.swingui.relational.TVFKRelation" oid="FEB6615A-4215-D6B4-3EA4-FC4883017778" otype="FKIndexAssociation" vid_source="C481A1C0-00CD-E426-853B-997FE0A1C94E" vid_target="3EEDEA8E-EAF5-E99A-B113-EEFE43EFB28C">
<hideElementsInCurrentOnly>false</hideElementsInCurrentOnly>
<backgroundColor>-16777216</backgroundColor>
<lineWidth>1</lineWidth>
<points>
<point x="818" y="612"/>
<point x="1025" y="477"/>
</points>
</Connector>
</connectors>
<arcs>
<Arc class="oracle.dbtools.crest.swingui.relational.TVFKArc" oid="303F8126-E4AE-CE05-4D7A-09A37A0D01B9" otype="FKArc" vid="1DFB1975-63E0-8C0C-7803-DE7A0948AD5D">
<hideElementsInCurrentOnly>false</hideElementsInCurrentOnly>
<bounds x="585" y="154" width="341" height="170"/>
</Arc>
<Arc class="oracle.dbtools.crest.swingui.relational.TVFKArc" oid="902806B5-027F-A40B-9448-365790B9F319" otype="FKArc" vid="B4222EB9-B986-1D26-99AC-C84EFA60842D">
<hideElementsInCurrentOnly>false</hideElementsInCurrentOnly>
<bounds x="238" y="-9" width="340" height="185"/>
</Arc>
<Arc class="oracle.dbtools.crest.swingui.relational.TVFKArc" oid="9D1CD7EC-CB8A-74AA-1FE1-DB62658920B7" otype="FKArc" vid="B2F1FE72-6903-478B-5DF8-CC7A5796F2F7">
<hideElementsInCurrentOnly>false</hideElementsInCurrentOnly>
<bounds x="744" y="476" width="303" height="156"/>
</Arc>
</arcs>
</Diagram>