<?xml version = '1.0' encoding = 'UTF-8'?>
<Diagram class="oracle.dbtools.crest.swingui.relational.DPVRelational" name="Relational_2" id="9474741D-1484-D7F4-A4CE-47AA37EBD197">
<createdBy>邓新宇</createdBy>
<modifiedBy>邓新宇</modifiedBy>
<createdTime>2022-11-06 20:32:17 UTC</createdTime>
<autoRoute>false</autoRoute>
<boxInbox>true</boxInbox>
<showLegend>false</showLegend>
<showLabels>false</showLabels>
<showRelAttributes>false</showRelAttributes>
<gridEnabled>false</gridEnabled>
<showGrid>false</showGrid>
<diagramColor>-1</diagramColor>
<display>false</display>
<notation>1</notation>
<objectViews>
<OView class="oracle.dbtools.crest.swingui.relational.TVTable" oid="271C188F-6A95-6EC9-C536-C96C77450C32" otype="Table" vid="2F407EF5-CAA0-33B3-D8A3-6263ECD039D1">
<hideElementsInCurrentOnly>false</hideElementsInCurrentOnly>
<bounds x="1219" y="475" width="201" height="93"/>
</OView>
<OView class="oracle.dbtools.crest.swingui.relational.TVTable" oid="2A0DDAF8-DF57-BAF3-2B07-0F26AC1F26D3" otype="Table" vid="D5B6DFAE-1E3C-6706-3897-3228071EC130">
<hideElementsInCurrentOnly>false</hideElementsInCurrentOnly>
<bounds x="379" y="21" width="283" height="108"/>
</OView>
<OView class="oracle.dbtools.crest.swingui.relational.TVTable" oid="2CFF772C-61BD-75EE-2B43-2931CBF20A81" otype="Table" vid="EA7C2E08-BD7A-71D7-D78F-8ACC5B9969A6">
<hideElementsInCurrentOnly>false</hideElementsInCurrentOnly>
<bounds x="842" y="371" width="281" height="129"/>
</OView>
<OView class="oracle.dbtools.crest.swingui.relational.TVTable" oid="2F6F51B7-8947-0118-7285-55DEA9073B6B" otype="Table" vid="4ED53CDF-BA1A-CFF1-0C6E-D2D77B4A8818">
<hideElementsInCurrentOnly>false</hideElementsInCurrentOnly>
<bounds x="21" y="129" width="188" height="99"/>
</OView>
<OView class="oracle.dbtools.crest.swingui.relational.TVTable" oid="4D676EDC-B1D6-C7A1-DD21-65960F66A4C8" otype="Table" vid="147DAB35-35ED-70F8-B19D-8A105B882FE0">
<hideElementsInCurrentOnly>false</hideElementsInCurrentOnly>
<bounds x="229" y="139" width="185" height="114"/>
</OView>
<OView class="oracle.dbtools.crest.swingui.relational.TVTable" oid="509A791F-2794-B4D6-2D84-F22DD172A116" otype="Table" vid="1146CABC-B36E-7CFA-8711-9D390CD7A63E">
<hideElementsInCurrentOnly>false</hideElementsInCurrentOnly>
<bounds x="717" y="183" width="206" height="123"/>
</OView>
<OView class="oracle.dbtools.crest.swingui.relational.TVTable" oid="6A3500E2-1EAE-A256-186B-051FB5367808" otype="Table" vid="5E6A1918-A40B-D6F5-501A-AEE2E2AAFDC5">
<hideElementsInCurrentOnly>false</hideElementsInCurrentOnly>
<bounds x="59" y="13" width="192" height="78"/>
</OView>
<OView class="oracle.dbtools.crest.swingui.relational.TVTable" oid="6E60F725-CC8E-C887-40B3-D0C63708B3C3" otype="Table" vid="7DEE192E-80FB-BCD8-4E4F-E8E27185DD9D">
<hideElementsInCurrentOnly>false</hideElementsInCurrentOnly>
<bounds x="74" y="639" width="268" height="174"/>
</OView>
<OView class="oracle.dbtools.crest.swingui.relational.TVTable" oid="885E2996-3542-DC3A-6C7B-9DDDE2F4E079" otype="Table" vid="20C418E0-7107-3537-6677-EA4E234AAA2D">
<hideElementsInCurrentOnly>false</hideElementsInCurrentOnly>
<bounds x="1172" y="308" width="277" height="93"/>
</OView>
<OView class="oracle.dbtools.crest.swingui.relational.TVTable" oid="887DB3A1-D014-38DC-6141-937D22A53D84" otype="Table" vid="9B5BAFAA-3937-CB03-427A-7FDBE8D9EBB5">
<hideElementsInCurrentOnly>false</hideElementsInCurrentOnly>
<bounds x="1260" y="31" width="212" height="168"/>
</OView>
<OView class="oracle.dbtools.crest.swingui.relational.TVTable" oid="9078A195-6ACC-EE50-3748-9CFE51EF5760" otype="Table" vid="2D671472-C8E0-6D8F-851A-01BBBA66D399">
<hideElementsInCurrentOnly>false</hideElementsInCurrentOnly>
<bounds x="463" y="164" width="176" height="78"/>
</OView>
<OView class="oracle.dbtools.crest.swingui.relational.TVTable" oid="9F272C3B-7740-208C-D48E-79713D92A445" otype="Table" vid="27B87BFC-E1F1-A631-E7A6-B73975D3FE3B">
<hideElementsInCurrentOnly>false</hideElementsInCurrentOnly>
<bounds x="961" y="212" width="179" height="99"/>
</OView>
<OView class="oracle.dbtools.crest.swingui.relational.TVTable" oid="A1442D0B-8660-2706-1AF0-BA8AEC120A59" otype="Table" vid="779416F2-9354-2437-9CEE-373EA6EFFB27">
<hideElementsInCurrentOnly>false</hideElementsInCurrentOnly>
<bounds x="32" y="369" width="198" height="153"/>
</OView>
<OView class="oracle.dbtools.crest.swingui.relational.TVTable" oid="CFA4A17E-ECAB-C62B-7A6F-EBDD1CB8FF0C" otype="Table" vid="C4C572E1-34BC-452B-8BAC-3B4E2BF1D770">
<hideElementsInCurrentOnly>false</hideElementsInCurrentOnly>
<bounds x="481" y="751" width="226" height="93"/>
</OView>
<OView class="oracle.dbtools.crest.swingui.relational.TVTable" oid="D17BCFD3-D572-DD49-642C-80EAF89300B4" otype="Table" vid="C77648BD-9CF1-327B-499D-0E278F265105">
<hideElementsInCurrentOnly>false</hideElementsInCurrentOnly>
<bounds x="392" y="282" width="289" height="123"/>
</OView>
<OView class="oracle.dbtools.crest.swingui.relational.TVTable" oid="DFFC706D-A107-E73D-8523-C4006B92E41F" otype="Table" vid="3001A147-F224-C135-BEB6-629AE404E866">
<hideElementsInCurrentOnly>false</hideElementsInCurrentOnly>
<bounds x="415" y="449" width="298" height="240"/>
</OView>
<OView class="oracle.dbtools.crest.swingui.relational.TVTable" oid="F425FBE4-6C78-58EA-FCBC-09318EC71FC6" otype="Table" vid="09ACC5BA-3ED1-8E76-DD75-E6FB8A80DDD9">
<hideElementsInCurrentOnly>false</hideElementsInCurrentOnly>
<bounds x="730" y="27" width="181" height="84"/>
</OView>
<OView class="oracle.dbtools.crest.swingui.relational.TVTable" oid="F528DE24-5132-A3B1-119B-BCDFED38814F" otype="Table" vid="9BC02932-91F5-609C-C277-8B6F7B668D9A">
<hideElementsInCurrentOnly>false</hideElementsInCurrentOnly>
<bounds x="955" y="47" width="273" height="129"/>
</OView>
<OView class="oracle.dbtools.crest.swingui.relational.TVTable" oid="F61AA46B-A529-0762-7871-0904006F7A8D" otype="Table" vid="148D3288-CB2D-C869-A2EA-01C6A4D58C8C">
<hideElementsInCurrentOnly>false</hideElementsInCurrentOnly>
<bounds x="842" y="536" width="217" height="114"/>
</OView>
</objectViews>
<connectors>
<Connector class="oracle.dbtools.crest.swingui.relational.TVFKRelation" oid="09A11A96-3F9E-1714-BCBD-849B41192FDC" otype="FKIndexAssociation" vid_source="9B5BAFAA-3937-CB03-427A-7FDBE8D9EBB5" vid_target="20C418E0-7107-3537-6677-EA4E234AAA2D">
<hideElementsInCurrentOnly>false</hideElementsInCurrentOnly>
<backgroundColor>-16777216</backgroundColor>
<lineWidth>1</lineWidth>
<points>
<point x="1354" y="199"/>
<point x="1354" y="308"/>
</points>
</Connector>
<Connector class="oracle.dbtools.crest.swingui.relational.TVFKRelation" oid="19F9554F-9CFA-A3C2-6BEC-C6B80C539F56" otype="FKIndexAssociation" vid_source="779416F2-9354-2437-9CEE-373EA6EFFB27" vid_target="EA7C2E08-BD7A-71D7-D78F-8ACC5B9969A6">
<hideElementsInCurrentOnly>false</hideElementsInCurrentOnly>
<backgroundColor>-16777216</backgroundColor>
<lineWidth>1</lineWidth>
<points>
<point x="230" y="435"/>
<point x="842" y="435"/>
</points>
</Connector>
<Connector class="oracle.dbtools.crest.swingui.relational.TVFKRelation" oid="2734D586-BDD0-6924-BCCD-5650364F2B48" otype="FKIndexAssociation" vid_source="09ACC5BA-3ED1-8E76-DD75-E6FB8A80DDD9" vid_target="9BC02932-91F5-609C-C277-8B6F7B668D9A">
<hideElementsInCurrentOnly>false</hideElementsInCurrentOnly>
<backgroundColor>-16777216</backgroundColor>
<lineWidth>1</lineWidth>
<points>
<point x="911" y="79"/>
<point x="955" y="79"/>
</points>
</Connector>
<Connector class="oracle.dbtools.crest.swingui.relational.TVFKRelation" oid="34346FF6-402A-6C96-20F2-A6553EFCA63B" otype="FKIndexAssociation" vid_source="779416F2-9354-2437-9CEE-373EA6EFFB27" vid_target="C77648BD-9CF1-327B-499D-0E278F265105">
<hideElementsInCurrentOnly>false</hideElementsInCurrentOnly>
<backgroundColor>-16777216</backgroundColor>
<lineWidth>1</lineWidth>
<points>
<point x="230" y="387"/>
<point x="392" y="387"/>
</points>
</Connector>
<Connector class="oracle.dbtools.crest.swingui.relational.TVFKRelation" oid="592E6700-6C5D-6FFF-BAF4-4904E1FE7818" otype="FKIndexAssociation" vid_source="09ACC5BA-3ED1-8E76-DD75-E6FB8A80DDD9" vid_target="D5B6DFAE-1E3C-6706-3897-3228071EC130">
<hideElementsInCurrentOnly>false</hideElementsInCurrentOnly>
<backgroundColor>-16777216</backgroundColor>
<lineWidth>1</lineWidth>
<points>
<point x="730" y="69"/>
<point x="662" y="69"/>
</points>
</Connector>
<Connector class="oracle.dbtools.crest.swingui.relational.TVFKRelation" oid="687F5A42-B345-1F08-2C49-3A0AB44A9DBF" otype="FKIndexAssociation" vid_source="9B5BAFAA-3937-CB03-427A-7FDBE8D9EBB5" vid_target="9BC02932-91F5-609C-C277-8B6F7B668D9A">
<hideElementsInCurrentOnly>false</hideElementsInCurrentOnly>
<backgroundColor>-16777216</backgroundColor>
<lineWidth>1</lineWidth>
<points>
<point x="1260" y="111"/>
<point x="1228" y="111"/>
</points>
</Connector>
<Connector class="oracle.dbtools.crest.swingui.relational.TVFKRelation" oid="79A34613-6788-FDBF-A7A1-7E6050AF1001" otype="FKIndexAssociation" vid_source="2F407EF5-CAA0-33B3-D8A3-6263ECD039D1" vid_target="148D3288-CB2D-C869-A2EA-01C6A4D58C8C">
<hideElementsInCurrentOnly>false</hideElementsInCurrentOnly>
<backgroundColor>-16777216</backgroundColor>
<lineWidth>1</lineWidth>
<points>
<point x="1219" y="552"/>
<point x="1059" y="552"/>
</points>
</Connector>
<Connector class="oracle.dbtools.crest.swingui.relational.TVFKRelation" oid="846E7B2C-673F-2E36-6A95-A084EF1511C2" otype="FKIndexAssociation" vid_source="1146CABC-B36E-7CFA-8711-9D390CD7A63E" vid_target="27B87BFC-E1F1-A631-E7A6-B73975D3FE3B">
<hideElementsInCurrentOnly>false</hideElementsInCurrentOnly>
<backgroundColor>-16777216</backgroundColor>
<lineWidth>1</lineWidth>
<points>
<point x="923" y="259"/>
<point x="961" y="259"/>
</points>
</Connector>
<Connector class="oracle.dbtools.crest.swingui.relational.TVFKRelation" oid="89E9DFE8-E41C-B741-E88F-865235ABE331" otype="FKIndexAssociation" vid_source="5E6A1918-A40B-D6F5-501A-AEE2E2AAFDC5" vid_target="147DAB35-35ED-70F8-B19D-8A105B882FE0">
<hideElementsInCurrentOnly>false</hideElementsInCurrentOnly>
<backgroundColor>-16777216</backgroundColor>
<lineWidth>1</lineWidth>
<points>
<point x="240" y="91"/>
<point x="240" y="139"/>
</points>
</Connector>
<Connector class="oracle.dbtools.crest.swingui.relational.TVFKRelation" oid="AB970F49-8D25-FAE5-C3D0-CA7EF7223C1A" otype="FKIndexAssociation" vid_source="27B87BFC-E1F1-A631-E7A6-B73975D3FE3B" vid_target="EA7C2E08-BD7A-71D7-D78F-8ACC5B9969A6">
<hideElementsInCurrentOnly>false</hideElementsInCurrentOnly>
<backgroundColor>-16777216</backgroundColor>
<lineWidth>1</lineWidth>
<points>
<point x="1042" y="311"/>
<point x="1042" y="371"/>
</points>
</Connector>
<Connector class="oracle.dbtools.crest.swingui.relational.TVFKRelation" oid="C23D90F4-F88C-5437-5011-BA17E91CC362" otype="FKIndexAssociation" vid_source="2D671472-C8E0-6D8F-851A-01BBBA66D399" vid_target="C77648BD-9CF1-327B-499D-0E278F265105">
<hideElementsInCurrentOnly>false</hideElementsInCurrentOnly>
<backgroundColor>-16777216</backgroundColor>
<lineWidth>1</lineWidth>
<points>
<point x="551" y="242"/>
<point x="551" y="282"/>
</points>
</Connector>
<Connector class="oracle.dbtools.crest.swingui.relational.TVFKRelation" oid="CE957B23-BABB-5630-9C99-63CE566C529B" otype="FKIndexAssociation" vid_source="2F407EF5-CAA0-33B3-D8A3-6263ECD039D1" vid_target="20C418E0-7107-3537-6677-EA4E234AAA2D">
<hideElementsInCurrentOnly>false</hideElementsInCurrentOnly>
<backgroundColor>-16777216</backgroundColor>
<lineWidth>1</lineWidth>
<points>
<point x="1319" y="475"/>
<point x="1319" y="401"/>
</points>
</Connector>
<Connector class="oracle.dbtools.crest.swingui.relational.TVFKRelation" oid="D350AF63-4246-B200-34EB-A470531E0123" otype="FKIndexAssociation" vid_source="1146CABC-B36E-7CFA-8711-9D390CD7A63E" vid_target="09ACC5BA-3ED1-8E76-DD75-E6FB8A80DDD9">
<hideElementsInCurrentOnly>false</hideElementsInCurrentOnly>
<backgroundColor>-16777216</backgroundColor>
<lineWidth>1</lineWidth>
<points>
<point x="820" y="183"/>
<point x="820" y="111"/>
</points>
</Connector>
<Connector class="oracle.dbtools.crest.swingui.relational.TVFKRelation" oid="D6064D39-200F-31DA-7705-2E625A2113F0" otype="FKIndexAssociation" vid_source="5E6A1918-A40B-D6F5-501A-AEE2E2AAFDC5" vid_target="D5B6DFAE-1E3C-6706-3897-3228071EC130">
<hideElementsInCurrentOnly>false</hideElementsInCurrentOnly>
<backgroundColor>-16777216</backgroundColor>
<lineWidth>1</lineWidth>
<points>
<point x="251" y="56"/>
<point x="379" y="56"/>
</points>
</Connector>
<Connector class="oracle.dbtools.crest.swingui.relational.TVFKRelation" oid="DAD9F31F-5E7E-D8C3-B530-D7637E82A4D1" otype="FKIndexAssociation" vid_source="779416F2-9354-2437-9CEE-373EA6EFFB27" vid_target="3001A147-F224-C135-BEB6-629AE404E866">
<hideElementsInCurrentOnly>false</hideElementsInCurrentOnly>
<backgroundColor>-16777216</backgroundColor>
<lineWidth>1</lineWidth>
<points>
<point x="230" y="485"/>
<point x="415" y="485"/>
</points>
</Connector>
<Connector class="oracle.dbtools.crest.swingui.relational.TVFKRelation" oid="E9557CE8-2493-94A2-42C7-11EE16194FA2" otype="FKIndexAssociation" vid_source="C4C572E1-34BC-452B-8BAC-3B4E2BF1D770" vid_target="3001A147-F224-C135-BEB6-629AE404E866">
<hideElementsInCurrentOnly>false</hideElementsInCurrentOnly>
<backgroundColor>-16777216</backgroundColor>
<lineWidth>1</lineWidth>
<points>
<point x="594" y="751"/>
<point x="594" y="689"/>
</points>
</Connector>
<Connector class="oracle.dbtools.crest.swingui.relational.TVFKRelation" oid="EB6BBDF5-F239-5729-F9FD-0E47B0188DC4" otype="FKIndexAssociation" vid_source="C4C572E1-34BC-452B-8BAC-3B4E2BF1D770" vid_target="7DEE192E-80FB-BCD8-4E4F-E8E27185DD9D">
<hideElementsInCurrentOnly>false</hideElementsInCurrentOnly>
<backgroundColor>-16777216</backgroundColor>
<lineWidth>1</lineWidth>
<points>
<point x="481" y="782"/>
<point x="342" y="782"/>
</points>
</Connector>
<Connector class="oracle.dbtools.crest.swingui.relational.TVFKRelation" oid="EDE05C18-469D-6731-A358-374BA638DDF8" otype="FKIndexAssociation" vid_source="148D3288-CB2D-C869-A2EA-01C6A4D58C8C" vid_target="3001A147-F224-C135-BEB6-629AE404E866">
<hideElementsInCurrentOnly>false</hideElementsInCurrentOnly>
<backgroundColor>-16777216</backgroundColor>
<lineWidth>1</lineWidth>
<points>
<point x="842" y="593"/>
<point x="713" y="593"/>
</points>
</Connector>
<Connector class="oracle.dbtools.crest.swingui.relational.TVFKRelation" oid="F5B20ECA-2489-B6DF-1596-44422DCCCD77" otype="FKIndexAssociation" vid_source="5E6A1918-A40B-D6F5-501A-AEE2E2AAFDC5" vid_target="4ED53CDF-BA1A-CFF1-0C6E-D2D77B4A8818">
<hideElementsInCurrentOnly>false</hideElementsInCurrentOnly>
<backgroundColor>-16777216</backgroundColor>
<lineWidth>1</lineWidth>
<points>
<point x="134" y="91"/>
<point x="134" y="129"/>
</points>
</Connector>
</connectors>
<arcs>
<Arc class="oracle.dbtools.crest.swingui.relational.TVFKArc" oid="2C5C712C-28FA-C107-08FA-9B98FE8279CE" otype="FKArc" vid="7FF279CB-D2FC-8949-2F96-C448D53235C3">
<hideElementsInCurrentOnly>false</hideElementsInCurrentOnly>
<bounds x="39" y="-7" width="232" height="118"/>
</Arc>
<Arc class="oracle.dbtools.crest.swingui.relational.TVFKArc" oid="649C4C7D-CC3B-98E1-99CD-8040DCB2C9A2" otype="FKArc" vid="F336722F-B8E9-8D0C-B27D-7B283E7ADCA7">
<hideElementsInCurrentOnly>false</hideElementsInCurrentOnly>
<bounds x="697" y="163" width="246" height="163"/>
</Arc>
</arcs>
</Diagram>