<?xml version = '1.0' encoding = 'UTF-8'?>
<FKArc class="oracle.dbtools.crest.model.design.relational.FKArc" directorySegmentName="seg_0" id="0B484FA2-76B1-8F40-7A8E-77D66C3F87FE" name="FKArc_1">
<createdBy>邓新宇</createdBy>
<createdTime>2022-12-05 19:44:55 UTC</createdTime>
<ownerDesignName>project</ownerDesignName>
<mandatory>true</mandatory>
<reverseArc>true</reverseArc>
<table>C08EC617-E06B-4498-E5B2-1DDC859716AB</table>
<discriminatorColumn>075E79D9-F1D0-15B1-34BB-FBCA231D5CEA</discriminatorColumn>
<fkeys>
<fkeyID>88CBE3E2-9B6C-83DC-DD2A-B44A6A02DFC9</fkeyID>
<fkeyID>0CCB31C0-1580-3DD0-A57F-E93B237DC018</fkeyID>
</fkeys>
</FKArc>