<?xml version = '1.0' encoding = 'UTF-8'?>
<FKArc class="oracle.dbtools.crest.model.design.relational.FKArc" directorySegmentName="seg_0" id="EB86D358-582C-7630-7F0A-54CCA04EEC79" name="FKArc_2">
<createdBy>邓新宇</createdBy>
<createdTime>2022-12-05 19:44:56 UTC</createdTime>
<ownerDesignName>project</ownerDesignName>
<mandatory>true</mandatory>
<reverseArc>true</reverseArc>
<table>47AC3E91-6CD0-0763-0BF4-D673808AB1C4</table>
<discriminatorColumn>C0221AB8-2543-49B4-671A-99D2ED72B181</discriminatorColumn>
<fkeys>
<fkeyID>653FF85A-C167-EA59-5248-8EB444B96C05</fkeyID>
<fkeyID>80C94246-90A4-4AF4-D49C-A17A3E8F54BE</fkeyID>
</fkeys>
</FKArc>