<?xml version = '1.0' encoding = 'UTF-8'?>
<Table class="oracle.dbtools.crest.model.design.relational.Table" directorySegmentName="seg_0" id="19E83475-7F92-75C6-5729-B64152350B81" name="PAYMENT">
<createdBy>邓新宇</createdBy>
<createdTime>2022-12-05 19:44:55 UTC</createdTime>
<generatorID>6FAE0FFE-7ADD-1603-FB69-8D5FBCD84FEB</generatorID>
<ownerDesignName>project</ownerDesignName>
<allowColumnReorder>false</allowColumnReorder>
<existDependencyGenerateInDDl>true</existDependencyGenerateInDDl>
<parsed>true</parsed>
<columns itemClass="oracle.dbtools.crest.model.design.relational.Column">
<Column name="PAYMENT_ID" id="C36696CF-A202-EC6F-AE03-88980FB958A8">
<createdBy>邓新宇</createdBy>
<createdTime>2022-12-05 19:44:55 UTC</createdTime>
<generatorID>F3CF1038-34ED-8D99-E22C-EDE71073055B</generatorID>
<ownerDesignName>project</ownerDesignName>
<useDomainConstraints>false</useDomainConstraints>
<use>1</use>
<logicalDatatype>LOGDT019</logicalDatatype>
<dataTypePrecision>10</dataTypePrecision>
<ownDataTypeParameters>,10,</ownDataTypeParameters>
<autoIncrementCycle>false</autoIncrementCycle>
</Column>
<Column name="PAYMENT_DATE" id="C6D34525-6754-46D6-7B85-E6182B1C35AC">
<createdBy>邓新宇</createdBy>
<createdTime>2022-12-05 19:44:55 UTC</createdTime>
<generatorID>B97D79BB-DAAF-4C58-B4BA-3CE3C9646A8C</generatorID>
<ownerDesignName>project</ownerDesignName>
<useDomainConstraints>false</useDomainConstraints>
<use>1</use>
<logicalDatatype>LOGDT007</logicalDatatype>
<ownDataTypeParameters>,,</ownDataTypeParameters>
<autoIncrementCycle>false</autoIncrementCycle>
</Column>
<Column name="PAYMENT_AMOUNT" id="06A1B839-2228-43FF-2916-37A32F8A987F">
<createdBy>邓新宇</createdBy>
<createdTime>2022-12-05 19:44:55 UTC</createdTime>
<generatorID>404D7397-BEDF-5FF0-DED2-EE181BE85990</generatorID>
<ownerDesignName>project</ownerDesignName>
<useDomainConstraints>false</useDomainConstraints>
<use>1</use>
<logicalDatatype>LOGDT019</logicalDatatype>
<dataTypePrecision>20</dataTypePrecision>
<dataTypeScale>2</dataTypeScale>
<ownDataTypeParameters>,20,2</ownDataTypeParameters>
<autoIncrementCycle>false</autoIncrementCycle>
</Column>
<Column name="PAYMENT_METHOD" id="0088E674-3DC3-2BED-14CD-8A341AB8051C">
<createdBy>邓新宇</createdBy>
<createdTime>2022-12-05 19:44:55 UTC</createdTime>
<generatorID>BFC55E8B-C5D1-0B40-5A19-B7D47F184908</generatorID>
<ownerDesignName>project</ownerDesignName>
<useDomainConstraints>false</useDomainConstraints>
<use>1</use>
<logicalDatatype>LOGDT024</logicalDatatype>
<dataTypeSize>15</dataTypeSize>
<ownDataTypeParameters>15,,</ownDataTypeParameters>
<autoIncrementCycle>false</autoIncrementCycle>
</Column>
<Column name="ACC_FNAME" id="9B6BB4CB-6B2F-F99A-3661-C130FF8C3548">
<createdBy>邓新宇</createdBy>
<createdTime>2022-12-05 19:44:55 UTC</createdTime>
<generatorID>998D3393-B65E-4946-4223-8CDCD4A56332</generatorID>
<ownerDesignName>project</ownerDesignName>
<useDomainConstraints>false</useDomainConstraints>
<use>1</use>
<logicalDatatype>LOGDT024</logicalDatatype>
<dataTypeSize>15</dataTypeSize>
<ownDataTypeParameters>15,,</ownDataTypeParameters>
<autoIncrementCycle>false</autoIncrementCycle>
</Column>
<Column name="ACC_LNAME" id="A62DEEC3-EDDA-740D-65C6-A15DA58C152A">
<createdBy>邓新宇</createdBy>
<createdTime>2022-12-05 19:44:55 UTC</createdTime>
<generatorID>653B4402-7EEE-18D4-723F-FB0EBE5C12AC</generatorID>
<ownerDesignName>project</ownerDesignName>
<useDomainConstraints>false</useDomainConstraints>
<use>1</use>
<logicalDatatype>LOGDT024</logicalDatatype>
<dataTypeSize>15</dataTypeSize>
<ownDataTypeParameters>15,,</ownDataTypeParameters>
<autoIncrementCycle>false</autoIncrementCycle>
</Column>
<Column name="INVOICE_INVOICE_ID" id="25FE9FBC-81C6-B7BF-F109-1799BC2F1AD2">
<createdBy>邓新宇</createdBy>
<createdTime>2022-12-05 19:44:55 UTC</createdTime>
<generatorID>D1C64907-0B5F-AAC5-B2C0-DDF5F58759B8</generatorID>
<ownerDesignName>project</ownerDesignName>
<useDomainConstraints>false</useDomainConstraints>
<use>1</use>
<logicalDatatype>LOGDT019</logicalDatatype>
<dataTypePrecision>10</dataTypePrecision>
<ownDataTypeParameters>,,</ownDataTypeParameters>
<previousColumn>false</previousColumn>
<autoIncrementCycle>false</autoIncrementCycle>
<associations>
<colAssociation fkAssociation="F9CDCAC8-1BCA-A984-017D-08B8D09C4682" referredColumn="241965C0-325D-3EB3-B727-581690ED62C9"/>
</associations>
</Column>
</columns>
<indexes itemClass="oracle.dbtools.crest.model.design.relational.Index">
<ind_PK_UK id="51F01058-41A8-F514-6B72-D99338D18024" name="PAYMENT_PK">
<createdBy>邓新宇</createdBy>
<createdTime>2022-12-05 19:44:55 UTC</createdTime>
<generatorID>B2185F68-3309-F42D-590B-2A318E50E200</generatorID>
<ownerDesignName>project</ownerDesignName>
<pk>true</pk>
<indexState>Primary Constraint</indexState>
<isSurrogateKey>false</isSurrogateKey>
<indexColumnUsage>
<colUsage columnID="C36696CF-A202-EC6F-AE03-88980FB958A8"/>
</indexColumnUsage>
</ind_PK_UK>
<ind_PK_UK id="0B222ED8-5F33-E963-2D13-2D6987A0ACDE" name="PAYMENT_INVOICE_FK">
<createdBy>邓新宇</createdBy>
<createdTime>2022-12-05 19:44:56 UTC</createdTime>
<generatorID>4B35BCEA-A08E-1E9F-10FB-0A9A88777C6B</generatorID>
<ownerDesignName>project</ownerDesignName>
<indexState>Foreign Key</indexState>
<isSurrogateKey>false</isSurrogateKey>
<indexColumnUsage>
<colUsage columnID="25FE9FBC-81C6-B7BF-F109-1799BC2F1AD2"/>
</indexColumnUsage>
</ind_PK_UK>
</indexes>
</Table>