<?xml version = '1.0' encoding = 'UTF-8'?>
<Table class="oracle.dbtools.crest.model.design.relational.Table" directorySegmentName="seg_0" id="271E0ADE-6D84-DE5F-E468-EF65B6921F37" name="CUS_RENTAL">
<createdBy>邓新宇</createdBy>
<createdTime>2022-12-05 19:44:55 UTC</createdTime>
<generatorID>CA02424C-79FB-B2D1-1BDA-461DAEACE663</generatorID>
<ownerDesignName>project</ownerDesignName>
<allowColumnReorder>false</allowColumnReorder>
<existDependencyGenerateInDDl>true</existDependencyGenerateInDDl>
<parsed>true</parsed>
<columns itemClass="oracle.dbtools.crest.model.design.relational.Column">
<Column name="CUSTOMER_CUS_ID" id="3C9F084A-FE53-94A8-E7BF-DECD923A2490">
<createdBy>邓新宇</createdBy>
<createdTime>2022-12-05 19:44:55 UTC</createdTime>
<generatorID>F62A7B9A-F2F2-E3C3-017F-F04BDD97593A</generatorID>
<ownerDesignName>project</ownerDesignName>
<useDomainConstraints>false</useDomainConstraints>
<use>1</use>
<logicalDatatype>LOGDT019</logicalDatatype>
<dataTypePrecision>10</dataTypePrecision>
<ownDataTypeParameters>,,</ownDataTypeParameters>
<previousColumn>false</previousColumn>
<autoIncrementCycle>false</autoIncrementCycle>
<associations>
<colAssociation fkAssociation="6EFD4C48-6330-4641-3DF1-208EC0824896" referredColumn="E8EF9CD8-DD40-745E-3E75-972D6C011721"/>
</associations>
</Column>
<Column name="INVOICE_INVOICE_ID" id="890FB2C9-4783-ACC1-0EFB-CF085F5941C1">
<createdBy>邓新宇</createdBy>
<createdTime>2022-12-05 19:44:55 UTC</createdTime>
<generatorID>D556158B-2218-9915-1C6D-55B367454544</generatorID>
<ownerDesignName>project</ownerDesignName>
<useDomainConstraints>false</useDomainConstraints>
<use>1</use>
<logicalDatatype>LOGDT019</logicalDatatype>
<dataTypePrecision>10</dataTypePrecision>
<ownDataTypeParameters>,,</ownDataTypeParameters>
<previousColumn>false</previousColumn>
<autoIncrementCycle>false</autoIncrementCycle>
<associations>
<colAssociation fkAssociation="111D23A8-47F3-8D4C-0A5F-5DCDA928AFD5" referredColumn="241965C0-325D-3EB3-B727-581690ED62C9"/>
</associations>
</Column>
<Column name="COPY_COPY_ID" id="ED9F6A38-3987-A36E-D4BE-3D6A388D30E7">
<createdBy>邓新宇</createdBy>
<createdTime>2022-12-05 19:44:55 UTC</createdTime>
<generatorID>43F71C72-E48B-0646-DAF6-9C0733D0A619</generatorID>
<ownerDesignName>project</ownerDesignName>
<useDomainConstraints>false</useDomainConstraints>
<use>1</use>
<logicalDatatype>LOGDT019</logicalDatatype>
<dataTypePrecision>10</dataTypePrecision>
<ownDataTypeParameters>,,</ownDataTypeParameters>
<previousColumn>false</previousColumn>
<autoIncrementCycle>false</autoIncrementCycle>
<associations>
<colAssociation fkAssociation="CA7C5628-5BF6-AD36-C2FF-A09862F1CB16" referredColumn="7AA90F5A-F7EB-8D85-C0EE-14BA885A91AE"/>
</associations>
</Column>
<Column name="REN_ID" id="565F790E-94C5-8C55-0D28-0481C0DE07E8">
<createdBy>邓新宇</createdBy>
<createdTime>2022-12-05 19:44:55 UTC</createdTime>
<generatorID>4331155C-C66B-88C1-6A3C-2ED3D639F572</generatorID>
<ownerDesignName>project</ownerDesignName>
<useDomainConstraints>false</useDomainConstraints>
<use>1</use>
<logicalDatatype>LOGDT019</logicalDatatype>
<dataTypePrecision>15</dataTypePrecision>
<ownDataTypeParameters>,15,</ownDataTypeParameters>
<autoIncrementCycle>false</autoIncrementCycle>
</Column>
<Column name="REN_STATUS" id="753631B1-3791-BCEF-41A4-579692CC7BBD">
<createdBy>邓新宇</createdBy>
<createdTime>2022-12-05 19:44:55 UTC</createdTime>
<generatorID>00E80036-7DE6-2478-54EC-C4F7C046F642</generatorID>
<ownerDesignName>project</ownerDesignName>
<useDomainConstraints>false</useDomainConstraints>
<use>1</use>
<logicalDatatype>LOGDT035</logicalDatatype>
<dataTypeSize>1</dataTypeSize>
<ownDataTypeParameters>1,,</ownDataTypeParameters>
<autoIncrementCycle>false</autoIncrementCycle>
</Column>
<Column name="STAR_DATE" id="BAAB4D9B-19B6-B73C-96C5-7AE826664FFE">
<createdBy>邓新宇</createdBy>
<createdTime>2022-12-05 19:44:55 UTC</createdTime>
<generatorID>8432A7BC-36D4-9E2A-79E5-3288B497D5F5</generatorID>
<ownerDesignName>project</ownerDesignName>
<useDomainConstraints>false</useDomainConstraints>
<use>1</use>
<logicalDatatype>LOGDT007</logicalDatatype>
<ownDataTypeParameters>,,</ownDataTypeParameters>
<autoIncrementCycle>false</autoIncrementCycle>
</Column>
<Column name="EXPE_DATE" id="0C8BE183-FB03-E532-40CF-CDE0C4203652">
<createdBy>邓新宇</createdBy>
<createdTime>2022-12-05 19:44:55 UTC</createdTime>
<generatorID>44A77891-2EA7-20F7-4935-C93167C02F50</generatorID>
<ownerDesignName>project</ownerDesignName>
<useDomainConstraints>false</useDomainConstraints>
<use>1</use>
<logicalDatatype>LOGDT007</logicalDatatype>
<ownDataTypeParameters>,,</ownDataTypeParameters>
<autoIncrementCycle>false</autoIncrementCycle>
</Column>
<Column name="RET_DATE" id="50ECCF35-5FD3-C715-2E05-E678D1BDF5CD">
<createdBy>邓新宇</createdBy>
<createdTime>2022-12-05 19:44:55 UTC</createdTime>
<generatorID>93B14F11-FB77-01C9-9868-DA36A85704CF</generatorID>
<ownerDesignName>project</ownerDesignName>
<nullsAllowed>true</nullsAllowed>
<useDomainConstraints>false</useDomainConstraints>
<use>1</use>
<logicalDatatype>LOGDT007</logicalDatatype>
<ownDataTypeParameters>,,</ownDataTypeParameters>
<autoIncrementCycle>false</autoIncrementCycle>
</Column>
</columns>
<indexes itemClass="oracle.dbtools.crest.model.design.relational.Index">
<ind_PK_UK id="770DB12B-10F7-F809-4324-0B2C6DC9C72F" name="CUS_RENTAL_PK">
<createdBy>邓新宇</createdBy>
<createdTime>2022-12-05 19:44:55 UTC</createdTime>
<generatorID>D2BA0298-0A46-3B12-545D-93A2DC3887CD</generatorID>
<ownerDesignName>project</ownerDesignName>
<pk>true</pk>
<indexState>Primary Constraint</indexState>
<isSurrogateKey>false</isSurrogateKey>
<indexColumnUsage>
<colUsage columnID="565F790E-94C5-8C55-0D28-0481C0DE07E8"/>
</indexColumnUsage>
</ind_PK_UK>
<ind_PK_UK id="922BCC51-D3F6-3228-9513-FF2FAFAB4557" name="CUS_RENTAL__IDX">
<createdBy>邓新宇</createdBy>
<createdTime>2022-12-05 19:44:56 UTC</createdTime>
<ownerDesignName>project</ownerDesignName>
<indexState>Unique Plain Index</indexState>
<isSurrogateKey>false</isSurrogateKey>
<relationGeneratorID>B40A13E8-C1D1-78F9-5C24-534690513521</relationGeneratorID>
<indexColumnUsage>
<colUsage columnID="890FB2C9-4783-ACC1-0EFB-CF085F5941C1"/>
</indexColumnUsage>
</ind_PK_UK>
<ind_PK_UK id="7912FFC9-3DF8-F6FB-352B-3252942E6B84" name="CUS_RENTAL_CUSTOMER_FK">
<createdBy>邓新宇</createdBy>
<createdTime>2022-12-05 19:44:56 UTC</createdTime>
<generatorID>5315C99E-7FFC-7809-5371-A18895D5BBCE</generatorID>
<ownerDesignName>project</ownerDesignName>
<indexState>Foreign Key</indexState>
<isSurrogateKey>false</isSurrogateKey>
<indexColumnUsage>
<colUsage columnID="3C9F084A-FE53-94A8-E7BF-DECD923A2490"/>
</indexColumnUsage>
</ind_PK_UK>
<ind_PK_UK id="876CA0A9-1186-3621-57DC-280084947AFE" name="CUS_RENTAL_INVOICE_FK">
<createdBy>邓新宇</createdBy>
<createdTime>2022-12-05 19:44:56 UTC</createdTime>
<generatorID>B40A13E8-C1D1-78F9-5C24-534690513521</generatorID>
<ownerDesignName>project</ownerDesignName>
<indexState>Foreign Key</indexState>
<isSurrogateKey>false</isSurrogateKey>
<indexColumnUsage>
<colUsage columnID="890FB2C9-4783-ACC1-0EFB-CF085F5941C1"/>
</indexColumnUsage>
</ind_PK_UK>
<ind_PK_UK id="56D1A964-B7BF-2A71-D1B9-E4737CBAE0CE" name="CUS_RENTAL_COPY_FK">
<createdBy>邓新宇</createdBy>
<createdTime>2022-12-05 19:44:56 UTC</createdTime>
<generatorID>5FDCAF58-6798-5B3C-12B0-64AB86A8AD09</generatorID>
<ownerDesignName>project</ownerDesignName>
<indexState>Foreign Key</indexState>
<isSurrogateKey>false</isSurrogateKey>
<indexColumnUsage>
<colUsage columnID="ED9F6A38-3987-A36E-D4BE-3D6A388D30E7"/>
</indexColumnUsage>
</ind_PK_UK>
</indexes>
</Table>