<?xml version = '1.0' encoding = 'UTF-8'?>
<Table class="oracle.dbtools.crest.model.design.relational.Table" directorySegmentName="seg_0" id="47AC3E91-6CD0-0763-0BF4-D673808AB1C4" name="SPONSOR">
<createdBy>邓新宇</createdBy>
<createdTime>2022-12-05 19:44:55 UTC</createdTime>
<generatorID>124F6B5E-38BE-2013-540D-1B9A2C0F92F4</generatorID>
<ownerDesignName>project</ownerDesignName>
<allowColumnReorder>false</allowColumnReorder>
<existDependencyGenerateInDDl>true</existDependencyGenerateInDDl>
<parsed>true</parsed>
<columns itemClass="oracle.dbtools.crest.model.design.relational.Column">
<Column name="SPON_ID" id="FFBBD279-154A-A09A-EEA5-F045896E38DD">
<createdBy>邓新宇</createdBy>
<createdTime>2022-12-05 19:44:55 UTC</createdTime>
<generatorID>CE40936D-9681-2492-D94D-6A99C36C475B</generatorID>
<ownerDesignName>project</ownerDesignName>
<useDomainConstraints>false</useDomainConstraints>
<use>1</use>
<logicalDatatype>LOGDT019</logicalDatatype>
<dataTypePrecision>10</dataTypePrecision>
<ownDataTypeParameters>,10,</ownDataTypeParameters>
<autoIncrementCycle>false</autoIncrementCycle>
</Column>
<Column name="SPON_TYPE" id="C0221AB8-2543-49B4-671A-99D2ED72B181">
<createdBy>邓新宇</createdBy>
<createdTime>2022-12-05 19:44:55 UTC</createdTime>
<generatorID>D99808C0-AC6E-C07D-7F41-BCB8FD152123</generatorID>
<ownerDesignName>project</ownerDesignName>
<constraintName>CH_INH_SPONSOR</constraintName>
<useDomainConstraints>false</useDomainConstraints>
<use>1</use>
<logicalDatatype>LOGDT024</logicalDatatype>
<dataTypeSize>1</dataTypeSize>
<listOfValues>
<valueDef value="I" description="entity INDI"/>
<valueDef value="O" description="entity ORG"/>
</listOfValues>
<ownDataTypeParameters>1,,</ownDataTypeParameters>
<autoIncrementCycle>false</autoIncrementCycle>
<isDiscriminatorColumn>true</isDiscriminatorColumn>
</Column>
</columns>
<indexes itemClass="oracle.dbtools.crest.model.design.relational.Index">
<ind_PK_UK id="A0E40ED5-9A08-A437-6914-27F3E0BC861F" name="SPONSOR_PK">
<createdBy>邓新宇</createdBy>
<createdTime>2022-12-05 19:44:55 UTC</createdTime>
<generatorID>CAF6A69C-4DDA-C7A0-72B0-48FB47BFD1CF</generatorID>
<ownerDesignName>project</ownerDesignName>
<pk>true</pk>
<indexState>Primary Constraint</indexState>
<isSurrogateKey>false</isSurrogateKey>
<indexColumnUsage>
<colUsage columnID="FFBBD279-154A-A09A-EEA5-F045896E38DD"/>
</indexColumnUsage>
</ind_PK_UK>
</indexes>
</Table>