<?xml version = '1.0' encoding = 'UTF-8'?>
<Table class="oracle.dbtools.crest.model.design.relational.Table" directorySegmentName="seg_0" id="574C6FB9-40E3-A09F-D0B2-A54311FB0272" name="SEMI_AUTHOR">
<createdBy>邓新宇</createdBy>
<createdTime>2022-12-05 19:44:55 UTC</createdTime>
<generatorID>DAC03AC4-4F3E-A87F-C0B3-B8BA57665D47</generatorID>
<ownerDesignName>project</ownerDesignName>
<allowColumnReorder>false</allowColumnReorder>
<existDependencyGenerateInDDl>true</existDependencyGenerateInDDl>
<parsed>true</parsed>
<columns itemClass="oracle.dbtools.crest.model.design.relational.Column">
<Column name="SEMI_EVENT_ID" id="FCF0B346-5B03-D06D-E5C0-EEB039F3203A">
<createdBy>邓新宇</createdBy>
<createdTime>2022-12-05 19:44:55 UTC</createdTime>
<generatorID>004B5FC4-9B65-02DF-E34E-BA91A7B17378</generatorID>
<ownerDesignName>project</ownerDesignName>
<useDomainConstraints>false</useDomainConstraints>
<use>1</use>
<logicalDatatype>LOGDT019</logicalDatatype>
<dataTypePrecision>10</dataTypePrecision>
<ownDataTypeParameters>,,</ownDataTypeParameters>
<previousColumn>false</previousColumn>
<autoIncrementCycle>false</autoIncrementCycle>
<associations>
<colAssociation fkAssociation="4FAC11DC-3AEE-1ECF-62BB-258D7AFB0225" referredColumn="A7558C55-7299-084A-F7E1-FB08E9A79AB8"/>
</associations>
</Column>
<Column name="INVITATION_ID" id="3078E70C-001B-4DC9-DA12-826D6390BF48">
<createdBy>邓新宇</createdBy>
<createdTime>2022-12-05 19:44:55 UTC</createdTime>
<generatorID>708E8EAB-CCC4-9775-EA2A-63C8A8D4C876</generatorID>
<ownerDesignName>project</ownerDesignName>
<useDomainConstraints>false</useDomainConstraints>
<use>1</use>
<logicalDatatype>LOGDT019</logicalDatatype>
<dataTypePrecision>20</dataTypePrecision>
<ownDataTypeParameters>,20,</ownDataTypeParameters>
<autoIncrementCycle>false</autoIncrementCycle>
</Column>
<Column name="AUTHOR_AUR_ID" id="B4519B70-5C92-357A-9A05-1045C062D74A">
<createdBy>邓新宇</createdBy>
<createdTime>2022-12-05 19:44:55 UTC</createdTime>
<generatorID>7D12C2F1-70DC-E916-BE73-F3270670C10E</generatorID>
<ownerDesignName>project</ownerDesignName>
<useDomainConstraints>false</useDomainConstraints>
<use>1</use>
<logicalDatatype>LOGDT019</logicalDatatype>
<dataTypePrecision>10</dataTypePrecision>
<ownDataTypeParameters>,,</ownDataTypeParameters>
<previousColumn>false</previousColumn>
<autoIncrementCycle>false</autoIncrementCycle>
<associations>
<colAssociation fkAssociation="79B9E935-BC20-4309-6385-57EA76D57B82" referredColumn="F0A325CC-C84E-9D0D-E1B4-FACDE510F401"/>
</associations>
</Column>
</columns>
<indexes itemClass="oracle.dbtools.crest.model.design.relational.Index">
<ind_PK_UK id="7482C6C9-C492-8901-CFDC-9936C929DF11" name="SEMI_AUTHOR_PK">
<createdBy>邓新宇</createdBy>
<createdTime>2022-12-05 19:44:55 UTC</createdTime>
<generatorID>B097AD1C-19F0-78ED-FEEC-2341232CCF37</generatorID>
<ownerDesignName>project</ownerDesignName>
<pk>true</pk>
<indexState>Primary Constraint</indexState>
<isSurrogateKey>false</isSurrogateKey>
<indexColumnUsage>
<colUsage columnID="3078E70C-001B-4DC9-DA12-826D6390BF48"/>
</indexColumnUsage>
</ind_PK_UK>
<ind_PK_UK id="E676243F-9CD7-EB5E-00A3-8DC98EF492B6" name="SEMI_AUTHOR_SEMI_FK">
<createdBy>邓新宇</createdBy>
<createdTime>2022-12-05 19:44:56 UTC</createdTime>
<generatorID>71E8F7A8-33B4-1342-8A29-80426836AD27</generatorID>
<ownerDesignName>project</ownerDesignName>
<indexState>Foreign Key</indexState>
<isSurrogateKey>false</isSurrogateKey>
<indexColumnUsage>
<colUsage columnID="FCF0B346-5B03-D06D-E5C0-EEB039F3203A"/>
</indexColumnUsage>
</ind_PK_UK>
<ind_PK_UK id="F27888B4-33C1-626B-427A-13035EAD9618" name="SEMI_AUTHOR_AUTHOR_FK">
<createdBy>邓新宇</createdBy>
<createdTime>2022-12-05 19:44:56 UTC</createdTime>
<generatorID>11701B63-008A-6E4A-C125-72B24D006D4D</generatorID>
<ownerDesignName>project</ownerDesignName>
<indexState>Foreign Key</indexState>
<isSurrogateKey>false</isSurrogateKey>
<indexColumnUsage>
<colUsage columnID="B4519B70-5C92-357A-9A05-1045C062D74A"/>
</indexColumnUsage>
</ind_PK_UK>
</indexes>
</Table>