<?xml version = '1.0' encoding = 'UTF-8'?>
<Table class="oracle.dbtools.crest.model.design.relational.Table" directorySegmentName="seg_0" id="7736CF5D-37A8-40BA-27E4-400D3C18EFDD" name="AUTHOR_BOOK">
<createdBy>邓新宇</createdBy>
<createdTime>2022-12-05 19:44:55 UTC</createdTime>
<generatorID>3423866D-0FE0-DEF4-E1A5-99149F9175C7</generatorID>
<ownerDesignName>project</ownerDesignName>
<allowColumnReorder>false</allowColumnReorder>
<existDependencyGenerateInDDl>true</existDependencyGenerateInDDl>
<parsed>true</parsed>
<columns itemClass="oracle.dbtools.crest.model.design.relational.Column">
<Column name="AUTHOR_AUR_ID" id="ADB95FB6-9DB7-C7A9-6B38-7881DAB88F04">
<createdBy>邓新宇</createdBy>
<createdTime>2022-12-05 19:44:55 UTC</createdTime>
<generatorID>66B83C5E-08DA-BED0-FA59-EC379CC4D86B</generatorID>
<ownerDesignName>project</ownerDesignName>
<useDomainConstraints>false</useDomainConstraints>
<use>1</use>
<logicalDatatype>LOGDT019</logicalDatatype>
<dataTypePrecision>10</dataTypePrecision>
<ownDataTypeParameters>,,</ownDataTypeParameters>
<previousColumn>false</previousColumn>
<autoIncrementCycle>false</autoIncrementCycle>
<associations>
<colAssociation fkAssociation="B7F48AE4-3828-C754-9930-4117B5C38F34" referredColumn="F0A325CC-C84E-9D0D-E1B4-FACDE510F401"/>
</associations>
</Column>
<Column name="BOOK_BOOK_ID" id="D0F2A093-D32C-14B1-6F23-119AF08E83F7">
<createdBy>邓新宇</createdBy>
<createdTime>2022-12-05 19:44:55 UTC</createdTime>
<generatorID>DD19F064-F6E3-F112-3C51-097B68FCE8FC</generatorID>
<ownerDesignName>project</ownerDesignName>
<useDomainConstraints>false</useDomainConstraints>
<use>1</use>
<logicalDatatype>LOGDT019</logicalDatatype>
<dataTypePrecision>10</dataTypePrecision>
<ownDataTypeParameters>,,</ownDataTypeParameters>
<previousColumn>false</previousColumn>
<autoIncrementCycle>false</autoIncrementCycle>
<associations>
<colAssociation fkAssociation="70373D2A-F4C3-3C46-BC7E-8653E39D8FC2" referredColumn="BB1EFD86-6E25-D319-5FB0-30A07AD52AC9"/>
</associations>
</Column>
</columns>
<indexes itemClass="oracle.dbtools.crest.model.design.relational.Index">
<ind_PK_UK id="7E9FCCAD-23CA-5D91-A466-F7A169B58138" name="AUTHOR_BOOK_AUTHOR_FK">
<createdBy>邓新宇</createdBy>
<createdTime>2022-12-05 19:44:56 UTC</createdTime>
<generatorID>D6D15164-0B93-B81A-CFA7-553078B5673C</generatorID>
<ownerDesignName>project</ownerDesignName>
<indexState>Foreign Key</indexState>
<isSurrogateKey>false</isSurrogateKey>
<indexColumnUsage>
<colUsage columnID="ADB95FB6-9DB7-C7A9-6B38-7881DAB88F04"/>
</indexColumnUsage>
</ind_PK_UK>
<ind_PK_UK id="E7289226-15F2-D23B-72D8-4504F7FDD827" name="AUTHOR_BOOK_BOOK_FK">
<createdBy>邓新宇</createdBy>
<createdTime>2022-12-05 19:44:56 UTC</createdTime>
<generatorID>5FC4583A-A1F8-3D8C-7C48-D7CAAB7152F5</generatorID>
<ownerDesignName>project</ownerDesignName>
<indexState>Foreign Key</indexState>
<isSurrogateKey>false</isSurrogateKey>
<indexColumnUsage>
<colUsage columnID="D0F2A093-D32C-14B1-6F23-119AF08E83F7"/>
</indexColumnUsage>
</ind_PK_UK>
</indexes>
</Table>