<?xml version = '1.0' encoding = 'UTF-8'?>
<Table class="oracle.dbtools.crest.model.design.relational.Table" directorySegmentName="seg_0" id="85ED785D-1C89-5B1D-AEBD-97F9BB32A1FB" name="ORG">
<createdBy>邓新宇</createdBy>
<createdTime>2022-12-05 19:44:55 UTC</createdTime>
<generatorID>3C376B8B-5F9A-B592-1A6E-592440F8FE02</generatorID>
<ownerDesignName>project</ownerDesignName>
<allowColumnReorder>false</allowColumnReorder>
<existDependencyGenerateInDDl>true</existDependencyGenerateInDDl>
<parsed>true</parsed>
<columns itemClass="oracle.dbtools.crest.model.design.relational.Column">
<Column name="SPON_ID" id="A0E58454-15B1-3883-6901-532966D95763">
<createdBy>邓新宇</createdBy>
<createdTime>2022-12-05 19:44:55 UTC</createdTime>
<generatorID>CE40936D-9681-2492-D94D-6A99C36C475B</generatorID>
<ownerDesignName>project</ownerDesignName>
<useDomainConstraints>false</useDomainConstraints>
<use>1</use>
<logicalDatatype>LOGDT019</logicalDatatype>
<dataTypePrecision>10</dataTypePrecision>
<ownDataTypeParameters>,,</ownDataTypeParameters>
<autoIncrementCycle>false</autoIncrementCycle>
<associations>
<colAssociation fkAssociation="80C94246-90A4-4AF4-D49C-A17A3E8F54BE" referredColumn="FFBBD279-154A-A09A-EEA5-F045896E38DD"/>
</associations>
</Column>
<Column name="NAME" id="609A680D-07B1-8280-04E8-1B94DBF86D8E">
<createdBy>邓新宇</createdBy>
<createdTime>2022-12-05 19:44:55 UTC</createdTime>
<generatorID>569D52FB-3377-2204-A16C-9B6D40DA030A</generatorID>
<ownerDesignName>project</ownerDesignName>
<useDomainConstraints>false</useDomainConstraints>
<use>1</use>
<logicalDatatype>LOGDT024</logicalDatatype>
<dataTypeSize>30</dataTypeSize>
<ownDataTypeParameters>30,,</ownDataTypeParameters>
<autoIncrementCycle>false</autoIncrementCycle>
</Column>
</columns>
<indexes itemClass="oracle.dbtools.crest.model.design.relational.Index">
<ind_PK_UK id="6F2753BF-1E98-5C43-287A-BA40A114FA07" name="ORG_PK">
<createdBy>邓新宇</createdBy>
<createdTime>2022-12-05 19:44:55 UTC</createdTime>
<generatorID>CAF6A69C-4DDA-C7A0-72B0-48FB47BFD1CF</generatorID>
<ownerDesignName>project</ownerDesignName>
<pk>true</pk>
<indexState>Primary Constraint</indexState>
<isSurrogateKey>false</isSurrogateKey>
<indexColumnUsage>
<colUsage columnID="A0E58454-15B1-3883-6901-532966D95763"/>
</indexColumnUsage>
</ind_PK_UK>
<ind_PK_UK id="287A7320-80DC-1780-3BD6-040F7135708C" name="ORG_SPONSOR_FK">
<createdBy>邓新宇</createdBy>
<createdTime>2022-12-05 19:44:55 UTC</createdTime>
<generatorID>F49DA05B-900B-529C-3A5C-A64F4AE9952E</generatorID>
<ownerDesignName>project</ownerDesignName>
<indexState>Foreign Key</indexState>
<isSurrogateKey>false</isSurrogateKey>
<indexColumnUsage>
<colUsage columnID="A0E58454-15B1-3883-6901-532966D95763"/>
</indexColumnUsage>
</ind_PK_UK>
</indexes>
</Table>