<?xml version = '1.0' encoding = 'UTF-8'?>
<Table class="oracle.dbtools.crest.model.design.relational.Table" directorySegmentName="seg_0" id="A8917243-1004-BDED-3865-1CA61C62D630" name="CUS_EXHI">
<createdBy>邓新宇</createdBy>
<createdTime>2022-12-05 19:44:55 UTC</createdTime>
<generatorID>9E08A152-D07A-D0AB-BE32-E4FEEB595A78</generatorID>
<ownerDesignName>project</ownerDesignName>
<allowColumnReorder>false</allowColumnReorder>
<existDependencyGenerateInDDl>true</existDependencyGenerateInDDl>
<parsed>true</parsed>
<columns itemClass="oracle.dbtools.crest.model.design.relational.Column">
<Column name="CUSTOMER_CUS_ID" id="91DAE968-2D5C-41DB-33DE-076D0EE1B283">
<createdBy>邓新宇</createdBy>
<createdTime>2022-12-05 19:44:55 UTC</createdTime>
<generatorID>A4491D94-6E6F-E822-03EE-F0639DA357E6</generatorID>
<ownerDesignName>project</ownerDesignName>
<useDomainConstraints>false</useDomainConstraints>
<use>1</use>
<logicalDatatype>LOGDT019</logicalDatatype>
<dataTypePrecision>10</dataTypePrecision>
<ownDataTypeParameters>,,</ownDataTypeParameters>
<previousColumn>false</previousColumn>
<autoIncrementCycle>false</autoIncrementCycle>
<associations>
<colAssociation fkAssociation="E067428C-B4F2-5772-D5D6-85C887323E28" referredColumn="E8EF9CD8-DD40-745E-3E75-972D6C011721"/>
</associations>
</Column>
<Column name="EXHI_EVENT_ID" id="98F771BE-65A7-4A17-4246-C45FCF21DD6D">
<createdBy>邓新宇</createdBy>
<createdTime>2022-12-05 19:44:55 UTC</createdTime>
<generatorID>DFBB732F-B2F6-568E-143C-98240D03F067</generatorID>
<ownerDesignName>project</ownerDesignName>
<useDomainConstraints>false</useDomainConstraints>
<use>1</use>
<logicalDatatype>LOGDT019</logicalDatatype>
<dataTypePrecision>10</dataTypePrecision>
<ownDataTypeParameters>,,</ownDataTypeParameters>
<previousColumn>false</previousColumn>
<autoIncrementCycle>false</autoIncrementCycle>
<associations>
<colAssociation fkAssociation="2689D3D2-93FF-376A-B095-DF1C54628C4B" referredColumn="82868548-ED87-94D0-C220-30697B7C4482"/>
</associations>
</Column>
<Column name="REGISTRATION_ID" id="37A362EF-A991-3C4A-D832-74DA62151F86">
<createdBy>邓新宇</createdBy>
<createdTime>2022-12-05 19:44:55 UTC</createdTime>
<generatorID>E6F55F05-2CC8-FF60-66BB-562259742CA8</generatorID>
<ownerDesignName>project</ownerDesignName>
<useDomainConstraints>false</useDomainConstraints>
<use>1</use>
<logicalDatatype>LOGDT019</logicalDatatype>
<dataTypePrecision>20</dataTypePrecision>
<ownDataTypeParameters>,20,</ownDataTypeParameters>
<autoIncrementCycle>false</autoIncrementCycle>
</Column>
</columns>
<indexes itemClass="oracle.dbtools.crest.model.design.relational.Index">
<ind_PK_UK id="7B24DE62-47CF-A0F0-EA1D-F7968292DB3A" name="CUS_EXHI_PK">
<createdBy>邓新宇</createdBy>
<createdTime>2022-12-05 19:44:55 UTC</createdTime>
<generatorID>014CEAA0-E731-4189-6FAB-EA6F3BCC9BCF</generatorID>
<ownerDesignName>project</ownerDesignName>
<pk>true</pk>
<indexState>Primary Constraint</indexState>
<isSurrogateKey>false</isSurrogateKey>
<indexColumnUsage>
<colUsage columnID="37A362EF-A991-3C4A-D832-74DA62151F86"/>
</indexColumnUsage>
</ind_PK_UK>
<ind_PK_UK id="D8B63A02-8FB3-8C67-9074-C94E6EE6B0AA" name="CUS_EXHI_CUSTOMER_FK">
<createdBy>邓新宇</createdBy>
<createdTime>2022-12-05 19:44:56 UTC</createdTime>
<generatorID>44DA83E5-C0B1-F5E2-D897-7A40ECAEC221</generatorID>
<ownerDesignName>project</ownerDesignName>
<indexState>Foreign Key</indexState>
<isSurrogateKey>false</isSurrogateKey>
<indexColumnUsage>
<colUsage columnID="91DAE968-2D5C-41DB-33DE-076D0EE1B283"/>
</indexColumnUsage>
</ind_PK_UK>
<ind_PK_UK id="0F5E020E-FCB3-9E2D-0538-C9559BBF3A9E" name="CUS_EXHI_EXHI_FK">
<createdBy>邓新宇</createdBy>
<createdTime>2022-12-05 19:44:56 UTC</createdTime>
<generatorID>1B009B76-B37E-2CAF-DEFA-6D70CCC049D1</generatorID>
<ownerDesignName>project</ownerDesignName>
<indexState>Foreign Key</indexState>
<isSurrogateKey>false</isSurrogateKey>
<indexColumnUsage>
<colUsage columnID="98F771BE-65A7-4A17-4246-C45FCF21DD6D"/>
</indexColumnUsage>
</ind_PK_UK>
</indexes>
</Table>