<?xml version = '1.0' encoding = 'UTF-8'?>
<Table class="oracle.dbtools.crest.model.design.relational.Table" directorySegmentName="seg_0" id="B26784B7-22FC-0888-42E1-B8D24B868D38" name="COPY">
<createdBy>邓新宇</createdBy>
<createdTime>2022-12-05 19:44:55 UTC</createdTime>
<generatorID>F17C4BF4-8AD4-C0E6-62B7-BF07F48AA513</generatorID>
<ownerDesignName>project</ownerDesignName>
<allowColumnReorder>false</allowColumnReorder>
<existDependencyGenerateInDDl>true</existDependencyGenerateInDDl>
<parsed>true</parsed>
<columns itemClass="oracle.dbtools.crest.model.design.relational.Column">
<Column name="COPY_ID" id="7AA90F5A-F7EB-8D85-C0EE-14BA885A91AE">
<createdBy>邓新宇</createdBy>
<createdTime>2022-12-05 19:44:55 UTC</createdTime>
<generatorID>0303023C-A20C-D804-CAFF-89A195934702</generatorID>
<ownerDesignName>project</ownerDesignName>
<useDomainConstraints>false</useDomainConstraints>
<use>1</use>
<logicalDatatype>LOGDT019</logicalDatatype>
<dataTypePrecision>10</dataTypePrecision>
<ownDataTypeParameters>,10,</ownDataTypeParameters>
<autoIncrementCycle>false</autoIncrementCycle>
</Column>
<Column name="STATUS" id="CEE67E77-D26A-71E4-80CB-583E11CA1EDD">
<createdBy>邓新宇</createdBy>
<createdTime>2022-12-05 19:44:55 UTC</createdTime>
<generatorID>84692436-583F-B0A4-1A2D-75D918FB4840</generatorID>
<ownerDesignName>project</ownerDesignName>
<useDomainConstraints>false</useDomainConstraints>
<use>1</use>
<logicalDatatype>LOGDT024</logicalDatatype>
<dataTypeSize>10</dataTypeSize>
<ownDataTypeParameters>10,,</ownDataTypeParameters>
<autoIncrementCycle>false</autoIncrementCycle>
</Column>
<Column name="BOOK_BOOK_ID" id="65B0135C-B082-09B8-E68C-AA06F54BDAC4">
<createdBy>邓新宇</createdBy>
<createdTime>2022-12-05 19:44:55 UTC</createdTime>
<generatorID>9E6B68C5-1191-659B-BFB9-91481C2DC197</generatorID>
<ownerDesignName>project</ownerDesignName>
<useDomainConstraints>false</useDomainConstraints>
<use>1</use>
<logicalDatatype>LOGDT019</logicalDatatype>
<dataTypePrecision>10</dataTypePrecision>
<ownDataTypeParameters>,,</ownDataTypeParameters>
<previousColumn>false</previousColumn>
<autoIncrementCycle>false</autoIncrementCycle>
<associations>
<colAssociation fkAssociation="5369D7C9-466B-1153-6B3C-1B30B934E63D" referredColumn="BB1EFD86-6E25-D319-5FB0-30A07AD52AC9"/>
</associations>
</Column>
</columns>
<indexes itemClass="oracle.dbtools.crest.model.design.relational.Index">
<ind_PK_UK id="D95EFC6C-5861-359A-896F-6FBF90D52318" name="COPY_PK">
<createdBy>邓新宇</createdBy>
<createdTime>2022-12-05 19:44:55 UTC</createdTime>
<generatorID>BF2666D3-7D7B-11DF-5636-1D385AE78B39</generatorID>
<ownerDesignName>project</ownerDesignName>
<pk>true</pk>
<indexState>Primary Constraint</indexState>
<isSurrogateKey>false</isSurrogateKey>
<indexColumnUsage>
<colUsage columnID="7AA90F5A-F7EB-8D85-C0EE-14BA885A91AE"/>
</indexColumnUsage>
</ind_PK_UK>
<ind_PK_UK id="2D7D1EF6-76F1-5914-F3DE-71BB4200D3E6" name="COPY_BOOK_FK">
<createdBy>邓新宇</createdBy>
<createdTime>2022-12-05 19:44:56 UTC</createdTime>
<generatorID>560A4C6F-C464-58BA-F5D2-D14E4D871660</generatorID>
<ownerDesignName>project</ownerDesignName>
<indexState>Foreign Key</indexState>
<isSurrogateKey>false</isSurrogateKey>
<indexColumnUsage>
<colUsage columnID="65B0135C-B082-09B8-E68C-AA06F54BDAC4"/>
</indexColumnUsage>
</ind_PK_UK>
</indexes>
</Table>