<?xml version = '1.0' encoding = 'UTF-8'?>
<Table class="oracle.dbtools.crest.model.design.relational.Table" directorySegmentName="seg_0" id="CC24DA68-966E-DD37-2395-DA7B3E97C003" name="BOOK">
<createdBy>邓新宇</createdBy>
<createdTime>2022-12-05 19:44:55 UTC</createdTime>
<generatorID>EDA9C101-499F-0E53-2016-E3E34AD0A184</generatorID>
<ownerDesignName>project</ownerDesignName>
<allowColumnReorder>false</allowColumnReorder>
<existDependencyGenerateInDDl>true</existDependencyGenerateInDDl>
<parsed>true</parsed>
<columns itemClass="oracle.dbtools.crest.model.design.relational.Column">
<Column name="BOOK_ID" id="BB1EFD86-6E25-D319-5FB0-30A07AD52AC9">
<createdBy>邓新宇</createdBy>
<createdTime>2022-12-05 19:44:55 UTC</createdTime>
<generatorID>922D8093-C067-621D-F4CC-DC5AA13C138D</generatorID>
<ownerDesignName>project</ownerDesignName>
<useDomainConstraints>false</useDomainConstraints>
<use>1</use>
<logicalDatatype>LOGDT019</logicalDatatype>
<dataTypePrecision>10</dataTypePrecision>
<ownDataTypeParameters>,10,</ownDataTypeParameters>
<autoIncrementCycle>false</autoIncrementCycle>
</Column>
<Column name="BOOK_NAME" id="EE1CCEC8-B5C4-BDA3-C362-DE191B422718">
<createdBy>邓新宇</createdBy>
<createdTime>2022-12-05 19:44:55 UTC</createdTime>
<generatorID>B6D45F1E-9523-4A23-3C4A-19BE506FAFE8</generatorID>
<ownerDesignName>project</ownerDesignName>
<useDomainConstraints>false</useDomainConstraints>
<use>1</use>
<logicalDatatype>LOGDT024</logicalDatatype>
<dataTypeSize>30</dataTypeSize>
<ownDataTypeParameters>30,,</ownDataTypeParameters>
<autoIncrementCycle>false</autoIncrementCycle>
</Column>
<Column name="TOPIC" id="3F09D80F-10ED-4E3C-594C-FCC02F2F7C0B">
<createdBy>邓新宇</createdBy>
<createdTime>2022-12-05 19:44:55 UTC</createdTime>
<generatorID>13382626-44A4-11F8-24AF-855CD91E1CA0</generatorID>
<ownerDesignName>project</ownerDesignName>
<useDomainConstraints>false</useDomainConstraints>
<use>1</use>
<logicalDatatype>LOGDT024</logicalDatatype>
<dataTypeSize>30</dataTypeSize>
<ownDataTypeParameters>30,,</ownDataTypeParameters>
<autoIncrementCycle>false</autoIncrementCycle>
</Column>
</columns>
<indexes itemClass="oracle.dbtools.crest.model.design.relational.Index">
<ind_PK_UK id="96EFA3B4-E6CD-F0E9-4836-7E9959B114BF" name="BOOK_PK">
<createdBy>邓新宇</createdBy>
<createdTime>2022-12-05 19:44:55 UTC</createdTime>
<generatorID>EF55BB7A-4CC5-0F10-EDA6-AFD47AC69F4B</generatorID>
<ownerDesignName>project</ownerDesignName>
<pk>true</pk>
<indexState>Primary Constraint</indexState>
<isSurrogateKey>false</isSurrogateKey>
<indexColumnUsage>
<colUsage columnID="BB1EFD86-6E25-D319-5FB0-30A07AD52AC9"/>
</indexColumnUsage>
</ind_PK_UK>
</indexes>
</Table>