<?xml version = '1.0' encoding = 'UTF-8'?>
<Table class="oracle.dbtools.crest.model.design.relational.Table" directorySegmentName="seg_0" id="D7A7FE7A-75DA-189E-F6AF-597A3C0C0038" name="INVOICE">
<createdBy>邓新宇</createdBy>
<createdTime>2022-12-05 19:44:55 UTC</createdTime>
<generatorID>CD04FCAD-FCE1-51D8-E273-9FEF32AC3AEC</generatorID>
<ownerDesignName>project</ownerDesignName>
<allowColumnReorder>false</allowColumnReorder>
<existDependencyGenerateInDDl>true</existDependencyGenerateInDDl>
<parsed>true</parsed>
<columns itemClass="oracle.dbtools.crest.model.design.relational.Column">
<Column name="INVOICE_ID" id="241965C0-325D-3EB3-B727-581690ED62C9">
<createdBy>邓新宇</createdBy>
<createdTime>2022-12-05 19:44:55 UTC</createdTime>
<generatorID>5CA343BA-0501-DE55-F4AA-84866D05D94A</generatorID>
<ownerDesignName>project</ownerDesignName>
<useDomainConstraints>false</useDomainConstraints>
<use>1</use>
<logicalDatatype>LOGDT019</logicalDatatype>
<dataTypePrecision>10</dataTypePrecision>
<ownDataTypeParameters>,10,</ownDataTypeParameters>
<autoIncrementCycle>false</autoIncrementCycle>
</Column>
<Column name="INVOICE_DATE" id="F2027877-41A2-BDB7-8D19-C5C109E381B5">
<createdBy>邓新宇</createdBy>
<createdTime>2022-12-05 19:44:55 UTC</createdTime>
<generatorID>91B9F0E5-3CA9-FD60-B450-AA9AD066400F</generatorID>
<ownerDesignName>project</ownerDesignName>
<useDomainConstraints>false</useDomainConstraints>
<use>1</use>
<logicalDatatype>LOGDT007</logicalDatatype>
<ownDataTypeParameters>,,</ownDataTypeParameters>
<autoIncrementCycle>false</autoIncrementCycle>
</Column>
<Column name="INVOICE_AMOUNT" id="BEBE9FFB-7AE4-50FA-57DA-0FC01FA51AE4">
<createdBy>邓新宇</createdBy>
<createdTime>2022-12-05 19:44:55 UTC</createdTime>
<generatorID>04EE8CA2-B01E-540B-1A35-7E44B2E067A4</generatorID>
<ownerDesignName>project</ownerDesignName>
<useDomainConstraints>false</useDomainConstraints>
<use>1</use>
<logicalDatatype>LOGDT019</logicalDatatype>
<dataTypePrecision>20</dataTypePrecision>
<dataTypeScale>2</dataTypeScale>
<ownDataTypeParameters>,20,2</ownDataTypeParameters>
<autoIncrementCycle>false</autoIncrementCycle>
</Column>
<Column name="CUS_RENTAL_REN_ID" id="84975CAD-CC93-FBBA-515E-16BE18553C24">
<createdBy>邓新宇</createdBy>
<createdTime>2022-12-05 19:44:55 UTC</createdTime>
<generatorID>4174687B-C3DD-C822-07BA-029ED7134B7D</generatorID>
<ownerDesignName>project</ownerDesignName>
<useDomainConstraints>false</useDomainConstraints>
<use>1</use>
<logicalDatatype>LOGDT019</logicalDatatype>
<dataTypePrecision>15</dataTypePrecision>
<ownDataTypeParameters>,,</ownDataTypeParameters>
<previousColumn>false</previousColumn>
<autoIncrementCycle>false</autoIncrementCycle>
<associations>
<colAssociation fkAssociation="02B1A145-C2C3-D48E-7E29-02CEAD04DF22" referredColumn="565F790E-94C5-8C55-0D28-0481C0DE07E8"/>
</associations>
</Column>
</columns>
<indexes itemClass="oracle.dbtools.crest.model.design.relational.Index">
<ind_PK_UK id="C2499DD5-8C23-5300-2E47-80CDBD92C8F9" name="INVOICE_PK">
<createdBy>邓新宇</createdBy>
<createdTime>2022-12-05 19:44:55 UTC</createdTime>
<generatorID>0DB2C284-A24A-539E-FA6A-CB0C969B9333</generatorID>
<ownerDesignName>project</ownerDesignName>
<pk>true</pk>
<indexState>Primary Constraint</indexState>
<isSurrogateKey>false</isSurrogateKey>
<indexColumnUsage>
<colUsage columnID="241965C0-325D-3EB3-B727-581690ED62C9"/>
</indexColumnUsage>
</ind_PK_UK>
<ind_PK_UK id="FDBDC859-EE22-AD1C-E912-2CE96DD01C92" name="INVOICE__IDX">
<createdBy>邓新宇</createdBy>
<createdTime>2022-12-05 19:44:56 UTC</createdTime>
<ownerDesignName>project</ownerDesignName>
<indexState>Unique Plain Index</indexState>
<isSurrogateKey>false</isSurrogateKey>
<relationGeneratorID>B40A13E8-C1D1-78F9-5C24-534690513521</relationGeneratorID>
<indexColumnUsage>
<colUsage columnID="84975CAD-CC93-FBBA-515E-16BE18553C24"/>
</indexColumnUsage>
</ind_PK_UK>
<ind_PK_UK id="F2B1163F-B31A-42F5-5ABA-21ECC52D7803" name="INVOICE_CUS_RENTAL_FK">
<createdBy>邓新宇</createdBy>
<createdTime>2022-12-05 19:44:56 UTC</createdTime>
<generatorID>B40A13E8-C1D1-78F9-5C24-534690513521</generatorID>
<ownerDesignName>project</ownerDesignName>
<indexState>Foreign Key</indexState>
<isSurrogateKey>false</isSurrogateKey>
<indexColumnUsage>
<colUsage columnID="84975CAD-CC93-FBBA-515E-16BE18553C24"/>
</indexColumnUsage>
</ind_PK_UK>
</indexes>
</Table>