<?xml version = '1.0' encoding = 'UTF-8'?>
<Relation class="oracle.dbtools.crest.model.design.logical.InheritanceRelation" name="Hierarchy_1" directorySegmentName="seg_0" id="89F31AD6-4B5E-9EBC-A1F6-6CC2949F1105">
<createdBy>邓新宇</createdBy>
<createdTime>2022-11-05 19:42:06 UTC</createdTime>
<ownerDesignName>project</ownerDesignName>
<engineerTo>
<item key="733DFC23-C22E-7BCC-F992-7C48B59AFD76" value="true"/>
</engineerTo>
<identifying>false</identifying>
<nameOnSource>Super Type</nameOnSource>
<nameOnTarget>Sub Type</nameOnTarget>
<optionalSource>true</optionalSource>
<optionalTarget>true</optionalTarget>
<sourceEntity>A2590ECE-D9CC-B6F3-6735-724B13C76B47</sourceEntity>
<targetEntity>8DC2F50F-6C06-9D4B-D688-DF768F7ED51B</targetEntity>
<transferable>true</transferable>
<deleteRule>NO ACTION</deleteRule>
</Relation>