<?xml version = '1.0' encoding = 'UTF-8'?>
<Relation class="oracle.dbtools.crest.model.design.logical.InheritanceRelation" name="Hierarchy_2" directorySegmentName="seg_0" id="EC0FB79D-CF37-61BF-AC7A-7BCFAE16B6B4">
<createdBy>邓新宇</createdBy>
<createdTime>2022-11-05 19:47:29 UTC</createdTime>
<ownerDesignName>project</ownerDesignName>
<engineerTo>
<item key="733DFC23-C22E-7BCC-F992-7C48B59AFD76" value="true"/>
</engineerTo>
<identifying>false</identifying>
<nameOnSource>Super Type</nameOnSource>
<nameOnTarget>Sub Type</nameOnTarget>
<optionalSource>true</optionalSource>
<optionalTarget>true</optionalTarget>
<sourceEntity>124F6B5E-38BE-2013-540D-1B9A2C0F92F4</sourceEntity>
<targetEntity>8C58A527-0D50-923F-0AEA-584ABB382B95</targetEntity>
<transferable>true</transferable>
<deleteRule>NO ACTION</deleteRule>
</Relation>