<?xml version = '1.0' encoding = 'UTF-8'?>
<Entity class="oracle.dbtools.crest.model.design.logical.Entity" directorySegmentName="seg_0" id="124F6B5E-38BE-2013-540D-1B9A2C0F92F4" name="SPONSOR">
<createdBy>邓新宇</createdBy>
<createdTime>2022-11-05 19:42:25 UTC</createdTime>
<ownerDesignName>project</ownerDesignName>
<engineerTo>
<item key="733DFC23-C22E-7BCC-F992-7C48B59AFD76" value="true"/>
</engineerTo>
<adequatelyNormalized>NO</adequatelyNormalized>
<expectedVolumes>0</expectedVolumes>
<fwdEngineeringStrategyName>Single Table</fwdEngineeringStrategyName>
<growthPercent>0</growthPercent>
<growthType>Year</growthType>
<maxVolumes>9999999</maxVolumes>
<minVolumes>0</minVolumes>
<normalForm>Third</normalForm>
<generateDiscrimColumn>true</generateDiscrimColumn>
<discriminatorAttributeID>D99808C0-AC6E-C07D-7F41-BCB8FD152123</discriminatorAttributeID>
<completeSubtypes>true</completeSubtypes>
<attributes itemClass="oracle.dbtools.crest.model.design.logical.Attribute">
<Attribute name="SPON_ID" id="CE40936D-9681-2492-D94D-6A99C36C475B">
<createdBy>邓新宇</createdBy>
<createdTime>2022-11-05 19:42:39 UTC</createdTime>
<ownerDesignName>project</ownerDesignName>
<engineerTo>
<item key="733DFC23-C22E-7BCC-F992-7C48B59AFD76" value="true"/>
</engineerTo>
<useDomainConstraints>false</useDomainConstraints>
<use>1</use>
<logicalDatatype>LOGDT019</logicalDatatype>
<dataTypePrecision>10</dataTypePrecision>
<ownDataTypeParameters>,10,</ownDataTypeParameters>
</Attribute>
<Attribute name="SPON_TYPE" id="D99808C0-AC6E-C07D-7F41-BCB8FD152123">
<createdBy>邓新宇</createdBy>
<createdTime>2022-11-05 19:45:02 UTC</createdTime>
<ownerDesignName>project</ownerDesignName>
<engineerTo>
<item key="733DFC23-C22E-7BCC-F992-7C48B59AFD76" value="true"/>
</engineerTo>
<useDomainConstraints>false</useDomainConstraints>
<use>1</use>
<logicalDatatype>LOGDT024</logicalDatatype>
<dataTypeSize>10</dataTypeSize>
<ownDataTypeParameters>10,,</ownDataTypeParameters>
</Attribute>
</attributes>
<identifiers itemClass="oracle.dbtools.crest.model.design.logical.CandidateKey">
<identifier id="CAF6A69C-4DDA-C7A0-72B0-48FB47BFD1CF" name="REAL_SPONSOR PK">
<createdBy>邓新宇</createdBy>
<createdTime>2022-11-05 19:45:21 UTC</createdTime>
<ownerDesignName>project</ownerDesignName>
<shouldEngineer>false</shouldEngineer>
<engineerTo>
<item key="733DFC23-C22E-7BCC-F992-7C48B59AFD76" value="false"/>
</engineerTo>
<pk>true</pk>
<usedAttributes>
<attributeRef>CE40936D-9681-2492-D94D-6A99C36C475B</attributeRef>
</usedAttributes>
</identifier>
</identifiers>
</Entity>