<?xml version = '1.0' encoding = 'UTF-8'?>
<Entity class="oracle.dbtools.crest.model.design.logical.Entity" directorySegmentName="seg_0" id="6FAE0FFE-7ADD-1603-FB69-8D5FBCD84FEB" name="PAYMENT">
<createdBy>邓新宇</createdBy>
<createdTime>2022-11-06 00:12:48 UTC</createdTime>
<ownerDesignName>project</ownerDesignName>
<engineerTo>
<item key="733DFC23-C22E-7BCC-F992-7C48B59AFD76" value="true"/>
</engineerTo>
<adequatelyNormalized>NO</adequatelyNormalized>
<expectedVolumes>0</expectedVolumes>
<fwdEngineeringStrategyName>Single Table</fwdEngineeringStrategyName>
<growthPercent>0</growthPercent>
<growthType>Year</growthType>
<maxVolumes>9999999</maxVolumes>
<minVolumes>0</minVolumes>
<normalForm>Third</normalForm>
<attributes itemClass="oracle.dbtools.crest.model.design.logical.Attribute">
<Attribute name="PAYMENT_ID" id="F3CF1038-34ED-8D99-E22C-EDE71073055B">
<createdBy>邓新宇</createdBy>
<createdTime>2022-11-06 00:13:01 UTC</createdTime>
<ownerDesignName>project</ownerDesignName>
<engineerTo>
<item key="733DFC23-C22E-7BCC-F992-7C48B59AFD76" value="true"/>
</engineerTo>
<useDomainConstraints>false</useDomainConstraints>
<use>1</use>
<logicalDatatype>LOGDT019</logicalDatatype>
<dataTypePrecision>10</dataTypePrecision>
<ownDataTypeParameters>,10,</ownDataTypeParameters>
</Attribute>
<Attribute name="PAYMENT_DATE" id="B97D79BB-DAAF-4C58-B4BA-3CE3C9646A8C">
<createdBy>邓新宇</createdBy>
<createdTime>2022-11-06 00:13:50 UTC</createdTime>
<ownerDesignName>project</ownerDesignName>
<engineerTo>
<item key="733DFC23-C22E-7BCC-F992-7C48B59AFD76" value="true"/>
</engineerTo>
<useDomainConstraints>false</useDomainConstraints>
<use>1</use>
<logicalDatatype>LOGDT007</logicalDatatype>
<ownDataTypeParameters>,,</ownDataTypeParameters>
</Attribute>
<Attribute name="PAYMENT_AMOUNT" id="404D7397-BEDF-5FF0-DED2-EE181BE85990">
<createdBy>邓新宇</createdBy>
<createdTime>2022-11-06 00:13:57 UTC</createdTime>
<ownerDesignName>project</ownerDesignName>
<engineerTo>
<item key="733DFC23-C22E-7BCC-F992-7C48B59AFD76" value="true"/>
</engineerTo>
<useDomainConstraints>false</useDomainConstraints>
<use>1</use>
<logicalDatatype>LOGDT019</logicalDatatype>
<dataTypePrecision>20</dataTypePrecision>
<dataTypeScale>2</dataTypeScale>
<ownDataTypeParameters>,20,2</ownDataTypeParameters>
</Attribute>
<Attribute name="PAYMENT_METHOD" id="BFC55E8B-C5D1-0B40-5A19-B7D47F184908">
<createdBy>邓新宇</createdBy>
<createdTime>2022-11-06 00:13:13 UTC</createdTime>
<ownerDesignName>project</ownerDesignName>
<engineerTo>
<item key="733DFC23-C22E-7BCC-F992-7C48B59AFD76" value="true"/>
</engineerTo>
<useDomainConstraints>false</useDomainConstraints>
<use>1</use>
<logicalDatatype>LOGDT024</logicalDatatype>
<dataTypeSize>15</dataTypeSize>
<ownDataTypeParameters>15,,</ownDataTypeParameters>
</Attribute>
<Attribute name="ACC_FNAME" id="998D3393-B65E-4946-4223-8CDCD4A56332">
<createdBy>邓新宇</createdBy>
<createdTime>2022-11-06 00:14:09 UTC</createdTime>
<ownerDesignName>project</ownerDesignName>
<engineerTo>
<item key="733DFC23-C22E-7BCC-F992-7C48B59AFD76" value="true"/>
</engineerTo>
<useDomainConstraints>false</useDomainConstraints>
<use>1</use>
<logicalDatatype>LOGDT024</logicalDatatype>
<dataTypeSize>15</dataTypeSize>
<ownDataTypeParameters>15,,</ownDataTypeParameters>
</Attribute>
<Attribute name="ACC_LNAME" id="653B4402-7EEE-18D4-723F-FB0EBE5C12AC">
<createdBy>邓新宇</createdBy>
<createdTime>2022-11-06 00:15:20 UTC</createdTime>
<ownerDesignName>project</ownerDesignName>
<engineerTo>
<item key="733DFC23-C22E-7BCC-F992-7C48B59AFD76" value="true"/>
</engineerTo>
<useDomainConstraints>false</useDomainConstraints>
<use>1</use>
<logicalDatatype>LOGDT024</logicalDatatype>
<dataTypeSize>15</dataTypeSize>
<ownDataTypeParameters>15,,</ownDataTypeParameters>
</Attribute>
<Attribute name="INVOICE_ID" id="D1C64907-0B5F-AAC5-B2C0-DDF5F58759B8">
<createdBy>邓新宇</createdBy>
<createdTime>2022-11-06 00:16:34 UTC</createdTime>
<generatorID>4B35BCEA-A08E-1E9F-10FB-0A9A88777C6B</generatorID>
<ownerDesignName>project</ownerDesignName>
<engineerTo>
<item key="733DFC23-C22E-7BCC-F992-7C48B59AFD76" value="true"/>
</engineerTo>
<referedAttribute>5CA343BA-0501-DE55-F4AA-84866D05D94A</referedAttribute>
<useDomainConstraints>false</useDomainConstraints>
<use>1</use>
<logicalDatatype>LOGDT019</logicalDatatype>
<dataTypePrecision>20</dataTypePrecision>
<ownDataTypeParameters>,20,</ownDataTypeParameters>
</Attribute>
</attributes>
<identifiers itemClass="oracle.dbtools.crest.model.design.logical.CandidateKey">
<identifier id="B2185F68-3309-F42D-590B-2A318E50E200" name="REAL_PAYMENT PK">
<createdBy>邓新宇</createdBy>
<createdTime>2022-11-06 00:13:12 UTC</createdTime>
<ownerDesignName>project</ownerDesignName>
<shouldEngineer>false</shouldEngineer>
<engineerTo>
<item key="733DFC23-C22E-7BCC-F992-7C48B59AFD76" value="false"/>
</engineerTo>
<pk>true</pk>
<usedAttributes>
<attributeRef>F3CF1038-34ED-8D99-E22C-EDE71073055B</attributeRef>
</usedAttributes>
</identifier>
</identifiers>
</Entity>