<?xml version = '1.0' encoding = 'UTF-8'?>
<Entity class="oracle.dbtools.crest.model.design.logical.Entity" directorySegmentName="seg_0" id="8DC2F50F-6C06-9D4B-D688-DF768F7ED51B" name="SEMI">
<createdBy>邓新宇</createdBy>
<createdTime>2022-11-05 19:23:12 UTC</createdTime>
<ownerDesignName>project</ownerDesignName>
<engineerTo>
<item key="733DFC23-C22E-7BCC-F992-7C48B59AFD76" value="true"/>
</engineerTo>
<adequatelyNormalized>NO</adequatelyNormalized>
<expectedVolumes>0</expectedVolumes>
<fwdEngineeringStrategyName>Single Table</fwdEngineeringStrategyName>
<growthPercent>0</growthPercent>
<growthType>Year</growthType>
<hierarchicalParent>A2590ECE-D9CC-B6F3-6735-724B13C76B47</hierarchicalParent>
<maxVolumes>9999999</maxVolumes>
<minVolumes>0</minVolumes>
<normalForm>Third</normalForm>
<discriminatorValue>S</discriminatorValue>
</Entity>