<?xml version = '1.0' encoding = 'UTF-8'?>
<Entity class="oracle.dbtools.crest.model.design.logical.Entity" directorySegmentName="seg_0" id="CA02424C-79FB-B2D1-1BDA-461DAEACE663" name="CUS_RENTAL">
<createdBy>邓新宇</createdBy>
<createdTime>2022-11-05 22:18:52 UTC</createdTime>
<ownerDesignName>project</ownerDesignName>
<engineerTo>
<item key="733DFC23-C22E-7BCC-F992-7C48B59AFD76" value="true"/>
</engineerTo>
<adequatelyNormalized>NO</adequatelyNormalized>
<expectedVolumes>0</expectedVolumes>
<fwdEngineeringStrategyName>Single Table</fwdEngineeringStrategyName>
<growthPercent>0</growthPercent>
<growthType>Year</growthType>
<maxVolumes>9999999</maxVolumes>
<minVolumes>0</minVolumes>
<normalForm>Third</normalForm>
<attributes itemClass="oracle.dbtools.crest.model.design.logical.Attribute">
<Attribute name="CUS_ID" id="F62A7B9A-F2F2-E3C3-017F-F04BDD97593A">
<createdBy>邓新宇</createdBy>
<createdTime>2022-11-05 22:19:11 UTC</createdTime>
<generatorID>5315C99E-7FFC-7809-5371-A18895D5BBCE</generatorID>
<ownerDesignName>project</ownerDesignName>
<engineerTo>
<item key="733DFC23-C22E-7BCC-F992-7C48B59AFD76" value="true"/>
</engineerTo>
<nullsAllowed>true</nullsAllowed>
<referedAttribute>D9944F29-9A9A-A0E8-30D9-63B6895BDFF4</referedAttribute>
<useDomainConstraints>false</useDomainConstraints>
<use>1</use>
<logicalDatatype>LOGDT019</logicalDatatype>
<dataTypePrecision>10</dataTypePrecision>
<ownDataTypeParameters>,,</ownDataTypeParameters>
</Attribute>
<Attribute name="INVOICE_ID" id="D556158B-2218-9915-1C6D-55B367454544">
<createdBy>邓新宇</createdBy>
<createdTime>2022-11-06 20:24:39 UTC</createdTime>
<generatorID>B40A13E8-C1D1-78F9-5C24-534690513521</generatorID>
<ownerDesignName>project</ownerDesignName>
<engineerTo>
<item key="733DFC23-C22E-7BCC-F992-7C48B59AFD76" value="true"/>
</engineerTo>
<referedAttribute>5CA343BA-0501-DE55-F4AA-84866D05D94A</referedAttribute>
<useDomainConstraints>false</useDomainConstraints>
<use>1</use>
<logicalDatatype>LOGDT019</logicalDatatype>
<dataTypePrecision>10</dataTypePrecision>
<ownDataTypeParameters>,,</ownDataTypeParameters>
</Attribute>
<Attribute name="COPY_ID" id="43F71C72-E48B-0646-DAF6-9C0733D0A619">
<createdBy>邓新宇</createdBy>
<createdTime>2022-11-06 20:24:54 UTC</createdTime>
<generatorID>5FDCAF58-6798-5B3C-12B0-64AB86A8AD09</generatorID>
<ownerDesignName>project</ownerDesignName>
<engineerTo>
<item key="733DFC23-C22E-7BCC-F992-7C48B59AFD76" value="true"/>
</engineerTo>
<referedAttribute>0303023C-A20C-D804-CAFF-89A195934702</referedAttribute>
<useDomainConstraints>false</useDomainConstraints>
<use>1</use>
<logicalDatatype>LOGDT019</logicalDatatype>
<dataTypePrecision>10</dataTypePrecision>
<ownDataTypeParameters>,,</ownDataTypeParameters>
</Attribute>
<Attribute name="REN_ID" id="4331155C-C66B-88C1-6A3C-2ED3D639F572">
<createdBy>邓新宇</createdBy>
<createdTime>2022-11-06 20:25:24 UTC</createdTime>
<ownerDesignName>project</ownerDesignName>
<engineerTo>
<item key="733DFC23-C22E-7BCC-F992-7C48B59AFD76" value="true"/>
</engineerTo>
<useDomainConstraints>false</useDomainConstraints>
<use>1</use>
<logicalDatatype>LOGDT019</logicalDatatype>
<dataTypePrecision>15</dataTypePrecision>
<ownDataTypeParameters>,15,</ownDataTypeParameters>
</Attribute>
<Attribute name="REN_STATUS" id="00E80036-7DE6-2478-54EC-C4F7C046F642">
<createdBy>邓新宇</createdBy>
<createdTime>2022-11-06 20:26:29 UTC</createdTime>
<ownerDesignName>project</ownerDesignName>
<engineerTo>
<item key="733DFC23-C22E-7BCC-F992-7C48B59AFD76" value="true"/>
</engineerTo>
<useDomainConstraints>false</useDomainConstraints>
<use>1</use>
<logicalDatatype>LOGDT035</logicalDatatype>
<dataTypeSize>1</dataTypeSize>
<ownDataTypeParameters>1,,</ownDataTypeParameters>
</Attribute>
<Attribute name="STAR_DATE" id="8432A7BC-36D4-9E2A-79E5-3288B497D5F5">
<createdBy>邓新宇</createdBy>
<createdTime>2022-11-06 20:25:38 UTC</createdTime>
<ownerDesignName>project</ownerDesignName>
<engineerTo>
<item key="733DFC23-C22E-7BCC-F992-7C48B59AFD76" value="true"/>
</engineerTo>
<useDomainConstraints>false</useDomainConstraints>
<use>1</use>
<logicalDatatype>LOGDT007</logicalDatatype>
<ownDataTypeParameters>,,</ownDataTypeParameters>
</Attribute>
<Attribute name="EXPE_DATE" id="44A77891-2EA7-20F7-4935-C93167C02F50">
<createdBy>邓新宇</createdBy>
<createdTime>2022-11-06 20:25:57 UTC</createdTime>
<ownerDesignName>project</ownerDesignName>
<engineerTo>
<item key="733DFC23-C22E-7BCC-F992-7C48B59AFD76" value="true"/>
</engineerTo>
<useDomainConstraints>false</useDomainConstraints>
<use>1</use>
<logicalDatatype>LOGDT007</logicalDatatype>
<ownDataTypeParameters>,,</ownDataTypeParameters>
</Attribute>
<Attribute name="RET_DATE" id="93B14F11-FB77-01C9-9868-DA36A85704CF">
<createdBy>邓新宇</createdBy>
<createdTime>2022-11-06 20:26:05 UTC</createdTime>
<ownerDesignName>project</ownerDesignName>
<engineerTo>
<item key="733DFC23-C22E-7BCC-F992-7C48B59AFD76" value="true"/>
</engineerTo>
<nullsAllowed>true</nullsAllowed>
<useDomainConstraints>false</useDomainConstraints>
<use>1</use>
<logicalDatatype>LOGDT007</logicalDatatype>
<ownDataTypeParameters>,,</ownDataTypeParameters>
</Attribute>
</attributes>
<identifiers itemClass="oracle.dbtools.crest.model.design.logical.CandidateKey">
<identifier id="D2BA0298-0A46-3B12-545D-93A2DC3887CD" name="CUS_RENTAL PK">
<createdBy>邓新宇</createdBy>
<createdTime>2022-11-06 20:24:47 UTC</createdTime>
<ownerDesignName>project</ownerDesignName>
<engineerTo>
<item key="733DFC23-C22E-7BCC-F992-7C48B59AFD76" value="true"/>
</engineerTo>
<pk>true</pk>
<usedAttributes>
<attributeRef>4331155C-C66B-88C1-6A3C-2ED3D639F572</attributeRef>
</usedAttributes>
</identifier>
</identifiers>
</Entity>