<?xml version = '1.0' encoding = 'UTF-8'?>
<Entity class="oracle.dbtools.crest.model.design.logical.Entity" directorySegmentName="seg_0" id="CD04FCAD-FCE1-51D8-E273-9FEF32AC3AEC" name="INVOICE">
<createdBy>邓新宇</createdBy>
<createdTime>2022-11-05 22:54:53 UTC</createdTime>
<ownerDesignName>project</ownerDesignName>
<engineerTo>
<item key="809FA2C8-EE5C-6BFE-9421-4157A393F4E9" value="true"/>
</engineerTo>
<adequatelyNormalized>NO</adequatelyNormalized>
<expectedVolumes>0</expectedVolumes>
<fwdEngineeringStrategyName>Single Table</fwdEngineeringStrategyName>
<growthPercent>0</growthPercent>
<growthType>Year</growthType>
<maxVolumes>9999999</maxVolumes>
<minVolumes>0</minVolumes>
<normalForm>Third</normalForm>
<attributes itemClass="oracle.dbtools.crest.model.design.logical.Attribute">
<Attribute name="INVOICE_ID" id="5CA343BA-0501-DE55-F4AA-84866D05D94A">
<createdBy>邓新宇</createdBy>
<createdTime>2022-11-05 22:57:25 UTC</createdTime>
<ownerDesignName>project</ownerDesignName>
<engineerTo>
<item key="809FA2C8-EE5C-6BFE-9421-4157A393F4E9" value="true"/>
</engineerTo>
<useDomainConstraints>false</useDomainConstraints>
<use>1</use>
<logicalDatatype>LOGDT019</logicalDatatype>
<dataTypePrecision>10</dataTypePrecision>
<ownDataTypeParameters>,10,</ownDataTypeParameters>
</Attribute>
<Attribute name="INVOICE_DATE" id="91B9F0E5-3CA9-FD60-B450-AA9AD066400F">
<createdBy>邓新宇</createdBy>
<createdTime>2022-11-05 22:57:54 UTC</createdTime>
<ownerDesignName>project</ownerDesignName>
<engineerTo>
<item key="809FA2C8-EE5C-6BFE-9421-4157A393F4E9" value="true"/>
</engineerTo>
<useDomainConstraints>false</useDomainConstraints>
<use>1</use>
<logicalDatatype>LOGDT007</logicalDatatype>
<ownDataTypeParameters>,,</ownDataTypeParameters>
</Attribute>
<Attribute name="INVOICE_AMOUNT" id="04EE8CA2-B01E-540B-1A35-7E44B2E067A4">
<createdBy>邓新宇</createdBy>
<createdTime>2022-11-05 22:58:47 UTC</createdTime>
<ownerDesignName>project</ownerDesignName>
<engineerTo>
<item key="809FA2C8-EE5C-6BFE-9421-4157A393F4E9" value="true"/>
</engineerTo>
<useDomainConstraints>false</useDomainConstraints>
<use>1</use>
<logicalDatatype>LOGDT019</logicalDatatype>
<dataTypePrecision>20</dataTypePrecision>
<dataTypeScale>2</dataTypeScale>
<ownDataTypeParameters>,20,2</ownDataTypeParameters>
</Attribute>
<Attribute name="REN_ID" id="4174687B-C3DD-C822-07BA-029ED7134B7D">
<createdBy>邓新宇</createdBy>
<createdTime>2022-12-05 19:30:27 UTC</createdTime>
<generatorID>B40A13E8-C1D1-78F9-5C24-534690513521</generatorID>
<ownerDesignName>project</ownerDesignName>
<engineerTo>
<item key="809FA2C8-EE5C-6BFE-9421-4157A393F4E9" value="true"/>
</engineerTo>
<referedAttribute>4331155C-C66B-88C1-6A3C-2ED3D639F572</referedAttribute>
<useDomainConstraints>false</useDomainConstraints>
<use>1</use>
<logicalDatatype>LOGDT019</logicalDatatype>
<dataTypePrecision>15</dataTypePrecision>
<ownDataTypeParameters>,,</ownDataTypeParameters>
</Attribute>
</attributes>
<identifiers itemClass="oracle.dbtools.crest.model.design.logical.CandidateKey">
<identifier id="0DB2C284-A24A-539E-FA6A-CB0C969B9333" name="REAL_PAYMENT PK">
<createdBy>邓新宇</createdBy>
<createdTime>2022-11-05 22:57:47 UTC</createdTime>
<ownerDesignName>project</ownerDesignName>
<engineerTo>
<item key="809FA2C8-EE5C-6BFE-9421-4157A393F4E9" value="true"/>
</engineerTo>
<pk>true</pk>
<usedAttributes>
<attributeRef>5CA343BA-0501-DE55-F4AA-84866D05D94A</attributeRef>
</usedAttributes>
</identifier>
</identifiers>
</Entity>