<?xml version = '1.0' encoding = 'UTF-8'?>
<Entity class="oracle.dbtools.crest.model.design.logical.Entity" directorySegmentName="seg_0" id="DAC03AC4-4F3E-A87F-C0B3-B8BA57665D47" name="SEMI_AUTHOR">
<createdBy>邓新宇</createdBy>
<createdTime>2022-11-05 19:55:04 UTC</createdTime>
<ownerDesignName>project</ownerDesignName>
<engineerTo>
<item key="F5A21C11-84B9-BCA2-1256-43F85CBBD8A8" value="true"/>
</engineerTo>
<adequatelyNormalized>NO</adequatelyNormalized>
<expectedVolumes>0</expectedVolumes>
<fwdEngineeringStrategyName>Single Table</fwdEngineeringStrategyName>
<growthPercent>0</growthPercent>
<growthType>Year</growthType>
<maxVolumes>9999999</maxVolumes>
<minVolumes>0</minVolumes>
<normalForm>Third</normalForm>
<attributes itemClass="oracle.dbtools.crest.model.design.logical.Attribute">
<Attribute name="EVENT_ID" id="004B5FC4-9B65-02DF-E34E-BA91A7B17378">
<createdBy>邓新宇</createdBy>
<createdTime>2022-11-05 19:55:59 UTC</createdTime>
<generatorID>71E8F7A8-33B4-1342-8A29-80426836AD27</generatorID>
<ownerDesignName>project</ownerDesignName>
<engineerTo>
<item key="F5A21C11-84B9-BCA2-1256-43F85CBBD8A8" value="true"/>
</engineerTo>
<referedAttribute>2C6051AB-B733-9AF8-7CEF-F9064F0A5CB5</referedAttribute>
<useDomainConstraints>false</useDomainConstraints>
<use>1</use>
<logicalDatatype>LOGDT019</logicalDatatype>
<dataTypePrecision>10</dataTypePrecision>
<ownDataTypeParameters>,,</ownDataTypeParameters>
</Attribute>
<Attribute name="INVITATION_ID" id="708E8EAB-CCC4-9775-EA2A-63C8A8D4C876">
<createdBy>邓新宇</createdBy>
<createdTime>2022-11-05 20:11:27 UTC</createdTime>
<ownerDesignName>project</ownerDesignName>
<engineerTo>
<item key="F5A21C11-84B9-BCA2-1256-43F85CBBD8A8" value="true"/>
</engineerTo>
<useDomainConstraints>false</useDomainConstraints>
<use>1</use>
<logicalDatatype>LOGDT019</logicalDatatype>
<dataTypePrecision>20</dataTypePrecision>
<ownDataTypeParameters>,20,</ownDataTypeParameters>
</Attribute>
<Attribute name="AUR_ID" id="7D12C2F1-70DC-E916-BE73-F3270670C10E">
<createdBy>邓新宇</createdBy>
<createdTime>2022-11-05 20:11:57 UTC</createdTime>
<generatorID>11701B63-008A-6E4A-C125-72B24D006D4D</generatorID>
<ownerDesignName>project</ownerDesignName>
<engineerTo>
<item key="F5A21C11-84B9-BCA2-1256-43F85CBBD8A8" value="true"/>
</engineerTo>
<referedAttribute>10488684-F83E-D868-3819-6540566B2FEA</referedAttribute>
<useDomainConstraints>false</useDomainConstraints>
<use>1</use>
<logicalDatatype>LOGDT019</logicalDatatype>
<dataTypePrecision>10</dataTypePrecision>
<ownDataTypeParameters>,10,</ownDataTypeParameters>
</Attribute>
</attributes>
<identifiers itemClass="oracle.dbtools.crest.model.design.logical.CandidateKey">
<identifier id="B097AD1C-19F0-78ED-FEEC-2341232CCF37" name="SEMI_AUTHOR PK">
<createdBy>邓新宇</createdBy>
<createdTime>2022-11-06 19:29:24 UTC</createdTime>
<ownerDesignName>project</ownerDesignName>
<engineerTo>
<item key="F5A21C11-84B9-BCA2-1256-43F85CBBD8A8" value="true"/>
</engineerTo>
<pk>true</pk>
<usedAttributes>
<attributeRef>708E8EAB-CCC4-9775-EA2A-63C8A8D4C876</attributeRef>
</usedAttributes>
</identifier>
</identifiers>
</Entity>