<?xml version = '1.0' encoding = 'UTF-8'?>
<Entity class="oracle.dbtools.crest.model.design.logical.Entity" directorySegmentName="seg_0" id="E8F9BB17-41EA-B19B-A8A4-EA639EC6B401" name="AUTHOR">
<createdBy>邓新宇</createdBy>
<createdTime>2022-11-05 19:52:59 UTC</createdTime>
<ownerDesignName>project</ownerDesignName>
<engineerTo>
<item key="F5A21C11-84B9-BCA2-1256-43F85CBBD8A8" value="true"/>
</engineerTo>
<adequatelyNormalized>NO</adequatelyNormalized>
<expectedVolumes>0</expectedVolumes>
<fwdEngineeringStrategyName>Single Table</fwdEngineeringStrategyName>
<growthPercent>0</growthPercent>
<growthType>Year</growthType>
<maxVolumes>9999999</maxVolumes>
<minVolumes>0</minVolumes>
<normalForm>Third</normalForm>
<attributes itemClass="oracle.dbtools.crest.model.design.logical.Attribute">
<Attribute name="AUR_ID" id="10488684-F83E-D868-3819-6540566B2FEA">
<createdBy>邓新宇</createdBy>
<createdTime>2022-11-05 20:11:45 UTC</createdTime>
<ownerDesignName>project</ownerDesignName>
<engineerTo>
<item key="F5A21C11-84B9-BCA2-1256-43F85CBBD8A8" value="true"/>
</engineerTo>
<useDomainConstraints>false</useDomainConstraints>
<use>1</use>
<logicalDatatype>LOGDT019</logicalDatatype>
<dataTypePrecision>10</dataTypePrecision>
<ownDataTypeParameters>,10,</ownDataTypeParameters>
</Attribute>
<Attribute name="AUR_FNAME" id="82DA4537-5016-397B-0F8C-D2D103109F44">
<createdBy>邓新宇</createdBy>
<createdTime>2022-11-05 20:12:23 UTC</createdTime>
<ownerDesignName>project</ownerDesignName>
<engineerTo>
<item key="F5A21C11-84B9-BCA2-1256-43F85CBBD8A8" value="true"/>
</engineerTo>
<useDomainConstraints>false</useDomainConstraints>
<use>1</use>
<logicalDatatype>LOGDT024</logicalDatatype>
<dataTypeSize>20</dataTypeSize>
<ownDataTypeParameters>20,,</ownDataTypeParameters>
</Attribute>
<Attribute name="AUR_LNAME" id="F1E9CF5A-3FE5-5A51-E378-576E142D8818">
<createdBy>邓新宇</createdBy>
<createdTime>2022-11-05 20:12:51 UTC</createdTime>
<ownerDesignName>project</ownerDesignName>
<engineerTo>
<item key="F5A21C11-84B9-BCA2-1256-43F85CBBD8A8" value="true"/>
</engineerTo>
<useDomainConstraints>false</useDomainConstraints>
<use>1</use>
<logicalDatatype>LOGDT024</logicalDatatype>
<dataTypeSize>20</dataTypeSize>
<ownDataTypeParameters>20,,</ownDataTypeParameters>
</Attribute>
<Attribute name="AUR_STREET" id="B0A02EDC-32FF-3C99-B69D-8251DACB3D8C">
<createdBy>邓新宇</createdBy>
<createdTime>2022-11-05 20:13:08 UTC</createdTime>
<ownerDesignName>project</ownerDesignName>
<engineerTo>
<item key="F5A21C11-84B9-BCA2-1256-43F85CBBD8A8" value="true"/>
</engineerTo>
<useDomainConstraints>false</useDomainConstraints>
<use>1</use>
<logicalDatatype>LOGDT024</logicalDatatype>
<dataTypeSize>20</dataTypeSize>
<ownDataTypeParameters>20,,</ownDataTypeParameters>
</Attribute>
<Attribute name="AUR_CITY" id="FA9873C6-ADD5-D16A-7D06-62AC6ADE2941">
<createdBy>邓新宇</createdBy>
<createdTime>2022-11-05 20:14:09 UTC</createdTime>
<ownerDesignName>project</ownerDesignName>
<engineerTo>
<item key="F5A21C11-84B9-BCA2-1256-43F85CBBD8A8" value="true"/>
</engineerTo>
<useDomainConstraints>false</useDomainConstraints>
<use>1</use>
<logicalDatatype>LOGDT024</logicalDatatype>
<dataTypeSize>30</dataTypeSize>
<ownDataTypeParameters>30,,</ownDataTypeParameters>
</Attribute>
<Attribute name="AUR_STATE" id="0B11A4E8-E358-CA7C-8156-4CF8F50806D4">
<createdBy>邓新宇</createdBy>
<createdTime>2022-11-05 20:14:26 UTC</createdTime>
<ownerDesignName>project</ownerDesignName>
<engineerTo>
<item key="F5A21C11-84B9-BCA2-1256-43F85CBBD8A8" value="true"/>
</engineerTo>
<useDomainConstraints>false</useDomainConstraints>
<use>1</use>
<logicalDatatype>LOGDT024</logicalDatatype>
<dataTypeSize>30</dataTypeSize>
<ownDataTypeParameters>30,,</ownDataTypeParameters>
</Attribute>
<Attribute name="AUR_COUNTRY" id="3C20B172-7046-DB99-F2CD-91811EC70EEA">
<createdBy>邓新宇</createdBy>
<createdTime>2022-11-05 20:14:45 UTC</createdTime>
<ownerDesignName>project</ownerDesignName>
<engineerTo>
<item key="F5A21C11-84B9-BCA2-1256-43F85CBBD8A8" value="true"/>
</engineerTo>
<useDomainConstraints>false</useDomainConstraints>
<use>1</use>
<logicalDatatype>LOGDT024</logicalDatatype>
<dataTypeSize>20</dataTypeSize>
<ownDataTypeParameters>20,,</ownDataTypeParameters>
</Attribute>
<Attribute name="AUR_EMAIL" id="107293C1-0E24-0BD5-8389-7670D571A9BD">
<createdBy>邓新宇</createdBy>
<createdTime>2022-11-05 20:15:03 UTC</createdTime>
<ownerDesignName>project</ownerDesignName>
<engineerTo>
<item key="F5A21C11-84B9-BCA2-1256-43F85CBBD8A8" value="true"/>
</engineerTo>
<useDomainConstraints>false</useDomainConstraints>
<use>1</use>
<logicalDatatype>LOGDT024</logicalDatatype>
<dataTypeSize>50</dataTypeSize>
<ownDataTypeParameters>50,,</ownDataTypeParameters>
</Attribute>
</attributes>
<identifiers itemClass="oracle.dbtools.crest.model.design.logical.CandidateKey">
<identifier id="0AE204AA-74D4-6621-9FFC-C1FA4633B608" name="REAL_AUTHORS PK">
<createdBy>邓新宇</createdBy>
<createdTime>2022-11-05 19:53:47 UTC</createdTime>
<ownerDesignName>project</ownerDesignName>
<engineerTo>
<item key="F5A21C11-84B9-BCA2-1256-43F85CBBD8A8" value="true"/>
</engineerTo>
<pk>true</pk>
<usedAttributes>
<attributeRef>10488684-F83E-D868-3819-6540566B2FEA</attributeRef>
</usedAttributes>
</identifier>
</identifiers>
</Entity>