<?xml version = '1.0' encoding = 'UTF-8'?>
<Entity class="oracle.dbtools.crest.model.design.logical.Entity" directorySegmentName="seg_0" id="EDA9C101-499F-0E53-2016-E3E34AD0A184" name="BOOK">
<createdBy>邓新宇</createdBy>
<createdTime>2022-11-05 20:17:20 UTC</createdTime>
<ownerDesignName>project</ownerDesignName>
<engineerTo>
<item key="F5A21C11-84B9-BCA2-1256-43F85CBBD8A8" value="true"/>
</engineerTo>
<adequatelyNormalized>NO</adequatelyNormalized>
<expectedVolumes>0</expectedVolumes>
<fwdEngineeringStrategyName>Single Table</fwdEngineeringStrategyName>
<growthPercent>0</growthPercent>
<growthType>Year</growthType>
<maxVolumes>9999999</maxVolumes>
<minVolumes>0</minVolumes>
<normalForm>Third</normalForm>
<attributes itemClass="oracle.dbtools.crest.model.design.logical.Attribute">
<Attribute name="BOOK_ID" id="922D8093-C067-621D-F4CC-DC5AA13C138D">
<createdBy>邓新宇</createdBy>
<createdTime>2022-11-05 20:17:37 UTC</createdTime>
<ownerDesignName>project</ownerDesignName>
<engineerTo>
<item key="F5A21C11-84B9-BCA2-1256-43F85CBBD8A8" value="true"/>
</engineerTo>
<useDomainConstraints>false</useDomainConstraints>
<use>1</use>
<logicalDatatype>LOGDT019</logicalDatatype>
<dataTypePrecision>10</dataTypePrecision>
<ownDataTypeParameters>,10,</ownDataTypeParameters>
</Attribute>
<Attribute name="BOOK_NAME" id="B6D45F1E-9523-4A23-3C4A-19BE506FAFE8">
<createdBy>邓新宇</createdBy>
<createdTime>2022-11-05 20:18:29 UTC</createdTime>
<ownerDesignName>project</ownerDesignName>
<engineerTo>
<item key="F5A21C11-84B9-BCA2-1256-43F85CBBD8A8" value="true"/>
</engineerTo>
<useDomainConstraints>false</useDomainConstraints>
<use>1</use>
<logicalDatatype>LOGDT024</logicalDatatype>
<dataTypeSize>30</dataTypeSize>
<ownDataTypeParameters>30,,</ownDataTypeParameters>
</Attribute>
<Attribute name="TOPIC" id="13382626-44A4-11F8-24AF-855CD91E1CA0">
<createdBy>邓新宇</createdBy>
<createdTime>2022-11-05 20:18:43 UTC</createdTime>
<ownerDesignName>project</ownerDesignName>
<engineerTo>
<item key="F5A21C11-84B9-BCA2-1256-43F85CBBD8A8" value="true"/>
</engineerTo>
<useDomainConstraints>false</useDomainConstraints>
<use>1</use>
<logicalDatatype>LOGDT024</logicalDatatype>
<dataTypeSize>30</dataTypeSize>
<ownDataTypeParameters>30,,</ownDataTypeParameters>
</Attribute>
</attributes>
<identifiers itemClass="oracle.dbtools.crest.model.design.logical.CandidateKey">
<identifier id="EF55BB7A-4CC5-0F10-EDA6-AFD47AC69F4B" name="REAL_BOOK PK">
<createdBy>邓新宇</createdBy>
<createdTime>2022-11-05 20:17:54 UTC</createdTime>
<ownerDesignName>project</ownerDesignName>
<engineerTo>
<item key="F5A21C11-84B9-BCA2-1256-43F85CBBD8A8" value="true"/>
</engineerTo>
<pk>true</pk>
<usedAttributes>
<attributeRef>922D8093-C067-621D-F4CC-DC5AA13C138D</attributeRef>
</usedAttributes>
</identifier>
</identifiers>
</Entity>