<?xml version = '1.0' encoding = 'UTF-8'?>
<Entity class="oracle.dbtools.crest.model.design.logical.Entity" directorySegmentName="seg_0" id="F17C4BF4-8AD4-C0E6-62B7-BF07F48AA513" name="COPY">
<createdBy>邓新宇</createdBy>
<createdTime>2022-11-05 21:27:28 UTC</createdTime>
<ownerDesignName>project</ownerDesignName>
<engineerTo>
<item key="733DFC23-C22E-7BCC-F992-7C48B59AFD76" value="true"/>
</engineerTo>
<adequatelyNormalized>NO</adequatelyNormalized>
<expectedVolumes>0</expectedVolumes>
<fwdEngineeringStrategyName>Single Table</fwdEngineeringStrategyName>
<growthPercent>0</growthPercent>
<growthType>Year</growthType>
<maxVolumes>9999999</maxVolumes>
<minVolumes>0</minVolumes>
<normalForm>Third</normalForm>
<generateDiscrimColumn>true</generateDiscrimColumn>
<discriminatorAttributeID>84692436-583F-B0A4-1A2D-75D918FB4840</discriminatorAttributeID>
<completeSubtypes>true</completeSubtypes>
<attributes itemClass="oracle.dbtools.crest.model.design.logical.Attribute">
<Attribute name="COPY_ID" id="0303023C-A20C-D804-CAFF-89A195934702">
<createdBy>邓新宇</createdBy>
<createdTime>2022-11-05 21:27:34 UTC</createdTime>
<ownerDesignName>project</ownerDesignName>
<engineerTo>
<item key="733DFC23-C22E-7BCC-F992-7C48B59AFD76" value="true"/>
</engineerTo>
<useDomainConstraints>false</useDomainConstraints>
<use>1</use>
<logicalDatatype>LOGDT019</logicalDatatype>
<dataTypePrecision>10</dataTypePrecision>
<ownDataTypeParameters>,10,</ownDataTypeParameters>
</Attribute>
<Attribute name="STATUS" id="84692436-583F-B0A4-1A2D-75D918FB4840">
<createdBy>邓新宇</createdBy>
<createdTime>2022-11-05 21:27:40 UTC</createdTime>
<ownerDesignName>project</ownerDesignName>
<engineerTo>
<item key="733DFC23-C22E-7BCC-F992-7C48B59AFD76" value="true"/>
</engineerTo>
<useDomainConstraints>false</useDomainConstraints>
<use>1</use>
<logicalDatatype>LOGDT024</logicalDatatype>
<dataTypeSize>10</dataTypeSize>
<ownDataTypeParameters>10,,</ownDataTypeParameters>
</Attribute>
<Attribute name="BOOK_ID" id="9E6B68C5-1191-659B-BFB9-91481C2DC197">
<createdBy>邓新宇</createdBy>
<createdTime>2022-11-06 01:11:33 UTC</createdTime>
<generatorID>560A4C6F-C464-58BA-F5D2-D14E4D871660</generatorID>
<ownerDesignName>project</ownerDesignName>
<engineerTo>
<item key="733DFC23-C22E-7BCC-F992-7C48B59AFD76" value="true"/>
</engineerTo>
<referedAttribute>922D8093-C067-621D-F4CC-DC5AA13C138D</referedAttribute>
<useDomainConstraints>false</useDomainConstraints>
<use>1</use>
<logicalDatatype>LOGDT019</logicalDatatype>
<dataTypePrecision>20</dataTypePrecision>
<ownDataTypeParameters>,20,</ownDataTypeParameters>
</Attribute>
</attributes>
<identifiers itemClass="oracle.dbtools.crest.model.design.logical.CandidateKey">
<identifier id="BF2666D3-7D7B-11DF-5636-1D385AE78B39" name="REAL_COPY PK">
<createdBy>邓新宇</createdBy>
<createdTime>2022-11-05 21:30:16 UTC</createdTime>
<ownerDesignName>project</ownerDesignName>
<shouldEngineer>false</shouldEngineer>
<engineerTo>
<item key="733DFC23-C22E-7BCC-F992-7C48B59AFD76" value="false"/>
</engineerTo>
<pk>true</pk>
<usedAttributes>
<attributeRef>0303023C-A20C-D804-CAFF-89A195934702</attributeRef>
</usedAttributes>
</identifier>
</identifiers>
</Entity>