<?xml version = '1.0' encoding = 'UTF-8'?>
<Diagram class="oracle.dbtools.crest.swingui.relational.DPVRelational" name="Relational_1" id="0FB1661D-9091-EF41-CFBE-40425BAD01FD">
<createdBy>邓新宇</createdBy>
<modifiedBy>邓新宇</modifiedBy>
<createdTime>2022-12-05 19:44:52 UTC</createdTime>
<autoRoute>false</autoRoute>
<boxInbox>true</boxInbox>
<showLegend>false</showLegend>
<showLabels>false</showLabels>
<showRelAttributes>false</showRelAttributes>
<gridEnabled>false</gridEnabled>
<showGrid>false</showGrid>
<diagramColor>-1</diagramColor>
<display>false</display>
<notation>1</notation>
<objectViews>
<OView class="oracle.dbtools.crest.swingui.relational.TVTable" oid="19E83475-7F92-75C6-5729-B64152350B81" otype="Table" vid="55AE05CC-F00F-72AD-7848-4014B36E3619">
<hideElementsInCurrentOnly>false</hideElementsInCurrentOnly>
<bounds x="492" y="884" width="268" height="177"/>
</OView>
<OView class="oracle.dbtools.crest.swingui.relational.TVTable" oid="1A4D0850-EB13-9B22-DD56-5A04211CF4D7" otype="Table" vid="15952A51-A407-44BE-5493-BD7233F5170A">
<hideElementsInCurrentOnly>false</hideElementsInCurrentOnly>
<bounds x="741" y="231" width="176" height="81"/>
</OView>
<OView class="oracle.dbtools.crest.swingui.relational.TVTable" oid="271E0ADE-6D84-DE5F-E468-EF65B6921F37" otype="Table" vid="3BB9B4F8-11AE-C6FA-91CC-CC1F4708E63E">
<hideElementsInCurrentOnly>false</hideElementsInCurrentOnly>
<bounds x="798" y="589" width="298" height="243"/>
</OView>
<OView class="oracle.dbtools.crest.swingui.relational.TVTable" oid="36C7AC19-7482-8A2D-D3DB-4446789DEE08" otype="Table" vid="997A9E55-DBF5-F57D-D37E-8ECEBCFA8E0B">
<hideElementsInCurrentOnly>false</hideElementsInCurrentOnly>
<bounds x="472" y="544" width="198" height="156"/>
</OView>
<OView class="oracle.dbtools.crest.swingui.relational.TVTable" oid="47AC3E91-6CD0-0763-0BF4-D673808AB1C4" otype="Table" vid="49C6C042-DBBF-1DEF-BD09-B591F8689DC8">
<hideElementsInCurrentOnly>false</hideElementsInCurrentOnly>
<bounds x="421" y="66" width="192" height="81"/>
</OView>
<OView class="oracle.dbtools.crest.swingui.relational.TVTable" oid="574C6FB9-40E3-A09F-D0B2-A54311FB0272" otype="Table" vid="CD8276D0-7588-D706-4C82-7DF4705CA92D">
<hideElementsInCurrentOnly>false</hideElementsInCurrentOnly>
<bounds x="1238" y="60" width="273" height="132"/>
</OView>
<OView class="oracle.dbtools.crest.swingui.relational.TVTable" oid="6621121F-BC92-BFD4-3263-961F7EDEDAD6" otype="Table" vid="1771576E-02C9-9B9B-0538-43F9990E1C9D">
<hideElementsInCurrentOnly>false</hideElementsInCurrentOnly>
<bounds x="518" y="220" width="185" height="117"/>
</OView>
<OView class="oracle.dbtools.crest.swingui.relational.TVTable" oid="7736CF5D-37A8-40BA-27E4-400D3C18EFDD" otype="Table" vid="B44F1107-7C2D-9763-89C2-2CA8C51BDDB5">
<hideElementsInCurrentOnly>false</hideElementsInCurrentOnly>
<bounds x="1498" y="272" width="277" height="96"/>
</OView>
<OView class="oracle.dbtools.crest.swingui.relational.TVTable" oid="85ED785D-1C89-5B1D-AEBD-97F9BB32A1FB" otype="Table" vid="F02811FB-6AF2-1D63-B725-A1DCEE21FD31">
<hideElementsInCurrentOnly>false</hideElementsInCurrentOnly>
<bounds x="289" y="223" width="188" height="102"/>
</OView>
<OView class="oracle.dbtools.crest.swingui.relational.TVTable" oid="A127D283-FED1-5F0D-04E8-CB2D01C9F2DB" otype="Table" vid="78E0BECA-A868-AD23-A57D-836C5877D1A1">
<hideElementsInCurrentOnly>false</hideElementsInCurrentOnly>
<bounds x="704" y="362" width="289" height="126"/>
</OView>
<OView class="oracle.dbtools.crest.swingui.relational.TVTable" oid="A8917243-1004-BDED-3865-1CA61C62D630" otype="Table" vid="032ABFEB-2DCB-F8B4-AC68-232CF7A26188">
<hideElementsInCurrentOnly>false</hideElementsInCurrentOnly>
<bounds x="1167" y="418" width="281" height="132"/>
</OView>
<OView class="oracle.dbtools.crest.swingui.relational.TVTable" oid="AC01969D-4746-D881-3BA2-27A1A7C46EC5" otype="Table" vid="82D6823E-2E9D-C338-D5C7-4D88841947A9">
<hideElementsInCurrentOnly>false</hideElementsInCurrentOnly>
<bounds x="673" y="61" width="283" height="111"/>
</OView>
<OView class="oracle.dbtools.crest.swingui.relational.TVTable" oid="B26784B7-22FC-0888-42E1-B8D24B868D38" otype="Table" vid="11839012-EF4D-A77F-DBD5-CD043AF4A01A">
<hideElementsInCurrentOnly>false</hideElementsInCurrentOnly>
<bounds x="1203" y="669" width="217" height="117"/>
</OView>
<OView class="oracle.dbtools.crest.swingui.relational.TVTable" oid="B2F8F3B4-E9AB-FC97-410D-ED36C9A74E66" otype="Table" vid="8A0DEC32-EA10-C85A-D283-FC34E82E661F">
<hideElementsInCurrentOnly>false</hideElementsInCurrentOnly>
<bounds x="999" y="83" width="181" height="87"/>
</OView>
<OView class="oracle.dbtools.crest.swingui.relational.TVTable" oid="B8F9561A-B72B-EFD8-0D3F-30C4E0E3462A" otype="Table" vid="642ABEC0-8F88-454E-20D7-26E509C32E00">
<hideElementsInCurrentOnly>false</hideElementsInCurrentOnly>
<bounds x="1245" y="252" width="179" height="102"/>
</OView>
<OView class="oracle.dbtools.crest.swingui.relational.TVTable" oid="C08EC617-E06B-4498-E5B2-1DDC859716AB" otype="Table" vid="D54EA7F8-9420-895B-9CC7-43D0989EB5C7">
<hideElementsInCurrentOnly>false</hideElementsInCurrentOnly>
<bounds x="998" y="227" width="206" height="126"/>
</OView>
<OView class="oracle.dbtools.crest.swingui.relational.TVTable" oid="CC24DA68-966E-DD37-2395-DA7B3E97C003" otype="Table" vid="87E2FC70-4E5B-9D13-4077-63A91FA058F0">
<hideElementsInCurrentOnly>false</hideElementsInCurrentOnly>
<bounds x="1518" y="690" width="201" height="96"/>
</OView>
<OView class="oracle.dbtools.crest.swingui.relational.TVTable" oid="D7A7FE7A-75DA-189E-F6AF-597A3C0C0038" otype="Table" vid="43344B4C-8996-425A-1E84-CB8CC97EED30">
<hideElementsInCurrentOnly>false</hideElementsInCurrentOnly>
<bounds x="822" y="899" width="290" height="153"/>
</OView>
<OView class="oracle.dbtools.crest.swingui.relational.TVTable" oid="DB443F5B-D0DD-D797-B281-08A9617781A7" otype="Table" vid="37C64599-BC30-265B-54C5-E130621ABEFC">
<hideElementsInCurrentOnly>false</hideElementsInCurrentOnly>
<bounds x="1539" y="63" width="212" height="171"/>
</OView>
</objectViews>
<connectors>
<Connector class="oracle.dbtools.crest.swingui.relational.TVFKRelation" oid="02B1A145-C2C3-D48E-7E29-02CEAD04DF22" otype="FKIndexAssociation" vid_source="3BB9B4F8-11AE-C6FA-91CC-CC1F4708E63E" vid_target="43344B4C-8996-425A-1E84-CB8CC97EED30">
<hideElementsInCurrentOnly>false</hideElementsInCurrentOnly>
<backgroundColor>-16777216</backgroundColor>
<lineWidth>1</lineWidth>
<points>
<point x="959" y="832"/>
<point x="959" y="899"/>
</points>
</Connector>
<Connector class="oracle.dbtools.crest.swingui.relational.TVFKRelation" oid="0CCB31C0-1580-3DD0-A57F-E93B237DC018" otype="FKIndexAssociation" vid_source="D54EA7F8-9420-895B-9CC7-43D0989EB5C7" vid_target="8A0DEC32-EA10-C85A-D283-FC34E82E661F">
<hideElementsInCurrentOnly>false</hideElementsInCurrentOnly>
<backgroundColor>-16777216</backgroundColor>
<lineWidth>1</lineWidth>
<points>
<point x="1089" y="227"/>
<point x="1089" y="170"/>
</points>
</Connector>
<Connector class="oracle.dbtools.crest.swingui.relational.TVFKRelation" oid="111D23A8-47F3-8D4C-0A5F-5DCDA928AFD5" otype="FKIndexAssociation" vid_source="43344B4C-8996-425A-1E84-CB8CC97EED30" vid_target="3BB9B4F8-11AE-C6FA-91CC-CC1F4708E63E">
<hideElementsInCurrentOnly>false</hideElementsInCurrentOnly>
<backgroundColor>-16777216</backgroundColor>
<lineWidth>1</lineWidth>
<points>
<point x="974" y="899"/>
<point x="974" y="832"/>
</points>
</Connector>
<Connector class="oracle.dbtools.crest.swingui.relational.TVFKRelation" oid="2689D3D2-93FF-376A-B095-DF1C54628C4B" otype="FKIndexAssociation" vid_source="642ABEC0-8F88-454E-20D7-26E509C32E00" vid_target="032ABFEB-2DCB-F8B4-AC68-232CF7A26188">
<hideElementsInCurrentOnly>false</hideElementsInCurrentOnly>
<backgroundColor>-16777216</backgroundColor>
<lineWidth>1</lineWidth>
<points>
<point x="1334" y="354"/>
<point x="1334" y="418"/>
</points>
</Connector>
<Connector class="oracle.dbtools.crest.swingui.relational.TVFKRelation" oid="365DDB14-EBCF-034E-5B74-DDB0D60184BE" otype="FKIndexAssociation" vid_source="15952A51-A407-44BE-5493-BD7233F5170A" vid_target="78E0BECA-A868-AD23-A57D-836C5877D1A1">
<hideElementsInCurrentOnly>false</hideElementsInCurrentOnly>
<backgroundColor>-16777216</backgroundColor>
<lineWidth>1</lineWidth>
<points>
<point x="829" y="312"/>
<point x="829" y="362"/>
</points>
</Connector>
<Connector class="oracle.dbtools.crest.swingui.relational.TVFKRelation" oid="4FAC11DC-3AEE-1ECF-62BB-258D7AFB0225" otype="FKIndexAssociation" vid_source="8A0DEC32-EA10-C85A-D283-FC34E82E661F" vid_target="CD8276D0-7588-D706-4C82-7DF4705CA92D">
<hideElementsInCurrentOnly>false</hideElementsInCurrentOnly>
<backgroundColor>-16777216</backgroundColor>
<lineWidth>1</lineWidth>
<points>
<point x="1180" y="126"/>
<point x="1238" y="126"/>
</points>
</Connector>
<Connector class="oracle.dbtools.crest.swingui.relational.TVFKRelation" oid="5369D7C9-466B-1153-6B3C-1B30B934E63D" otype="FKIndexAssociation" vid_source="87E2FC70-4E5B-9D13-4077-63A91FA058F0" vid_target="11839012-EF4D-A77F-DBD5-CD043AF4A01A">
<hideElementsInCurrentOnly>false</hideElementsInCurrentOnly>
<backgroundColor>-16777216</backgroundColor>
<lineWidth>1</lineWidth>
<points>
<point x="1518" y="738"/>
<point x="1420" y="738"/>
</points>
</Connector>
<Connector class="oracle.dbtools.crest.swingui.relational.TVFKRelation" oid="653FF85A-C167-EA59-5248-8EB444B96C05" otype="FKIndexAssociation" vid_source="49C6C042-DBBF-1DEF-BD09-B591F8689DC8" vid_target="1771576E-02C9-9B9B-0538-43F9990E1C9D">
<hideElementsInCurrentOnly>false</hideElementsInCurrentOnly>
<backgroundColor>-16777216</backgroundColor>
<lineWidth>1</lineWidth>
<points>
<point x="565" y="147"/>
<point x="565" y="220"/>
</points>
</Connector>
<Connector class="oracle.dbtools.crest.swingui.relational.TVFKRelation" oid="6EFD4C48-6330-4641-3DF1-208EC0824896" otype="FKIndexAssociation" vid_source="997A9E55-DBF5-F57D-D37E-8ECEBCFA8E0B" vid_target="3BB9B4F8-11AE-C6FA-91CC-CC1F4708E63E">
<hideElementsInCurrentOnly>false</hideElementsInCurrentOnly>
<backgroundColor>-16777216</backgroundColor>
<lineWidth>1</lineWidth>
<points>
<point x="670" y="644"/>
<point x="798" y="644"/>
</points>
</Connector>
<Connector class="oracle.dbtools.crest.swingui.relational.TVFKRelation" oid="70373D2A-F4C3-3C46-BC7E-8653E39D8FC2" otype="FKIndexAssociation" vid_source="87E2FC70-4E5B-9D13-4077-63A91FA058F0" vid_target="B44F1107-7C2D-9763-89C2-2CA8C51BDDB5">
<hideElementsInCurrentOnly>false</hideElementsInCurrentOnly>
<backgroundColor>-16777216</backgroundColor>
<lineWidth>1</lineWidth>
<points>
<point x="1618" y="690"/>
<point x="1618" y="368"/>
</points>
</Connector>
<Connector class="oracle.dbtools.crest.swingui.relational.TVFKRelation" oid="79B9E935-BC20-4309-6385-57EA76D57B82" otype="FKIndexAssociation" vid_source="37C64599-BC30-265B-54C5-E130621ABEFC" vid_target="CD8276D0-7588-D706-4C82-7DF4705CA92D">
<hideElementsInCurrentOnly>false</hideElementsInCurrentOnly>
<backgroundColor>-16777216</backgroundColor>
<lineWidth>1</lineWidth>
<points>
<point x="1539" y="127"/>
<point x="1511" y="127"/>
</points>
</Connector>
<Connector class="oracle.dbtools.crest.swingui.relational.TVFKRelation" oid="80C94246-90A4-4AF4-D49C-A17A3E8F54BE" otype="FKIndexAssociation" vid_source="49C6C042-DBBF-1DEF-BD09-B591F8689DC8" vid_target="F02811FB-6AF2-1D63-B725-A1DCEE21FD31">
<hideElementsInCurrentOnly>false</hideElementsInCurrentOnly>
<backgroundColor>-16777216</backgroundColor>
<lineWidth>1</lineWidth>
<points>
<point x="449" y="147"/>
<point x="449" y="223"/>
</points>
</Connector>
<Connector class="oracle.dbtools.crest.swingui.relational.TVFKRelation" oid="82996903-2389-ACB6-17E3-9266ADA1B80B" otype="FKIndexAssociation" vid_source="997A9E55-DBF5-F57D-D37E-8ECEBCFA8E0B" vid_target="78E0BECA-A868-AD23-A57D-836C5877D1A1">
<hideElementsInCurrentOnly>false</hideElementsInCurrentOnly>
<backgroundColor>-16777216</backgroundColor>
<lineWidth>1</lineWidth>
<points>
<point x="670" y="551"/>
<point x="759" y="488"/>
</points>
</Connector>
<Connector class="oracle.dbtools.crest.swingui.relational.TVFKRelation" oid="88CBE3E2-9B6C-83DC-DD2A-B44A6A02DFC9" otype="FKIndexAssociation" vid_source="D54EA7F8-9420-895B-9CC7-43D0989EB5C7" vid_target="642ABEC0-8F88-454E-20D7-26E509C32E00">
<hideElementsInCurrentOnly>false</hideElementsInCurrentOnly>
<backgroundColor>-16777216</backgroundColor>
<lineWidth>1</lineWidth>
<points>
<point x="1204" y="302"/>
<point x="1245" y="302"/>
</points>
</Connector>
<Connector class="oracle.dbtools.crest.swingui.relational.TVFKRelation" oid="B7F48AE4-3828-C754-9930-4117B5C38F34" otype="FKIndexAssociation" vid_source="37C64599-BC30-265B-54C5-E130621ABEFC" vid_target="B44F1107-7C2D-9763-89C2-2CA8C51BDDB5">
<hideElementsInCurrentOnly>false</hideElementsInCurrentOnly>
<backgroundColor>-16777216</backgroundColor>
<lineWidth>1</lineWidth>
<points>
<point x="1645" y="234"/>
<point x="1645" y="272"/>
</points>
</Connector>
<Connector class="oracle.dbtools.crest.swingui.relational.TVFKRelation" oid="C892F437-A7A9-859E-925B-ABA4E4C430E9" otype="FKIndexAssociation" vid_source="8A0DEC32-EA10-C85A-D283-FC34E82E661F" vid_target="82D6823E-2E9D-C338-D5C7-4D88841947A9">
<hideElementsInCurrentOnly>false</hideElementsInCurrentOnly>
<backgroundColor>-16777216</backgroundColor>
<lineWidth>1</lineWidth>
<points>
<point x="999" y="126"/>
<point x="956" y="126"/>
</points>
</Connector>
<Connector class="oracle.dbtools.crest.swingui.relational.TVFKRelation" oid="C89BCEE0-E1E7-190F-4E53-AE704444A228" otype="FKIndexAssociation" vid_source="49C6C042-DBBF-1DEF-BD09-B591F8689DC8" vid_target="82D6823E-2E9D-C338-D5C7-4D88841947A9">
<hideElementsInCurrentOnly>false</hideElementsInCurrentOnly>
<backgroundColor>-16777216</backgroundColor>
<lineWidth>1</lineWidth>
<points>
<point x="613" y="106"/>
<point x="673" y="106"/>
</points>
</Connector>
<Connector class="oracle.dbtools.crest.swingui.relational.TVFKRelation" oid="CA7C5628-5BF6-AD36-C2FF-A09862F1CB16" otype="FKIndexAssociation" vid_source="11839012-EF4D-A77F-DBD5-CD043AF4A01A" vid_target="3BB9B4F8-11AE-C6FA-91CC-CC1F4708E63E">
<hideElementsInCurrentOnly>false</hideElementsInCurrentOnly>
<backgroundColor>-16777216</backgroundColor>
<lineWidth>1</lineWidth>
<points>
<point x="1203" y="727"/>
<point x="1096" y="727"/>
</points>
</Connector>
<Connector class="oracle.dbtools.crest.swingui.relational.TVFKRelation" oid="E067428C-B4F2-5772-D5D6-85C887323E28" otype="FKIndexAssociation" vid_source="997A9E55-DBF5-F57D-D37E-8ECEBCFA8E0B" vid_target="032ABFEB-2DCB-F8B4-AC68-232CF7A26188">
<hideElementsInCurrentOnly>false</hideElementsInCurrentOnly>
<backgroundColor>-16777216</backgroundColor>
<lineWidth>1</lineWidth>
<points>
<point x="670" y="547"/>
<point x="1167" y="547"/>
</points>
</Connector>
<Connector class="oracle.dbtools.crest.swingui.relational.TVFKRelation" oid="F9CDCAC8-1BCA-A984-017D-08B8D09C4682" otype="FKIndexAssociation" vid_source="43344B4C-8996-425A-1E84-CB8CC97EED30" vid_target="55AE05CC-F00F-72AD-7848-4014B36E3619">
<hideElementsInCurrentOnly>false</hideElementsInCurrentOnly>
<backgroundColor>-16777216</backgroundColor>
<lineWidth>1</lineWidth>
<points>
<point x="822" y="975"/>
<point x="760" y="975"/>
</points>
</Connector>
</connectors>
<arcs>
<Arc class="oracle.dbtools.crest.swingui.relational.TVFKArc" oid="0B484FA2-76B1-8F40-7A8E-77D66C3F87FE" otype="FKArc" vid="778B1469-B603-88A9-D1E1-60DF87B0E596">
<hideElementsInCurrentOnly>false</hideElementsInCurrentOnly>
<bounds x="978" y="207" width="246" height="166"/>
</Arc>
<Arc class="oracle.dbtools.crest.swingui.relational.TVFKArc" oid="EB86D358-582C-7630-7F0A-54CCA04EEC79" otype="FKArc" vid="B33BDA86-BA89-E9FA-F643-9E99F0C600F1">
<hideElementsInCurrentOnly>false</hideElementsInCurrentOnly>
<bounds x="401" y="46" width="232" height="121"/>
</Arc>
</arcs>
</Diagram>