<?xml version = '1.0' encoding = 'UTF-8'?>
<FKArc class="oracle.dbtools.crest.model.design.relational.FKArc" directorySegmentName="seg_0" id="2C5C712C-28FA-C107-08FA-9B98FE8279CE" name="FKArc_2">
<createdBy>邓新宇</createdBy>
<createdTime>2022-11-06 20:32:30 UTC</createdTime>
<ownerDesignName>project</ownerDesignName>
<mandatory>true</mandatory>
<reverseArc>true</reverseArc>
<table>6A3500E2-1EAE-A256-186B-051FB5367808</table>
<discriminatorColumn>3C939E24-AD9A-3E82-FA0F-B607BB17CAC1</discriminatorColumn>
<fkeys>
<fkeyID>89E9DFE8-E41C-B741-E88F-865235ABE331</fkeyID>
<fkeyID>F5B20ECA-2489-B6DF-1596-44422DCCCD77</fkeyID>
</fkeys>
</FKArc>