<?xml version = '1.0' encoding = 'UTF-8'?>
<FKArc class="oracle.dbtools.crest.model.design.relational.FKArc" directorySegmentName="seg_0" id="649C4C7D-CC3B-98E1-99CD-8040DCB2C9A2" name="FKArc_1">
<createdBy>邓新宇</createdBy>
<createdTime>2022-11-06 20:32:30 UTC</createdTime>
<ownerDesignName>project</ownerDesignName>
<mandatory>true</mandatory>
<reverseArc>true</reverseArc>
<table>509A791F-2794-B4D6-2D84-F22DD172A116</table>
<discriminatorColumn>C3894471-1C7A-8229-84FB-644D645D49AE</discriminatorColumn>
<fkeys>
<fkeyID>846E7B2C-673F-2E36-6A95-A084EF1511C2</fkeyID>
<fkeyID>D350AF63-4246-B200-34EB-A470531E0123</fkeyID>
</fkeys>
</FKArc>