<?xml version = '1.0' encoding = 'UTF-8'?>
<FKArc class="oracle.dbtools.crest.model.design.relational.FKArc" directorySegmentName="seg_0" id="658376DD-0C04-DA0D-EF1A-1194E27317D4" name="FKArc_2">
<createdBy>邓新宇</createdBy>
<createdTime>2022-12-06 05:30:45 UTC</createdTime>
<ownerDesignName>project</ownerDesignName>
<mandatory>true</mandatory>
<reverseArc>true</reverseArc>
<table>1F48E81B-F2BE-B35E-FB07-8C00FF9C9992</table>
<discriminatorColumn>15F6CAF5-298B-46C7-D186-0971F09F92ED</discriminatorColumn>
<fkeys>
<fkeyID>C9149219-9258-FBB8-8512-B214FE0F0F5D</fkeyID>
<fkeyID>04B61ECB-BC0F-78E0-D170-937436AA7228</fkeyID>
</fkeys>
</FKArc>