<?xml version = '1.0' encoding = 'UTF-8'?>
<FKArc class="oracle.dbtools.crest.model.design.relational.FKArc" directorySegmentName="seg_0" id="C9E80092-9E74-C0E2-CBD4-2A857197E0ED" name="FKArc_1">
<createdBy>邓新宇</createdBy>
<createdTime>2022-12-06 05:30:45 UTC</createdTime>
<ownerDesignName>project</ownerDesignName>
<mandatory>true</mandatory>
<reverseArc>true</reverseArc>
<table>CAA90AE2-1726-D90E-9DAF-BC51F6552CCE</table>
<discriminatorColumn>BA0B1212-9A84-BB9A-F8CF-073BFDA192AA</discriminatorColumn>
<fkeys>
<fkeyID>5D8D8808-AB06-E4B1-7FFC-AB0976D3330F</fkeyID>
<fkeyID>8965BFBB-DCC3-1D27-4BF4-B112891D7D01</fkeyID>
</fkeys>
</FKArc>