<?xml version = '1.0' encoding = 'UTF-8'?>
<Table class="oracle.dbtools.crest.model.design.relational.Table" directorySegmentName="seg_0" id="07C31AB8-8822-E337-EBFC-2001BCC251C3" name="SEMI_AUTHOR">
<createdBy>邓新宇</createdBy>
<createdTime>2022-12-06 05:30:45 UTC</createdTime>
<generatorID>DAC03AC4-4F3E-A87F-C0B3-B8BA57665D47</generatorID>
<ownerDesignName>project</ownerDesignName>
<allowColumnReorder>false</allowColumnReorder>
<existDependencyGenerateInDDl>true</existDependencyGenerateInDDl>
<parsed>true</parsed>
<columns itemClass="oracle.dbtools.crest.model.design.relational.Column">
<Column name="SEMI_EVENT_ID" id="0FD194AB-CCA0-4653-C9CA-B168AE7D207D">
<createdBy>邓新宇</createdBy>
<createdTime>2022-12-06 05:30:45 UTC</createdTime>
<generatorID>004B5FC4-9B65-02DF-E34E-BA91A7B17378</generatorID>
<ownerDesignName>project</ownerDesignName>
<useDomainConstraints>false</useDomainConstraints>
<use>1</use>
<logicalDatatype>LOGDT019</logicalDatatype>
<dataTypePrecision>10</dataTypePrecision>
<ownDataTypeParameters>,,</ownDataTypeParameters>
<previousColumn>false</previousColumn>
<autoIncrementCycle>false</autoIncrementCycle>
<associations>
<colAssociation fkAssociation="76ED52CE-50EE-AE7F-D83B-C74DC54618B2" referredColumn="13B77FAC-946D-725F-F934-48730074D0A3"/>
</associations>
</Column>
<Column name="INVITATION_ID" id="CBA62D0A-D606-9E4D-C0E7-F0D4FC9D8EC5">
<createdBy>邓新宇</createdBy>
<createdTime>2022-12-06 05:30:45 UTC</createdTime>
<generatorID>708E8EAB-CCC4-9775-EA2A-63C8A8D4C876</generatorID>
<ownerDesignName>project</ownerDesignName>
<useDomainConstraints>false</useDomainConstraints>
<use>1</use>
<logicalDatatype>LOGDT019</logicalDatatype>
<dataTypePrecision>20</dataTypePrecision>
<ownDataTypeParameters>,20,</ownDataTypeParameters>
<autoIncrementCycle>false</autoIncrementCycle>
</Column>
<Column name="AUTHOR_AUR_ID" id="4AF3838F-79C2-7A25-1AB3-551DEDEEEDF3">
<createdBy>邓新宇</createdBy>
<createdTime>2022-12-06 05:30:45 UTC</createdTime>
<generatorID>7D12C2F1-70DC-E916-BE73-F3270670C10E</generatorID>
<ownerDesignName>project</ownerDesignName>
<useDomainConstraints>false</useDomainConstraints>
<use>1</use>
<logicalDatatype>LOGDT019</logicalDatatype>
<dataTypePrecision>10</dataTypePrecision>
<ownDataTypeParameters>,,</ownDataTypeParameters>
<previousColumn>false</previousColumn>
<autoIncrementCycle>false</autoIncrementCycle>
<associations>
<colAssociation fkAssociation="4C8E0A52-F7B1-7BC7-137F-BE61F6DA9C20" referredColumn="03F6931F-C2E3-80DA-59FE-0C65B9BC0FAE"/>
</associations>
</Column>
</columns>
<indexes itemClass="oracle.dbtools.crest.model.design.relational.Index">
<ind_PK_UK id="B192A996-8996-5C77-C8B7-6607EBF492D2" name="SEMI_AUTHOR_PK">
<createdBy>邓新宇</createdBy>
<createdTime>2022-12-06 05:30:45 UTC</createdTime>
<generatorID>B097AD1C-19F0-78ED-FEEC-2341232CCF37</generatorID>
<ownerDesignName>project</ownerDesignName>
<pk>true</pk>
<indexState>Primary Constraint</indexState>
<isSurrogateKey>false</isSurrogateKey>
<indexColumnUsage>
<colUsage columnID="CBA62D0A-D606-9E4D-C0E7-F0D4FC9D8EC5"/>
</indexColumnUsage>
</ind_PK_UK>
<ind_PK_UK id="B3DE1E62-9AAD-02AB-DF3C-2ABF55660F30" name="SEMI_AUTHOR_SEMI_FK">
<createdBy>邓新宇</createdBy>
<createdTime>2022-12-06 05:30:45 UTC</createdTime>
<generatorID>71E8F7A8-33B4-1342-8A29-80426836AD27</generatorID>
<ownerDesignName>project</ownerDesignName>
<indexState>Foreign Key</indexState>
<isSurrogateKey>false</isSurrogateKey>
<indexColumnUsage>
<colUsage columnID="0FD194AB-CCA0-4653-C9CA-B168AE7D207D"/>
</indexColumnUsage>
</ind_PK_UK>
<ind_PK_UK id="CA48361E-9250-0CE3-017A-A648F644E776" name="SEMI_AUTHOR_AUTHOR_FK">
<createdBy>邓新宇</createdBy>
<createdTime>2022-12-06 05:30:45 UTC</createdTime>
<generatorID>11701B63-008A-6E4A-C125-72B24D006D4D</generatorID>
<ownerDesignName>project</ownerDesignName>
<indexState>Foreign Key</indexState>
<isSurrogateKey>false</isSurrogateKey>
<indexColumnUsage>
<colUsage columnID="4AF3838F-79C2-7A25-1AB3-551DEDEEEDF3"/>
</indexColumnUsage>
</ind_PK_UK>
</indexes>
</Table>