<?xml version = '1.0' encoding = 'UTF-8'?>
<Table class="oracle.dbtools.crest.model.design.relational.Table" directorySegmentName="seg_0" id="1F48E81B-F2BE-B35E-FB07-8C00FF9C9992" name="SPONSOR">
<createdBy>邓新宇</createdBy>
<createdTime>2022-12-06 05:30:45 UTC</createdTime>
<generatorID>124F6B5E-38BE-2013-540D-1B9A2C0F92F4</generatorID>
<ownerDesignName>project</ownerDesignName>
<allowColumnReorder>false</allowColumnReorder>
<existDependencyGenerateInDDl>true</existDependencyGenerateInDDl>
<parsed>true</parsed>
<columns itemClass="oracle.dbtools.crest.model.design.relational.Column">
<Column name="SPON_ID" id="768F7183-CEB7-6C4E-31FD-B3EF73E75B1E">
<createdBy>邓新宇</createdBy>
<createdTime>2022-12-06 05:30:45 UTC</createdTime>
<generatorID>CE40936D-9681-2492-D94D-6A99C36C475B</generatorID>
<ownerDesignName>project</ownerDesignName>
<useDomainConstraints>false</useDomainConstraints>
<use>1</use>
<logicalDatatype>LOGDT019</logicalDatatype>
<dataTypePrecision>10</dataTypePrecision>
<ownDataTypeParameters>,10,</ownDataTypeParameters>
<autoIncrementCycle>false</autoIncrementCycle>
</Column>
<Column name="SPON_TYPE" id="15F6CAF5-298B-46C7-D186-0971F09F92ED">
<createdBy>邓新宇</createdBy>
<createdTime>2022-12-06 05:30:45 UTC</createdTime>
<generatorID>D99808C0-AC6E-C07D-7F41-BCB8FD152123</generatorID>
<ownerDesignName>project</ownerDesignName>
<constraintName>CH_INH_SPONSOR</constraintName>
<useDomainConstraints>false</useDomainConstraints>
<use>1</use>
<logicalDatatype>LOGDT024</logicalDatatype>
<dataTypeSize>1</dataTypeSize>
<listOfValues>
<valueDef value="I" description="entity INDI"/>
<valueDef value="O" description="entity ORG"/>
</listOfValues>
<ownDataTypeParameters>1,,</ownDataTypeParameters>
<autoIncrementCycle>false</autoIncrementCycle>
<isDiscriminatorColumn>true</isDiscriminatorColumn>
</Column>
</columns>
<indexes itemClass="oracle.dbtools.crest.model.design.relational.Index">
<ind_PK_UK id="E610D9AF-2105-0B97-053A-1390D5BE68B9" name="SPONSOR_PK">
<createdBy>邓新宇</createdBy>
<createdTime>2022-12-06 05:30:45 UTC</createdTime>
<generatorID>CAF6A69C-4DDA-C7A0-72B0-48FB47BFD1CF</generatorID>
<ownerDesignName>project</ownerDesignName>
<pk>true</pk>
<indexState>Primary Constraint</indexState>
<isSurrogateKey>false</isSurrogateKey>
<indexColumnUsage>
<colUsage columnID="768F7183-CEB7-6C4E-31FD-B3EF73E75B1E"/>
</indexColumnUsage>
</ind_PK_UK>
</indexes>
</Table>