<?xml version = '1.0' encoding = 'UTF-8'?>
<Table class="oracle.dbtools.crest.model.design.relational.Table" directorySegmentName="seg_0" id="2C980F1A-4DC0-14BB-2568-0A3B525750E3" name="INVOICE">
<createdBy>邓新宇</createdBy>
<createdTime>2022-12-06 05:30:45 UTC</createdTime>
<generatorID>CD04FCAD-FCE1-51D8-E273-9FEF32AC3AEC</generatorID>
<ownerDesignName>project</ownerDesignName>
<allowColumnReorder>false</allowColumnReorder>
<existDependencyGenerateInDDl>true</existDependencyGenerateInDDl>
<parsed>true</parsed>
<columns itemClass="oracle.dbtools.crest.model.design.relational.Column">
<Column name="INVOICE_ID" id="C48DEC31-7272-93A6-8022-4469556B842E">
<createdBy>邓新宇</createdBy>
<createdTime>2022-12-06 05:30:45 UTC</createdTime>
<generatorID>5CA343BA-0501-DE55-F4AA-84866D05D94A</generatorID>
<ownerDesignName>project</ownerDesignName>
<useDomainConstraints>false</useDomainConstraints>
<use>1</use>
<logicalDatatype>LOGDT019</logicalDatatype>
<dataTypePrecision>10</dataTypePrecision>
<ownDataTypeParameters>,10,</ownDataTypeParameters>
<autoIncrementCycle>false</autoIncrementCycle>
</Column>
<Column name="INVOICE_DATE" id="163A7986-DA58-E1BE-5558-5C9604EA4865">
<createdBy>邓新宇</createdBy>
<createdTime>2022-12-06 05:30:45 UTC</createdTime>
<generatorID>91B9F0E5-3CA9-FD60-B450-AA9AD066400F</generatorID>
<ownerDesignName>project</ownerDesignName>
<useDomainConstraints>false</useDomainConstraints>
<use>1</use>
<logicalDatatype>LOGDT007</logicalDatatype>
<ownDataTypeParameters>,,</ownDataTypeParameters>
<autoIncrementCycle>false</autoIncrementCycle>
</Column>
<Column name="INVOICE_AMOUNT" id="4AA0FC7C-A6AB-2E10-AB03-DE43E3EA45B4">
<createdBy>邓新宇</createdBy>
<createdTime>2022-12-06 05:30:45 UTC</createdTime>
<generatorID>04EE8CA2-B01E-540B-1A35-7E44B2E067A4</generatorID>
<ownerDesignName>project</ownerDesignName>
<useDomainConstraints>false</useDomainConstraints>
<use>1</use>
<logicalDatatype>LOGDT019</logicalDatatype>
<dataTypePrecision>20</dataTypePrecision>
<dataTypeScale>2</dataTypeScale>
<ownDataTypeParameters>,20,2</ownDataTypeParameters>
<autoIncrementCycle>false</autoIncrementCycle>
</Column>
<Column name="CUS_RENTAL_REN_ID" id="4DD6E547-B743-9F03-C8C6-4567938ACF61">
<createdBy>邓新宇</createdBy>
<createdTime>2022-12-06 05:30:45 UTC</createdTime>
<generatorID>4174687B-C3DD-C822-07BA-029ED7134B7D</generatorID>
<ownerDesignName>project</ownerDesignName>
<useDomainConstraints>false</useDomainConstraints>
<use>1</use>
<logicalDatatype>LOGDT019</logicalDatatype>
<dataTypePrecision>15</dataTypePrecision>
<ownDataTypeParameters>,,</ownDataTypeParameters>
<previousColumn>false</previousColumn>
<autoIncrementCycle>false</autoIncrementCycle>
<associations>
<colAssociation fkAssociation="457B1A78-3075-C38D-2369-AFF7F93A0BD7" referredColumn="47ED793C-8676-7BBF-11DF-E6A1CA5EBD85"/>
</associations>
</Column>
</columns>
<indexes itemClass="oracle.dbtools.crest.model.design.relational.Index">
<ind_PK_UK id="37164F63-7269-3A8B-EDAF-EA9E637FFF0E" name="INVOICE_PK">
<createdBy>邓新宇</createdBy>
<createdTime>2022-12-06 05:30:45 UTC</createdTime>
<generatorID>0DB2C284-A24A-539E-FA6A-CB0C969B9333</generatorID>
<ownerDesignName>project</ownerDesignName>
<pk>true</pk>
<indexState>Primary Constraint</indexState>
<isSurrogateKey>false</isSurrogateKey>
<indexColumnUsage>
<colUsage columnID="C48DEC31-7272-93A6-8022-4469556B842E"/>
</indexColumnUsage>
</ind_PK_UK>
<ind_PK_UK id="B7918571-83BA-A04C-3B3C-182C8E49FD88" name="INVOICE__IDX">
<createdBy>邓新宇</createdBy>
<createdTime>2022-12-06 05:30:45 UTC</createdTime>
<ownerDesignName>project</ownerDesignName>
<indexState>Unique Plain Index</indexState>
<isSurrogateKey>false</isSurrogateKey>
<relationGeneratorID>B40A13E8-C1D1-78F9-5C24-534690513521</relationGeneratorID>
<indexColumnUsage>
<colUsage columnID="4DD6E547-B743-9F03-C8C6-4567938ACF61"/>
</indexColumnUsage>
</ind_PK_UK>
<ind_PK_UK id="35171B88-95A2-F974-6C2D-5CF642BF5CE4" name="INVOICE_CUS_RENTAL_FK">
<createdBy>邓新宇</createdBy>
<createdTime>2022-12-06 05:30:45 UTC</createdTime>
<generatorID>B40A13E8-C1D1-78F9-5C24-534690513521</generatorID>
<ownerDesignName>project</ownerDesignName>
<indexState>Foreign Key</indexState>
<isSurrogateKey>false</isSurrogateKey>
<indexColumnUsage>
<colUsage columnID="4DD6E547-B743-9F03-C8C6-4567938ACF61"/>
</indexColumnUsage>
</ind_PK_UK>
</indexes>
</Table>