<?xml version = '1.0' encoding = 'UTF-8'?>
<Table class="oracle.dbtools.crest.model.design.relational.Table" directorySegmentName="seg_0" id="40E2CB54-D149-AB1E-E490-C19053B4105F" name="ORG">
<createdBy>邓新宇</createdBy>
<createdTime>2022-12-06 05:30:45 UTC</createdTime>
<generatorID>3C376B8B-5F9A-B592-1A6E-592440F8FE02</generatorID>
<ownerDesignName>project</ownerDesignName>
<allowColumnReorder>false</allowColumnReorder>
<existDependencyGenerateInDDl>true</existDependencyGenerateInDDl>
<parsed>true</parsed>
<columns itemClass="oracle.dbtools.crest.model.design.relational.Column">
<Column name="SPON_ID" id="B0920096-056F-4E5E-9696-340FC2BB8261">
<createdBy>邓新宇</createdBy>
<createdTime>2022-12-06 05:30:45 UTC</createdTime>
<generatorID>CE40936D-9681-2492-D94D-6A99C36C475B</generatorID>
<ownerDesignName>project</ownerDesignName>
<useDomainConstraints>false</useDomainConstraints>
<use>1</use>
<logicalDatatype>LOGDT019</logicalDatatype>
<dataTypePrecision>10</dataTypePrecision>
<ownDataTypeParameters>,,</ownDataTypeParameters>
<autoIncrementCycle>false</autoIncrementCycle>
<associations>
<colAssociation fkAssociation="04B61ECB-BC0F-78E0-D170-937436AA7228" referredColumn="768F7183-CEB7-6C4E-31FD-B3EF73E75B1E"/>
</associations>
</Column>
<Column name="NAME" id="AB83E1BD-7916-FE01-CF5D-491FFD1EC0C0">
<createdBy>邓新宇</createdBy>
<createdTime>2022-12-06 05:30:45 UTC</createdTime>
<generatorID>569D52FB-3377-2204-A16C-9B6D40DA030A</generatorID>
<ownerDesignName>project</ownerDesignName>
<useDomainConstraints>false</useDomainConstraints>
<use>1</use>
<logicalDatatype>LOGDT024</logicalDatatype>
<dataTypeSize>30</dataTypeSize>
<ownDataTypeParameters>30,,</ownDataTypeParameters>
<autoIncrementCycle>false</autoIncrementCycle>
</Column>
</columns>
<indexes itemClass="oracle.dbtools.crest.model.design.relational.Index">
<ind_PK_UK id="DACCF516-B44C-FE97-C9FC-C1486D484FCF" name="ORG_PK">
<createdBy>邓新宇</createdBy>
<createdTime>2022-12-06 05:30:45 UTC</createdTime>
<generatorID>CAF6A69C-4DDA-C7A0-72B0-48FB47BFD1CF</generatorID>
<ownerDesignName>project</ownerDesignName>
<pk>true</pk>
<indexState>Primary Constraint</indexState>
<isSurrogateKey>false</isSurrogateKey>
<indexColumnUsage>
<colUsage columnID="B0920096-056F-4E5E-9696-340FC2BB8261"/>
</indexColumnUsage>
</ind_PK_UK>
<ind_PK_UK id="811B21E0-1D89-E409-33F4-82C898D247F3" name="ORG_SPONSOR_FK">
<createdBy>邓新宇</createdBy>
<createdTime>2022-12-06 05:30:45 UTC</createdTime>
<generatorID>F49DA05B-900B-529C-3A5C-A64F4AE9952E</generatorID>
<ownerDesignName>project</ownerDesignName>
<indexState>Foreign Key</indexState>
<isSurrogateKey>false</isSurrogateKey>
<indexColumnUsage>
<colUsage columnID="B0920096-056F-4E5E-9696-340FC2BB8261"/>
</indexColumnUsage>
</ind_PK_UK>
</indexes>
</Table>