<?xml version = '1.0' encoding = 'UTF-8'?>
<Table class="oracle.dbtools.crest.model.design.relational.Table" directorySegmentName="seg_0" id="632814D5-72FC-E12B-6DEA-17E1E7287FA5" name="CUS_EXHI">
<createdBy>邓新宇</createdBy>
<createdTime>2022-12-06 05:30:45 UTC</createdTime>
<generatorID>9E08A152-D07A-D0AB-BE32-E4FEEB595A78</generatorID>
<ownerDesignName>project</ownerDesignName>
<allowColumnReorder>false</allowColumnReorder>
<existDependencyGenerateInDDl>true</existDependencyGenerateInDDl>
<parsed>true</parsed>
<columns itemClass="oracle.dbtools.crest.model.design.relational.Column">
<Column name="CUSTOMER_CUS_ID" id="BD57940C-743F-0424-0F32-65C4AB938DBF">
<createdBy>邓新宇</createdBy>
<createdTime>2022-12-06 05:30:45 UTC</createdTime>
<generatorID>A4491D94-6E6F-E822-03EE-F0639DA357E6</generatorID>
<ownerDesignName>project</ownerDesignName>
<useDomainConstraints>false</useDomainConstraints>
<use>1</use>
<logicalDatatype>LOGDT019</logicalDatatype>
<dataTypePrecision>10</dataTypePrecision>
<ownDataTypeParameters>,,</ownDataTypeParameters>
<previousColumn>false</previousColumn>
<autoIncrementCycle>false</autoIncrementCycle>
<associations>
<colAssociation fkAssociation="986514C3-481C-B580-7F1F-2C071B1E8916" referredColumn="EBF16C04-56DE-5C06-E88E-CCA349486131"/>
</associations>
</Column>
<Column name="EXHI_EVENT_ID" id="9434E2FD-767B-0DAF-06F3-1148F261E208">
<createdBy>邓新宇</createdBy>
<createdTime>2022-12-06 05:30:45 UTC</createdTime>
<generatorID>DFBB732F-B2F6-568E-143C-98240D03F067</generatorID>
<ownerDesignName>project</ownerDesignName>
<useDomainConstraints>false</useDomainConstraints>
<use>1</use>
<logicalDatatype>LOGDT019</logicalDatatype>
<dataTypePrecision>10</dataTypePrecision>
<ownDataTypeParameters>,,</ownDataTypeParameters>
<previousColumn>false</previousColumn>
<autoIncrementCycle>false</autoIncrementCycle>
<associations>
<colAssociation fkAssociation="D0491A3E-19F2-AE33-9FB9-9A588FE088B3" referredColumn="2D5D908B-A52D-4A64-BC0F-11728AE3D869"/>
</associations>
</Column>
<Column name="REGISTRATION_ID" id="FF76CE79-60C1-64EB-28FC-D9CBE19C2930">
<createdBy>邓新宇</createdBy>
<createdTime>2022-12-06 05:30:45 UTC</createdTime>
<generatorID>E6F55F05-2CC8-FF60-66BB-562259742CA8</generatorID>
<ownerDesignName>project</ownerDesignName>
<useDomainConstraints>false</useDomainConstraints>
<use>1</use>
<logicalDatatype>LOGDT019</logicalDatatype>
<dataTypePrecision>20</dataTypePrecision>
<ownDataTypeParameters>,20,</ownDataTypeParameters>
<autoIncrementCycle>false</autoIncrementCycle>
</Column>
</columns>
<indexes itemClass="oracle.dbtools.crest.model.design.relational.Index">
<ind_PK_UK id="E386BCED-E25F-DFF8-1E8B-89B2CA88F2BE" name="CUS_EXHI_PK">
<createdBy>邓新宇</createdBy>
<createdTime>2022-12-06 05:30:45 UTC</createdTime>
<generatorID>014CEAA0-E731-4189-6FAB-EA6F3BCC9BCF</generatorID>
<ownerDesignName>project</ownerDesignName>
<pk>true</pk>
<indexState>Primary Constraint</indexState>
<isSurrogateKey>false</isSurrogateKey>
<indexColumnUsage>
<colUsage columnID="FF76CE79-60C1-64EB-28FC-D9CBE19C2930"/>
</indexColumnUsage>
</ind_PK_UK>
<ind_PK_UK id="1A86E09E-699E-0F14-C2DC-BF11914860AB" name="CUS_EXHI_CUSTOMER_FK">
<createdBy>邓新宇</createdBy>
<createdTime>2022-12-06 05:30:45 UTC</createdTime>
<generatorID>44DA83E5-C0B1-F5E2-D897-7A40ECAEC221</generatorID>
<ownerDesignName>project</ownerDesignName>
<indexState>Foreign Key</indexState>
<isSurrogateKey>false</isSurrogateKey>
<indexColumnUsage>
<colUsage columnID="BD57940C-743F-0424-0F32-65C4AB938DBF"/>
</indexColumnUsage>
</ind_PK_UK>
<ind_PK_UK id="E1D1EC07-AA2E-FC0D-0526-3338F608719D" name="CUS_EXHI_EXHI_FK">
<createdBy>邓新宇</createdBy>
<createdTime>2022-12-06 05:30:45 UTC</createdTime>
<generatorID>1B009B76-B37E-2CAF-DEFA-6D70CCC049D1</generatorID>
<ownerDesignName>project</ownerDesignName>
<indexState>Foreign Key</indexState>
<isSurrogateKey>false</isSurrogateKey>
<indexColumnUsage>
<colUsage columnID="9434E2FD-767B-0DAF-06F3-1148F261E208"/>
</indexColumnUsage>
</ind_PK_UK>
</indexes>
</Table>