<?xml version = '1.0' encoding = 'UTF-8'?>
<Table class="oracle.dbtools.crest.model.design.relational.Table" directorySegmentName="seg_0" id="72689422-6B63-F8F3-6772-811291504D40" name="CUS_RENTAL">
<createdBy>邓新宇</createdBy>
<createdTime>2022-12-06 05:30:45 UTC</createdTime>
<generatorID>CA02424C-79FB-B2D1-1BDA-461DAEACE663</generatorID>
<ownerDesignName>project</ownerDesignName>
<allowColumnReorder>false</allowColumnReorder>
<existDependencyGenerateInDDl>true</existDependencyGenerateInDDl>
<parsed>true</parsed>
<columns itemClass="oracle.dbtools.crest.model.design.relational.Column">
<Column name="CUSTOMER_CUS_ID" id="37AC4A16-9600-2629-AD02-8CC92A3CD873">
<createdBy>邓新宇</createdBy>
<createdTime>2022-12-06 05:30:45 UTC</createdTime>
<generatorID>F62A7B9A-F2F2-E3C3-017F-F04BDD97593A</generatorID>
<ownerDesignName>project</ownerDesignName>
<useDomainConstraints>false</useDomainConstraints>
<use>1</use>
<logicalDatatype>LOGDT019</logicalDatatype>
<dataTypePrecision>10</dataTypePrecision>
<ownDataTypeParameters>,,</ownDataTypeParameters>
<previousColumn>false</previousColumn>
<autoIncrementCycle>false</autoIncrementCycle>
<associations>
<colAssociation fkAssociation="1BAEE1A2-5A68-9102-C43F-AD8240487316" referredColumn="EBF16C04-56DE-5C06-E88E-CCA349486131"/>
</associations>
</Column>
<Column name="INVOICE_INVOICE_ID" id="4DAEBB83-6A80-491D-E106-FA288E0A1478">
<createdBy>邓新宇</createdBy>
<createdTime>2022-12-06 05:30:45 UTC</createdTime>
<generatorID>D556158B-2218-9915-1C6D-55B367454544</generatorID>
<ownerDesignName>project</ownerDesignName>
<useDomainConstraints>false</useDomainConstraints>
<use>1</use>
<logicalDatatype>LOGDT019</logicalDatatype>
<dataTypePrecision>10</dataTypePrecision>
<ownDataTypeParameters>,,</ownDataTypeParameters>
<previousColumn>false</previousColumn>
<autoIncrementCycle>false</autoIncrementCycle>
<associations>
<colAssociation fkAssociation="CB60CAAF-FEEE-654C-4009-37F8963EEAAE" referredColumn="C48DEC31-7272-93A6-8022-4469556B842E"/>
</associations>
</Column>
<Column name="COPY_COPY_ID" id="C49A4E2D-7A31-B31D-02E5-F472B6384ECA">
<createdBy>邓新宇</createdBy>
<createdTime>2022-12-06 05:30:45 UTC</createdTime>
<generatorID>43F71C72-E48B-0646-DAF6-9C0733D0A619</generatorID>
<ownerDesignName>project</ownerDesignName>
<useDomainConstraints>false</useDomainConstraints>
<use>1</use>
<logicalDatatype>LOGDT019</logicalDatatype>
<dataTypePrecision>10</dataTypePrecision>
<ownDataTypeParameters>,,</ownDataTypeParameters>
<previousColumn>false</previousColumn>
<autoIncrementCycle>false</autoIncrementCycle>
<associations>
<colAssociation fkAssociation="071E27A8-C85F-8C00-1625-6A7ADC055F69" referredColumn="97C7B854-E1FD-593C-9007-8B48163E7D4E"/>
</associations>
</Column>
<Column name="REN_ID" id="47ED793C-8676-7BBF-11DF-E6A1CA5EBD85">
<createdBy>邓新宇</createdBy>
<createdTime>2022-12-06 05:30:45 UTC</createdTime>
<generatorID>4331155C-C66B-88C1-6A3C-2ED3D639F572</generatorID>
<ownerDesignName>project</ownerDesignName>
<useDomainConstraints>false</useDomainConstraints>
<use>1</use>
<logicalDatatype>LOGDT019</logicalDatatype>
<dataTypePrecision>15</dataTypePrecision>
<ownDataTypeParameters>,15,</ownDataTypeParameters>
<autoIncrementCycle>false</autoIncrementCycle>
</Column>
<Column name="REN_STATUS" id="2B7AC80F-1D79-64B9-C458-09A31F55661D">
<createdBy>邓新宇</createdBy>
<createdTime>2022-12-06 05:30:45 UTC</createdTime>
<generatorID>00E80036-7DE6-2478-54EC-C4F7C046F642</generatorID>
<ownerDesignName>project</ownerDesignName>
<useDomainConstraints>false</useDomainConstraints>
<use>1</use>
<logicalDatatype>LOGDT035</logicalDatatype>
<dataTypeSize>1</dataTypeSize>
<ownDataTypeParameters>1,,</ownDataTypeParameters>
<autoIncrementCycle>false</autoIncrementCycle>
</Column>
<Column name="STAR_DATE" id="E67AA303-EA0E-5333-1B71-51BEE0B4B72F">
<createdBy>邓新宇</createdBy>
<createdTime>2022-12-06 05:30:45 UTC</createdTime>
<generatorID>8432A7BC-36D4-9E2A-79E5-3288B497D5F5</generatorID>
<ownerDesignName>project</ownerDesignName>
<useDomainConstraints>false</useDomainConstraints>
<use>1</use>
<logicalDatatype>LOGDT007</logicalDatatype>
<ownDataTypeParameters>,,</ownDataTypeParameters>
<autoIncrementCycle>false</autoIncrementCycle>
</Column>
<Column name="EXPE_DATE" id="D283DF11-9CF4-B400-1475-56EBA6F16886">
<createdBy>邓新宇</createdBy>
<createdTime>2022-12-06 05:30:45 UTC</createdTime>
<generatorID>44A77891-2EA7-20F7-4935-C93167C02F50</generatorID>
<ownerDesignName>project</ownerDesignName>
<useDomainConstraints>false</useDomainConstraints>
<use>1</use>
<logicalDatatype>LOGDT007</logicalDatatype>
<ownDataTypeParameters>,,</ownDataTypeParameters>
<autoIncrementCycle>false</autoIncrementCycle>
</Column>
<Column name="RET_DATE" id="FB1FEE3E-09EA-D1B7-52C8-56F16E992C75">
<createdBy>邓新宇</createdBy>
<createdTime>2022-12-06 05:30:45 UTC</createdTime>
<generatorID>93B14F11-FB77-01C9-9868-DA36A85704CF</generatorID>
<ownerDesignName>project</ownerDesignName>
<nullsAllowed>true</nullsAllowed>
<useDomainConstraints>false</useDomainConstraints>
<use>1</use>
<logicalDatatype>LOGDT007</logicalDatatype>
<ownDataTypeParameters>,,</ownDataTypeParameters>
<autoIncrementCycle>false</autoIncrementCycle>
</Column>
</columns>
<indexes itemClass="oracle.dbtools.crest.model.design.relational.Index">
<ind_PK_UK id="03482C68-613B-30AD-9DBD-E165BF44A462" name="CUS_RENTAL_PK">
<createdBy>邓新宇</createdBy>
<createdTime>2022-12-06 05:30:45 UTC</createdTime>
<generatorID>D2BA0298-0A46-3B12-545D-93A2DC3887CD</generatorID>
<ownerDesignName>project</ownerDesignName>
<pk>true</pk>
<indexState>Primary Constraint</indexState>
<isSurrogateKey>false</isSurrogateKey>
<indexColumnUsage>
<colUsage columnID="47ED793C-8676-7BBF-11DF-E6A1CA5EBD85"/>
</indexColumnUsage>
</ind_PK_UK>
<ind_PK_UK id="0C48C84E-3F7D-681E-A696-5DB063FAF078" name="CUS_RENTAL__IDX">
<createdBy>邓新宇</createdBy>
<createdTime>2022-12-06 05:30:45 UTC</createdTime>
<ownerDesignName>project</ownerDesignName>
<indexState>Unique Plain Index</indexState>
<isSurrogateKey>false</isSurrogateKey>
<relationGeneratorID>B40A13E8-C1D1-78F9-5C24-534690513521</relationGeneratorID>
<indexColumnUsage>
<colUsage columnID="4DAEBB83-6A80-491D-E106-FA288E0A1478"/>
</indexColumnUsage>
</ind_PK_UK>
<ind_PK_UK id="E5883A3C-77FF-2AB5-E8A3-C13855D292BE" name="CUS_RENTAL_CUSTOMER_FK">
<createdBy>邓新宇</createdBy>
<createdTime>2022-12-06 05:30:45 UTC</createdTime>
<generatorID>5315C99E-7FFC-7809-5371-A18895D5BBCE</generatorID>
<ownerDesignName>project</ownerDesignName>
<indexState>Foreign Key</indexState>
<isSurrogateKey>false</isSurrogateKey>
<indexColumnUsage>
<colUsage columnID="37AC4A16-9600-2629-AD02-8CC92A3CD873"/>
</indexColumnUsage>
</ind_PK_UK>
<ind_PK_UK id="126A817F-1AA1-E6DE-76E4-9108986E3BC7" name="CUS_RENTAL_INVOICE_FK">
<createdBy>邓新宇</createdBy>
<createdTime>2022-12-06 05:30:45 UTC</createdTime>
<generatorID>B40A13E8-C1D1-78F9-5C24-534690513521</generatorID>
<ownerDesignName>project</ownerDesignName>
<indexState>Foreign Key</indexState>
<isSurrogateKey>false</isSurrogateKey>
<indexColumnUsage>
<colUsage columnID="4DAEBB83-6A80-491D-E106-FA288E0A1478"/>
</indexColumnUsage>
</ind_PK_UK>
<ind_PK_UK id="6A587DF3-D891-020C-8F8F-3FD36F40A987" name="CUS_RENTAL_COPY_FK">
<createdBy>邓新宇</createdBy>
<createdTime>2022-12-06 05:30:45 UTC</createdTime>
<generatorID>5FDCAF58-6798-5B3C-12B0-64AB86A8AD09</generatorID>
<ownerDesignName>project</ownerDesignName>
<indexState>Foreign Key</indexState>
<isSurrogateKey>false</isSurrogateKey>
<indexColumnUsage>
<colUsage columnID="C49A4E2D-7A31-B31D-02E5-F472B6384ECA"/>
</indexColumnUsage>
</ind_PK_UK>
</indexes>
</Table>