<?xml version = '1.0' encoding = 'UTF-8'?>
<Table class="oracle.dbtools.crest.model.design.relational.Table" directorySegmentName="seg_0" id="9664192D-22C7-E76C-9D77-6AD047E0624F" name="CUS_ROOM">
<createdBy>邓新宇</createdBy>
<createdTime>2022-12-06 05:30:45 UTC</createdTime>
<generatorID>5E65AC4A-1C05-72D4-610D-B52725EFE3DF</generatorID>
<ownerDesignName>project</ownerDesignName>
<allowColumnReorder>false</allowColumnReorder>
<existDependencyGenerateInDDl>true</existDependencyGenerateInDDl>
<parsed>true</parsed>
<columns itemClass="oracle.dbtools.crest.model.design.relational.Column">
<Column name="DATE" id="E28FAC1E-0965-5260-C815-A953BFC57EA0">
<createdBy>邓新宇</createdBy>
<createdTime>2022-12-06 05:30:45 UTC</createdTime>
<generatorID>B03758A5-5A90-F5AE-30B1-F2540A4611A9</generatorID>
<ownerDesignName>project</ownerDesignName>
<useDomainConstraints>false</useDomainConstraints>
<use>1</use>
<logicalDatatype>LOGDT007</logicalDatatype>
<ownDataTypeParameters>,,</ownDataTypeParameters>
<autoIncrementCycle>false</autoIncrementCycle>
</Column>
<Column name="TIMESLOT" id="7264BC0C-3C46-70BC-5E8B-29F070217CCF">
<createdBy>邓新宇</createdBy>
<createdTime>2022-12-06 05:30:45 UTC</createdTime>
<generatorID>6BEA722E-D6BE-600A-C99D-F85D8E358975</generatorID>
<ownerDesignName>project</ownerDesignName>
<useDomainConstraints>false</useDomainConstraints>
<use>1</use>
<logicalDatatype>LOGDT019</logicalDatatype>
<dataTypePrecision>1</dataTypePrecision>
<ownDataTypeParameters>,1,</ownDataTypeParameters>
<autoIncrementCycle>false</autoIncrementCycle>
</Column>
<Column name="ROOM_ROOM_ID" id="5AB44C84-4147-62CA-54D2-06F420B44094">
<createdBy>邓新宇</createdBy>
<createdTime>2022-12-06 05:30:45 UTC</createdTime>
<generatorID>3259F328-5DBA-B70E-D91C-7CD720C3AEE5</generatorID>
<ownerDesignName>project</ownerDesignName>
<useDomainConstraints>false</useDomainConstraints>
<use>1</use>
<logicalDatatype>LOGDT019</logicalDatatype>
<dataTypePrecision>10</dataTypePrecision>
<ownDataTypeParameters>,,</ownDataTypeParameters>
<previousColumn>false</previousColumn>
<autoIncrementCycle>false</autoIncrementCycle>
<associations>
<colAssociation fkAssociation="9ADC4421-D00A-BAA9-B20D-8EAE1701C40E" referredColumn="9FC1C9E2-FDEE-53C8-AF72-0951616EADD3"/>
</associations>
</Column>
<Column name="CUSTOMER_CUS_ID" id="EAFA5AAE-0634-947C-2AD4-7781A372A964">
<createdBy>邓新宇</createdBy>
<createdTime>2022-12-06 05:30:45 UTC</createdTime>
<generatorID>868CDA1B-3EA3-EADE-E72E-9992CA05122F</generatorID>
<ownerDesignName>project</ownerDesignName>
<useDomainConstraints>false</useDomainConstraints>
<use>1</use>
<logicalDatatype>LOGDT019</logicalDatatype>
<dataTypePrecision>10</dataTypePrecision>
<ownDataTypeParameters>,,</ownDataTypeParameters>
<previousColumn>false</previousColumn>
<autoIncrementCycle>false</autoIncrementCycle>
<associations>
<colAssociation fkAssociation="12E746CD-01E7-85FB-CA05-4F433D1B2431" referredColumn="EBF16C04-56DE-5C06-E88E-CCA349486131"/>
</associations>
</Column>
</columns>
<indexes itemClass="oracle.dbtools.crest.model.design.relational.Index">
<ind_PK_UK id="7BEEAC6A-05AC-8094-0CF4-3137071A97F6" name="CUS_ROOM_ROOM_FK">
<createdBy>邓新宇</createdBy>
<createdTime>2022-12-06 05:30:45 UTC</createdTime>
<generatorID>17D51B20-D63A-C353-3ED7-C8DE074A66F9</generatorID>
<ownerDesignName>project</ownerDesignName>
<indexState>Foreign Key</indexState>
<isSurrogateKey>false</isSurrogateKey>
<indexColumnUsage>
<colUsage columnID="5AB44C84-4147-62CA-54D2-06F420B44094"/>
</indexColumnUsage>
</ind_PK_UK>
<ind_PK_UK id="B0AA7404-B95D-5F47-74D6-A2FDB2DE6DE9" name="CUS_ROOM_CUSTOMER_FK">
<createdBy>邓新宇</createdBy>
<createdTime>2022-12-06 05:30:45 UTC</createdTime>
<generatorID>DCEA175A-B3BD-BD12-AD2D-22C303F9365B</generatorID>
<ownerDesignName>project</ownerDesignName>
<indexState>Foreign Key</indexState>
<isSurrogateKey>false</isSurrogateKey>
<indexColumnUsage>
<colUsage columnID="EAFA5AAE-0634-947C-2AD4-7781A372A964"/>
</indexColumnUsage>
</ind_PK_UK>
</indexes>
</Table>