<?xml version = '1.0' encoding = 'UTF-8'?>
<Table class="oracle.dbtools.crest.model.design.relational.Table" directorySegmentName="seg_0" id="B1C51F8D-B225-9CA1-E67A-9018CC1A3B43" name="EXHI">
<createdBy>邓新宇</createdBy>
<createdTime>2022-12-06 05:30:45 UTC</createdTime>
<generatorID>A64608E4-0727-DE4C-1DA0-9EF6F64F7D10</generatorID>
<ownerDesignName>project</ownerDesignName>
<allowColumnReorder>false</allowColumnReorder>
<existDependencyGenerateInDDl>true</existDependencyGenerateInDDl>
<parsed>true</parsed>
<columns itemClass="oracle.dbtools.crest.model.design.relational.Column">
<Column name="EVENT_ID" id="2D5D908B-A52D-4A64-BC0F-11728AE3D869">
<createdBy>邓新宇</createdBy>
<createdTime>2022-12-06 05:30:45 UTC</createdTime>
<generatorID>2C6051AB-B733-9AF8-7CEF-F9064F0A5CB5</generatorID>
<ownerDesignName>project</ownerDesignName>
<useDomainConstraints>false</useDomainConstraints>
<use>1</use>
<logicalDatatype>LOGDT019</logicalDatatype>
<dataTypePrecision>10</dataTypePrecision>
<ownDataTypeParameters>,,</ownDataTypeParameters>
<autoIncrementCycle>false</autoIncrementCycle>
<associations>
<colAssociation fkAssociation="5D8D8808-AB06-E4B1-7FFC-AB0976D3330F" referredColumn="1944DF49-C0F7-C040-2939-84208E3F364C"/>
</associations>
</Column>
<Column name="EXP" id="5CC888EA-8A12-A7F5-C25B-B0DC581BD39D">
<createdBy>邓新宇</createdBy>
<createdTime>2022-12-06 05:30:45 UTC</createdTime>
<generatorID>5E260678-D456-6DD6-A3A5-308A93F8BFC3</generatorID>
<ownerDesignName>project</ownerDesignName>
<useDomainConstraints>false</useDomainConstraints>
<use>1</use>
<logicalDatatype>LOGDT019</logicalDatatype>
<dataTypePrecision>20</dataTypePrecision>
<ownDataTypeParameters>,20,</ownDataTypeParameters>
<autoIncrementCycle>false</autoIncrementCycle>
</Column>
</columns>
<indexes itemClass="oracle.dbtools.crest.model.design.relational.Index">
<ind_PK_UK id="85A330D3-2FD0-BD4E-B501-DF72E9EFCAFC" name="EXHI_PK">
<createdBy>邓新宇</createdBy>
<createdTime>2022-12-06 05:30:45 UTC</createdTime>
<generatorID>A57C3286-5E11-9B1C-763C-8BBB7ADE0282</generatorID>
<ownerDesignName>project</ownerDesignName>
<pk>true</pk>
<indexState>Primary Constraint</indexState>
<isSurrogateKey>false</isSurrogateKey>
<indexColumnUsage>
<colUsage columnID="2D5D908B-A52D-4A64-BC0F-11728AE3D869"/>
</indexColumnUsage>
</ind_PK_UK>
<ind_PK_UK id="EFFA0DA0-8278-ED43-F17F-17D3A07DA2C8" name="EXHI_EVENT_FK">
<createdBy>邓新宇</createdBy>
<createdTime>2022-12-06 05:30:45 UTC</createdTime>
<generatorID>85350AE1-B72D-0249-28B2-45ACFDD0D028</generatorID>
<ownerDesignName>project</ownerDesignName>
<indexState>Foreign Key</indexState>
<isSurrogateKey>false</isSurrogateKey>
<indexColumnUsage>
<colUsage columnID="2D5D908B-A52D-4A64-BC0F-11728AE3D869"/>
</indexColumnUsage>
</ind_PK_UK>
</indexes>
</Table>