<?xml version = '1.0' encoding = 'UTF-8'?>
<Table class="oracle.dbtools.crest.model.design.relational.Table" directorySegmentName="seg_0" id="B45798D4-55B5-47D5-7FA6-8800955DFD61" name="AUTHOR_BOOK">
<createdBy>邓新宇</createdBy>
<createdTime>2022-12-06 05:30:45 UTC</createdTime>
<generatorID>3423866D-0FE0-DEF4-E1A5-99149F9175C7</generatorID>
<ownerDesignName>project</ownerDesignName>
<allowColumnReorder>false</allowColumnReorder>
<existDependencyGenerateInDDl>true</existDependencyGenerateInDDl>
<parsed>true</parsed>
<columns itemClass="oracle.dbtools.crest.model.design.relational.Column">
<Column name="AUTHOR_AUR_ID" id="0D6C749D-42D5-7E04-B8DE-4AFAFA5454C2">
<createdBy>邓新宇</createdBy>
<createdTime>2022-12-06 05:30:45 UTC</createdTime>
<generatorID>66B83C5E-08DA-BED0-FA59-EC379CC4D86B</generatorID>
<ownerDesignName>project</ownerDesignName>
<useDomainConstraints>false</useDomainConstraints>
<use>1</use>
<logicalDatatype>LOGDT019</logicalDatatype>
<dataTypePrecision>10</dataTypePrecision>
<ownDataTypeParameters>,,</ownDataTypeParameters>
<previousColumn>false</previousColumn>
<autoIncrementCycle>false</autoIncrementCycle>
<associations>
<colAssociation fkAssociation="49EA8EBA-3BCE-DEA0-C7FA-B6158C316936" referredColumn="03F6931F-C2E3-80DA-59FE-0C65B9BC0FAE"/>
</associations>
</Column>
<Column name="BOOK_BOOK_ID" id="5232AD70-DF43-FF84-BE2B-B2EBD0D91703">
<createdBy>邓新宇</createdBy>
<createdTime>2022-12-06 05:30:45 UTC</createdTime>
<generatorID>DD19F064-F6E3-F112-3C51-097B68FCE8FC</generatorID>
<ownerDesignName>project</ownerDesignName>
<useDomainConstraints>false</useDomainConstraints>
<use>1</use>
<logicalDatatype>LOGDT019</logicalDatatype>
<dataTypePrecision>10</dataTypePrecision>
<ownDataTypeParameters>,,</ownDataTypeParameters>
<previousColumn>false</previousColumn>
<autoIncrementCycle>false</autoIncrementCycle>
<associations>
<colAssociation fkAssociation="CF05AF90-CC2D-AC82-B321-78D0B0409587" referredColumn="D6F087C5-597A-8586-3FFF-630747F0E8F3"/>
</associations>
</Column>
</columns>
<indexes itemClass="oracle.dbtools.crest.model.design.relational.Index">
<ind_PK_UK id="D25BAB00-0FEA-6A4A-D0A3-DE7E7D5E89B4" name="AUTHOR_BOOK_AUTHOR_FK">
<createdBy>邓新宇</createdBy>
<createdTime>2022-12-06 05:30:45 UTC</createdTime>
<generatorID>D6D15164-0B93-B81A-CFA7-553078B5673C</generatorID>
<ownerDesignName>project</ownerDesignName>
<indexState>Foreign Key</indexState>
<isSurrogateKey>false</isSurrogateKey>
<indexColumnUsage>
<colUsage columnID="0D6C749D-42D5-7E04-B8DE-4AFAFA5454C2"/>
</indexColumnUsage>
</ind_PK_UK>
<ind_PK_UK id="693A42B2-6977-4337-A0BD-4DB92674A461" name="AUTHOR_BOOK_BOOK_FK">
<createdBy>邓新宇</createdBy>
<createdTime>2022-12-06 05:30:45 UTC</createdTime>
<generatorID>5FC4583A-A1F8-3D8C-7C48-D7CAAB7152F5</generatorID>
<ownerDesignName>project</ownerDesignName>
<indexState>Foreign Key</indexState>
<isSurrogateKey>false</isSurrogateKey>
<indexColumnUsage>
<colUsage columnID="5232AD70-DF43-FF84-BE2B-B2EBD0D91703"/>
</indexColumnUsage>
</ind_PK_UK>
</indexes>
</Table>