<?xml version = '1.0' encoding = 'UTF-8'?>
<FKArc class="oracle.dbtools.crest.model.design.relational.FKArc" directorySegmentName="seg_0" id="303F8126-E4AE-CE05-4D7A-09A37A0D01B9" name="FKArc_6">
<createdBy>邓新宇</createdBy>
<createdTime>2022-11-06 19:29:58 UTC</createdTime>
<ownerDesignName>project</ownerDesignName>
<mandatory>true</mandatory>
<reverseArc>true</reverseArc>
<table>FF1083FA-D186-66A4-57DE-3DCC83248C3D</table>
<discriminatorColumn>2423E642-0383-1BB4-D852-426D6FEA6001</discriminatorColumn>
<fkeys>
<fkeyID>B85A999E-392F-6F8D-15F6-9C85D8A233BB</fkeyID>
<fkeyID>24B70C0E-2D45-34A4-DC32-306C3C1524E7</fkeyID>
</fkeys>
</FKArc>