<?xml version = '1.0' encoding = 'UTF-8'?>
<FKArc class="oracle.dbtools.crest.model.design.relational.FKArc" directorySegmentName="seg_0" id="902806B5-027F-A40B-9448-365790B9F319" name="FKArc_7">
<createdBy>邓新宇</createdBy>
<createdTime>2022-11-06 19:29:58 UTC</createdTime>
<ownerDesignName>project</ownerDesignName>
<mandatory>true</mandatory>
<reverseArc>true</reverseArc>
<table>853E1A0A-24FB-1150-A2B1-63B80456BD53</table>
<discriminatorColumn>45D92F7F-CAFD-1E48-A187-1272F41CA1CC</discriminatorColumn>
<fkeys>
<fkeyID>869B1612-1514-9F3D-5F9F-9C49B0B9D972</fkeyID>
<fkeyID>C74B50B5-B80C-62B3-9B9F-DF3BDE8FDB12</fkeyID>
</fkeys>
</FKArc>