<?xml version = '1.0' encoding = 'UTF-8'?>
<FKArc class="oracle.dbtools.crest.model.design.relational.FKArc" directorySegmentName="seg_0" id="9D1CD7EC-CB8A-74AA-1FE1-DB62658920B7" name="FKArc_5">
<createdBy>邓新宇</createdBy>
<createdTime>2022-11-06 19:29:58 UTC</createdTime>
<ownerDesignName>project</ownerDesignName>
<mandatory>true</mandatory>
<reverseArc>true</reverseArc>
<table>EFB2A441-4FD7-E7E2-05C2-035486A19846</table>
<discriminatorColumn>593BE981-E422-08FD-1644-25F60620351A</discriminatorColumn>
<fkeys>
<fkeyID>B39EC810-5E9E-CE05-F541-7D58A3084FCB</fkeyID>
<fkeyID>FEB6615A-4215-D6B4-3EA4-FC4883017778</fkeyID>
</fkeys>
</FKArc>