<?xml version = '1.0' encoding = 'UTF-8'?>
<FKIndexAssociation class="oracle.dbtools.crest.model.design.relational.FKIndexAssociation" directorySegmentName="seg_0" id="02B1A145-C2C3-D48E-7E29-02CEAD04DF22" containerWithKeyObject="D7A7FE7A-75DA-189E-F6AF-597A3C0C0038" localFKIndex="F2B1163F-B31A-42F5-5ABA-21ECC52D7803" name="INVOICE_CUS_RENTAL_FK">
<createdBy>邓新宇</createdBy>
<createdTime>2022-12-05 19:44:56 UTC</createdTime>
<generatorID>B40A13E8-C1D1-78F9-5C24-534690513521</generatorID>
<ownerDesignName>project</ownerDesignName>
<referredTableLongName>CUS_RENTAL</referredTableLongName>
<deleteRule>NO ACTION</deleteRule>
<referredTableID>271E0ADE-6D84-DE5F-E468-EF65B6921F37</referredTableID>
<keyObject>770DB12B-10F7-F809-4324-0B2C6DC9C72F</keyObject>
<referredKeyID>770DB12B-10F7-F809-4324-0B2C6DC9C72F</referredKeyID>
<mandatory>true</mandatory>
<refColNames>REN_ID</refColNames>
<transferable>true</transferable>
<rely>false</rely>
<columnDependencyConstraintGenerateInDDL>true</columnDependencyConstraintGenerateInDDL>
</FKIndexAssociation>