<?xml version = '1.0' encoding = 'UTF-8'?>
<FKIndexAssociation class="oracle.dbtools.crest.model.design.relational.FKIndexAssociation" directorySegmentName="seg_0" id="0CCB31C0-1580-3DD0-A57F-E93B237DC018" containerWithKeyObject="B2F8F3B4-E9AB-FC97-410D-ED36C9A74E66" localFKIndex="3B662D8A-1068-5E29-FB4D-026219E2EA78" name="SEMI_EVENT_FK">
<createdBy>邓新宇</createdBy>
<createdTime>2022-12-05 19:44:55 UTC</createdTime>
<generatorID>89F31AD6-4B5E-9EBC-A1F6-6CC2949F1105</generatorID>
<ownerDesignName>project</ownerDesignName>
<referredTableLongName>EVENT</referredTableLongName>
<arc>0B484FA2-76B1-8F40-7A8E-77D66C3F87FE</arc>
<deleteRule>NO ACTION</deleteRule>
<referredTableID>C08EC617-E06B-4498-E5B2-1DDC859716AB</referredTableID>
<keyObject>46644349-FE3D-2B68-1D9A-DE970EC24AE0</keyObject>
<referredKeyID>46644349-FE3D-2B68-1D9A-DE970EC24AE0</referredKeyID>
<mandatory>true</mandatory>
<refColNames>EVENT_ID</refColNames>
<transferable>true</transferable>
<rely>false</rely>
<discriminatorValue>S</discriminatorValue>
<columnDependencyConstraintGenerateInDDL>true</columnDependencyConstraintGenerateInDDL>
</FKIndexAssociation>