<?xml version = '1.0' encoding = 'UTF-8'?>
<FKIndexAssociation class="oracle.dbtools.crest.model.design.relational.FKIndexAssociation" directorySegmentName="seg_0" id="111D23A8-47F3-8D4C-0A5F-5DCDA928AFD5" containerWithKeyObject="271E0ADE-6D84-DE5F-E468-EF65B6921F37" localFKIndex="876CA0A9-1186-3621-57DC-280084947AFE" name="CUS_RENTAL_INVOICE_FK">
<createdBy>邓新宇</createdBy>
<createdTime>2022-12-05 19:44:56 UTC</createdTime>
<generatorID>B40A13E8-C1D1-78F9-5C24-534690513521</generatorID>
<ownerDesignName>project</ownerDesignName>
<referredTableLongName>INVOICE</referredTableLongName>
<deleteRule>NO ACTION</deleteRule>
<referredTableID>D7A7FE7A-75DA-189E-F6AF-597A3C0C0038</referredTableID>
<keyObject>C2499DD5-8C23-5300-2E47-80CDBD92C8F9</keyObject>
<referredKeyID>C2499DD5-8C23-5300-2E47-80CDBD92C8F9</referredKeyID>
<mandatory>true</mandatory>
<refColNames>INVOICE_ID</refColNames>
<transferable>true</transferable>
<rely>false</rely>
<columnDependencyConstraintGenerateInDDL>true</columnDependencyConstraintGenerateInDDL>
</FKIndexAssociation>