<?xml version = '1.0' encoding = 'UTF-8'?>
<FKIndexAssociation class="oracle.dbtools.crest.model.design.relational.FKIndexAssociation" directorySegmentName="seg_0" id="2689D3D2-93FF-376A-B095-DF1C54628C4B" containerWithKeyObject="A8917243-1004-BDED-3865-1CA61C62D630" localFKIndex="0F5E020E-FCB3-9E2D-0538-C9559BBF3A9E" name="CUS_EXHI_EXHI_FK">
<createdBy>邓新宇</createdBy>
<createdTime>2022-12-05 19:44:56 UTC</createdTime>
<generatorID>1B009B76-B37E-2CAF-DEFA-6D70CCC049D1</generatorID>
<ownerDesignName>project</ownerDesignName>
<referredTableLongName>EXHI</referredTableLongName>
<deleteRule>CASCADE</deleteRule>
<referredTableID>B8F9561A-B72B-EFD8-0D3F-30C4E0E3462A</referredTableID>
<keyObject>0712BEAA-904E-A9D0-32A6-4240081F57D4</keyObject>
<referredKeyID>0712BEAA-904E-A9D0-32A6-4240081F57D4</referredKeyID>
<mandatory>true</mandatory>
<refColNames>EVENT_ID</refColNames>
<transferable>true</transferable>
<rely>false</rely>
<columnDependencyConstraintGenerateInDDL>true</columnDependencyConstraintGenerateInDDL>
</FKIndexAssociation>