<?xml version = '1.0' encoding = 'UTF-8'?>
<FKIndexAssociation class="oracle.dbtools.crest.model.design.relational.FKIndexAssociation" directorySegmentName="seg_0" id="365DDB14-EBCF-034E-5B74-DDB0D60184BE" containerWithKeyObject="A127D283-FED1-5F0D-04E8-CB2D01C9F2DB" localFKIndex="17318F11-4FF7-CC23-9D2B-47447A01B6FA" name="CUS_ROOM_ROOM_FK">
<createdBy>邓新宇</createdBy>
<createdTime>2022-12-05 19:44:56 UTC</createdTime>
<generatorID>17D51B20-D63A-C353-3ED7-C8DE074A66F9</generatorID>
<ownerDesignName>project</ownerDesignName>
<referredTableLongName>ROOM</referredTableLongName>
<deleteRule>CASCADE</deleteRule>
<referredTableID>1A4D0850-EB13-9B22-DD56-5A04211CF4D7</referredTableID>
<keyObject>6033C0FD-9F68-9EFB-1F16-023805F34601</keyObject>
<referredKeyID>6033C0FD-9F68-9EFB-1F16-023805F34601</referredKeyID>
<mandatory>true</mandatory>
<refColNames>ROOM_ID</refColNames>
<transferable>true</transferable>
<rely>false</rely>
<columnDependencyConstraintGenerateInDDL>true</columnDependencyConstraintGenerateInDDL>
</FKIndexAssociation>