<?xml version = '1.0' encoding = 'UTF-8'?>
<FKIndexAssociation class="oracle.dbtools.crest.model.design.relational.FKIndexAssociation" directorySegmentName="seg_0" id="4FAC11DC-3AEE-1ECF-62BB-258D7AFB0225" containerWithKeyObject="574C6FB9-40E3-A09F-D0B2-A54311FB0272" localFKIndex="E676243F-9CD7-EB5E-00A3-8DC98EF492B6" name="SEMI_AUTHOR_SEMI_FK">
<createdBy>邓新宇</createdBy>
<createdTime>2022-12-05 19:44:56 UTC</createdTime>
<generatorID>71E8F7A8-33B4-1342-8A29-80426836AD27</generatorID>
<ownerDesignName>project</ownerDesignName>
<referredTableLongName>SEMI</referredTableLongName>
<deleteRule>CASCADE</deleteRule>
<referredTableID>B2F8F3B4-E9AB-FC97-410D-ED36C9A74E66</referredTableID>
<keyObject>24BAB4A7-2108-A4DA-B1AB-A1CB76D1B68E</keyObject>
<referredKeyID>24BAB4A7-2108-A4DA-B1AB-A1CB76D1B68E</referredKeyID>
<mandatory>true</mandatory>
<refColNames>EVENT_ID</refColNames>
<transferable>true</transferable>
<rely>false</rely>
<columnDependencyConstraintGenerateInDDL>true</columnDependencyConstraintGenerateInDDL>
</FKIndexAssociation>