<?xml version = '1.0' encoding = 'UTF-8'?>
<FKIndexAssociation class="oracle.dbtools.crest.model.design.relational.FKIndexAssociation" directorySegmentName="seg_0" id="5369D7C9-466B-1153-6B3C-1B30B934E63D" containerWithKeyObject="B26784B7-22FC-0888-42E1-B8D24B868D38" localFKIndex="2D7D1EF6-76F1-5914-F3DE-71BB4200D3E6" name="COPY_BOOK_FK">
<createdBy>邓新宇</createdBy>
<createdTime>2022-12-05 19:44:56 UTC</createdTime>
<generatorID>560A4C6F-C464-58BA-F5D2-D14E4D871660</generatorID>
<ownerDesignName>project</ownerDesignName>
<referredTableLongName>BOOK</referredTableLongName>
<deleteRule>CASCADE</deleteRule>
<referredTableID>CC24DA68-966E-DD37-2395-DA7B3E97C003</referredTableID>
<keyObject>96EFA3B4-E6CD-F0E9-4836-7E9959B114BF</keyObject>
<referredKeyID>96EFA3B4-E6CD-F0E9-4836-7E9959B114BF</referredKeyID>
<mandatory>true</mandatory>
<refColNames>BOOK_ID</refColNames>
<transferable>true</transferable>
<rely>false</rely>
<columnDependencyConstraintGenerateInDDL>true</columnDependencyConstraintGenerateInDDL>
</FKIndexAssociation>