<?xml version = '1.0' encoding = 'UTF-8'?>
<FKIndexAssociation class="oracle.dbtools.crest.model.design.relational.FKIndexAssociation" directorySegmentName="seg_0" id="653FF85A-C167-EA59-5248-8EB444B96C05" containerWithKeyObject="6621121F-BC92-BFD4-3263-961F7EDEDAD6" localFKIndex="27D79C57-BAEA-9DC7-62C1-A5397C8A7BE9" name="INDI_SPONSOR_FK">
<createdBy>邓新宇</createdBy>
<createdTime>2022-12-05 19:44:55 UTC</createdTime>
<generatorID>EC0FB79D-CF37-61BF-AC7A-7BCFAE16B6B4</generatorID>
<ownerDesignName>project</ownerDesignName>
<referredTableLongName>SPONSOR</referredTableLongName>
<arc>EB86D358-582C-7630-7F0A-54CCA04EEC79</arc>
<deleteRule>NO ACTION</deleteRule>
<referredTableID>47AC3E91-6CD0-0763-0BF4-D673808AB1C4</referredTableID>
<keyObject>A0E40ED5-9A08-A437-6914-27F3E0BC861F</keyObject>
<referredKeyID>A0E40ED5-9A08-A437-6914-27F3E0BC861F</referredKeyID>
<mandatory>true</mandatory>
<refColNames>SPON_ID</refColNames>
<transferable>true</transferable>
<rely>false</rely>
<discriminatorValue>I</discriminatorValue>
<columnDependencyConstraintGenerateInDDL>true</columnDependencyConstraintGenerateInDDL>
</FKIndexAssociation>