<?xml version = '1.0' encoding = 'UTF-8'?>
<FKIndexAssociation class="oracle.dbtools.crest.model.design.relational.FKIndexAssociation" directorySegmentName="seg_0" id="6EFD4C48-6330-4641-3DF1-208EC0824896" containerWithKeyObject="271E0ADE-6D84-DE5F-E468-EF65B6921F37" localFKIndex="7912FFC9-3DF8-F6FB-352B-3252942E6B84" name="CUS_RENTAL_CUSTOMER_FK">
<createdBy>邓新宇</createdBy>
<createdTime>2022-12-05 19:44:56 UTC</createdTime>
<generatorID>5315C99E-7FFC-7809-5371-A18895D5BBCE</generatorID>
<ownerDesignName>project</ownerDesignName>
<referredTableLongName>CUSTOMER</referredTableLongName>
<deleteRule>CASCADE</deleteRule>
<referredTableID>36C7AC19-7482-8A2D-D3DB-4446789DEE08</referredTableID>
<keyObject>C1F2890A-A398-7D59-5C8F-E6EE0E184B1A</keyObject>
<referredKeyID>C1F2890A-A398-7D59-5C8F-E6EE0E184B1A</referredKeyID>
<mandatory>true</mandatory>
<refColNames>CUS_ID</refColNames>
<transferable>true</transferable>
<rely>false</rely>
<columnDependencyConstraintGenerateInDDL>true</columnDependencyConstraintGenerateInDDL>
</FKIndexAssociation>