<?xml version = '1.0' encoding = 'UTF-8'?>
<FKIndexAssociation class="oracle.dbtools.crest.model.design.relational.FKIndexAssociation" directorySegmentName="seg_0" id="70373D2A-F4C3-3C46-BC7E-8653E39D8FC2" containerWithKeyObject="7736CF5D-37A8-40BA-27E4-400D3C18EFDD" localFKIndex="E7289226-15F2-D23B-72D8-4504F7FDD827" name="AUTHOR_BOOK_BOOK_FK">
<createdBy>邓新宇</createdBy>
<createdTime>2022-12-05 19:44:56 UTC</createdTime>
<generatorID>5FC4583A-A1F8-3D8C-7C48-D7CAAB7152F5</generatorID>
<ownerDesignName>project</ownerDesignName>
<referredTableLongName>BOOK</referredTableLongName>
<deleteRule>CASCADE</deleteRule>
<referredTableID>CC24DA68-966E-DD37-2395-DA7B3E97C003</referredTableID>
<keyObject>96EFA3B4-E6CD-F0E9-4836-7E9959B114BF</keyObject>
<referredKeyID>96EFA3B4-E6CD-F0E9-4836-7E9959B114BF</referredKeyID>
<mandatory>true</mandatory>
<refColNames>BOOK_ID</refColNames>
<transferable>true</transferable>
<rely>false</rely>
<columnDependencyConstraintGenerateInDDL>true</columnDependencyConstraintGenerateInDDL>
</FKIndexAssociation>