<?xml version = '1.0' encoding = 'UTF-8'?>
<FKIndexAssociation class="oracle.dbtools.crest.model.design.relational.FKIndexAssociation" directorySegmentName="seg_0" id="79B9E935-BC20-4309-6385-57EA76D57B82" containerWithKeyObject="574C6FB9-40E3-A09F-D0B2-A54311FB0272" localFKIndex="F27888B4-33C1-626B-427A-13035EAD9618" name="SEMI_AUTHOR_AUTHOR_FK">
<createdBy>邓新宇</createdBy>
<createdTime>2022-12-05 19:44:56 UTC</createdTime>
<generatorID>11701B63-008A-6E4A-C125-72B24D006D4D</generatorID>
<ownerDesignName>project</ownerDesignName>
<referredTableLongName>AUTHOR</referredTableLongName>
<deleteRule>CASCADE</deleteRule>
<referredTableID>DB443F5B-D0DD-D797-B281-08A9617781A7</referredTableID>
<keyObject>A2986F37-361C-DB35-697E-F6184BFF63AB</keyObject>
<referredKeyID>A2986F37-361C-DB35-697E-F6184BFF63AB</referredKeyID>
<mandatory>true</mandatory>
<refColNames>AUR_ID</refColNames>
<transferable>true</transferable>
<rely>false</rely>
<columnDependencyConstraintGenerateInDDL>true</columnDependencyConstraintGenerateInDDL>
</FKIndexAssociation>