<?xml version = '1.0' encoding = 'UTF-8'?>
<FKIndexAssociation class="oracle.dbtools.crest.model.design.relational.FKIndexAssociation" directorySegmentName="seg_0" id="80C94246-90A4-4AF4-D49C-A17A3E8F54BE" containerWithKeyObject="85ED785D-1C89-5B1D-AEBD-97F9BB32A1FB" localFKIndex="287A7320-80DC-1780-3BD6-040F7135708C" name="ORG_SPONSOR_FK">
<createdBy>邓新宇</createdBy>
<createdTime>2022-12-05 19:44:55 UTC</createdTime>
<generatorID>F49DA05B-900B-529C-3A5C-A64F4AE9952E</generatorID>
<ownerDesignName>project</ownerDesignName>
<referredTableLongName>SPONSOR</referredTableLongName>
<arc>EB86D358-582C-7630-7F0A-54CCA04EEC79</arc>
<deleteRule>NO ACTION</deleteRule>
<referredTableID>47AC3E91-6CD0-0763-0BF4-D673808AB1C4</referredTableID>
<keyObject>A0E40ED5-9A08-A437-6914-27F3E0BC861F</keyObject>
<referredKeyID>A0E40ED5-9A08-A437-6914-27F3E0BC861F</referredKeyID>
<mandatory>true</mandatory>
<refColNames>SPON_ID</refColNames>
<transferable>true</transferable>
<rely>false</rely>
<discriminatorValue>O</discriminatorValue>
<columnDependencyConstraintGenerateInDDL>true</columnDependencyConstraintGenerateInDDL>
</FKIndexAssociation>