<?xml version = '1.0' encoding = 'UTF-8'?>
<FKIndexAssociation class="oracle.dbtools.crest.model.design.relational.FKIndexAssociation" directorySegmentName="seg_0" id="82996903-2389-ACB6-17E3-9266ADA1B80B" containerWithKeyObject="A127D283-FED1-5F0D-04E8-CB2D01C9F2DB" localFKIndex="A04705D6-BD39-9B93-5033-4493D5FC2AA6" name="CUS_ROOM_CUSTOMER_FK">
<createdBy>邓新宇</createdBy>
<createdTime>2022-12-05 19:44:56 UTC</createdTime>
<generatorID>DCEA175A-B3BD-BD12-AD2D-22C303F9365B</generatorID>
<ownerDesignName>project</ownerDesignName>
<referredTableLongName>CUSTOMER</referredTableLongName>
<deleteRule>CASCADE</deleteRule>
<referredTableID>36C7AC19-7482-8A2D-D3DB-4446789DEE08</referredTableID>
<keyObject>C1F2890A-A398-7D59-5C8F-E6EE0E184B1A</keyObject>
<referredKeyID>C1F2890A-A398-7D59-5C8F-E6EE0E184B1A</referredKeyID>
<mandatory>true</mandatory>
<refColNames>CUS_ID</refColNames>
<transferable>true</transferable>
<rely>false</rely>
<columnDependencyConstraintGenerateInDDL>true</columnDependencyConstraintGenerateInDDL>
</FKIndexAssociation>