<?xml version = '1.0' encoding = 'UTF-8'?>
<FKIndexAssociation class="oracle.dbtools.crest.model.design.relational.FKIndexAssociation" directorySegmentName="seg_0" id="88CBE3E2-9B6C-83DC-DD2A-B44A6A02DFC9" containerWithKeyObject="B8F9561A-B72B-EFD8-0D3F-30C4E0E3462A" localFKIndex="E934769E-15C2-41E9-3B29-1588F976BEC0" name="EXHI_EVENT_FK">
<createdBy>邓新宇</createdBy>
<createdTime>2022-12-05 19:44:55 UTC</createdTime>
<generatorID>85350AE1-B72D-0249-28B2-45ACFDD0D028</generatorID>
<ownerDesignName>project</ownerDesignName>
<referredTableLongName>EVENT</referredTableLongName>
<arc>0B484FA2-76B1-8F40-7A8E-77D66C3F87FE</arc>
<deleteRule>NO ACTION</deleteRule>
<referredTableID>C08EC617-E06B-4498-E5B2-1DDC859716AB</referredTableID>
<keyObject>46644349-FE3D-2B68-1D9A-DE970EC24AE0</keyObject>
<referredKeyID>46644349-FE3D-2B68-1D9A-DE970EC24AE0</referredKeyID>
<mandatory>true</mandatory>
<refColNames>EVENT_ID</refColNames>
<transferable>true</transferable>
<rely>false</rely>
<discriminatorValue>E</discriminatorValue>
<columnDependencyConstraintGenerateInDDL>true</columnDependencyConstraintGenerateInDDL>
</FKIndexAssociation>