<?xml version = '1.0' encoding = 'UTF-8'?>
<FKIndexAssociation class="oracle.dbtools.crest.model.design.relational.FKIndexAssociation" directorySegmentName="seg_0" id="B7F48AE4-3828-C754-9930-4117B5C38F34" containerWithKeyObject="7736CF5D-37A8-40BA-27E4-400D3C18EFDD" localFKIndex="7E9FCCAD-23CA-5D91-A466-F7A169B58138" name="AUTHOR_BOOK_AUTHOR_FK">
<createdBy>邓新宇</createdBy>
<createdTime>2022-12-05 19:44:56 UTC</createdTime>
<generatorID>D6D15164-0B93-B81A-CFA7-553078B5673C</generatorID>
<ownerDesignName>project</ownerDesignName>
<referredTableLongName>AUTHOR</referredTableLongName>
<deleteRule>CASCADE</deleteRule>
<referredTableID>DB443F5B-D0DD-D797-B281-08A9617781A7</referredTableID>
<keyObject>A2986F37-361C-DB35-697E-F6184BFF63AB</keyObject>
<referredKeyID>A2986F37-361C-DB35-697E-F6184BFF63AB</referredKeyID>
<mandatory>true</mandatory>
<refColNames>AUR_ID</refColNames>
<transferable>true</transferable>
<rely>false</rely>
<columnDependencyConstraintGenerateInDDL>true</columnDependencyConstraintGenerateInDDL>
</FKIndexAssociation>