<?xml version = '1.0' encoding = 'UTF-8'?>
<FKIndexAssociation class="oracle.dbtools.crest.model.design.relational.FKIndexAssociation" directorySegmentName="seg_0" id="C892F437-A7A9-859E-925B-ABA4E4C430E9" containerWithKeyObject="AC01969D-4746-D881-3BA2-27A1A7C46EC5" localFKIndex="EAA56F19-1873-F5CE-97A8-CEC46576AF42" name="SEMI_SPON_SEMI_FK">
<createdBy>邓新宇</createdBy>
<createdTime>2022-12-05 19:44:56 UTC</createdTime>
<generatorID>B1B3EBB8-FDD8-D53A-36C0-880BEFF6DDA5</generatorID>
<ownerDesignName>project</ownerDesignName>
<referredTableLongName>SEMI</referredTableLongName>
<deleteRule>CASCADE</deleteRule>
<referredTableID>B2F8F3B4-E9AB-FC97-410D-ED36C9A74E66</referredTableID>
<keyObject>24BAB4A7-2108-A4DA-B1AB-A1CB76D1B68E</keyObject>
<referredKeyID>24BAB4A7-2108-A4DA-B1AB-A1CB76D1B68E</referredKeyID>
<mandatory>true</mandatory>
<refColNames>EVENT_ID</refColNames>
<transferable>true</transferable>
<rely>false</rely>
<columnDependencyConstraintGenerateInDDL>true</columnDependencyConstraintGenerateInDDL>
</FKIndexAssociation>