<?xml version = '1.0' encoding = 'UTF-8'?>
<FKIndexAssociation class="oracle.dbtools.crest.model.design.relational.FKIndexAssociation" directorySegmentName="seg_0" id="C89BCEE0-E1E7-190F-4E53-AE704444A228" containerWithKeyObject="AC01969D-4746-D881-3BA2-27A1A7C46EC5" localFKIndex="202E9F2D-AA08-ED3E-1077-CE682A919705" name="SEMI_SPON_SPONSOR_FK">
<createdBy>邓新宇</createdBy>
<createdTime>2022-12-05 19:44:56 UTC</createdTime>
<generatorID>D9576C6F-64A6-5543-ECE7-44B78E824C1F</generatorID>
<ownerDesignName>project</ownerDesignName>
<referredTableLongName>SPONSOR</referredTableLongName>
<deleteRule>CASCADE</deleteRule>
<referredTableID>47AC3E91-6CD0-0763-0BF4-D673808AB1C4</referredTableID>
<keyObject>A0E40ED5-9A08-A437-6914-27F3E0BC861F</keyObject>
<referredKeyID>A0E40ED5-9A08-A437-6914-27F3E0BC861F</referredKeyID>
<mandatory>true</mandatory>
<refColNames>SPON_ID</refColNames>
<transferable>true</transferable>
<rely>false</rely>
<columnDependencyConstraintGenerateInDDL>true</columnDependencyConstraintGenerateInDDL>
</FKIndexAssociation>