<?xml version = '1.0' encoding = 'UTF-8'?>
<FKIndexAssociation class="oracle.dbtools.crest.model.design.relational.FKIndexAssociation" directorySegmentName="seg_0" id="CA7C5628-5BF6-AD36-C2FF-A09862F1CB16" containerWithKeyObject="271E0ADE-6D84-DE5F-E468-EF65B6921F37" localFKIndex="56D1A964-B7BF-2A71-D1B9-E4737CBAE0CE" name="CUS_RENTAL_COPY_FK">
<createdBy>邓新宇</createdBy>
<createdTime>2022-12-05 19:44:56 UTC</createdTime>
<generatorID>5FDCAF58-6798-5B3C-12B0-64AB86A8AD09</generatorID>
<ownerDesignName>project</ownerDesignName>
<referredTableLongName>COPY</referredTableLongName>
<deleteRule>NO ACTION</deleteRule>
<referredTableID>B26784B7-22FC-0888-42E1-B8D24B868D38</referredTableID>
<keyObject>D95EFC6C-5861-359A-896F-6FBF90D52318</keyObject>
<referredKeyID>D95EFC6C-5861-359A-896F-6FBF90D52318</referredKeyID>
<mandatory>true</mandatory>
<refColNames>COPY_ID</refColNames>
<transferable>true</transferable>
<rely>false</rely>
<columnDependencyConstraintGenerateInDDL>true</columnDependencyConstraintGenerateInDDL>
</FKIndexAssociation>