<?xml version = '1.0' encoding = 'UTF-8'?>
<FKIndexAssociation class="oracle.dbtools.crest.model.design.relational.FKIndexAssociation" directorySegmentName="seg_0" id="E067428C-B4F2-5772-D5D6-85C887323E28" containerWithKeyObject="A8917243-1004-BDED-3865-1CA61C62D630" localFKIndex="D8B63A02-8FB3-8C67-9074-C94E6EE6B0AA" name="CUS_EXHI_CUSTOMER_FK">
<createdBy>邓新宇</createdBy>
<createdTime>2022-12-05 19:44:56 UTC</createdTime>
<generatorID>44DA83E5-C0B1-F5E2-D897-7A40ECAEC221</generatorID>
<ownerDesignName>project</ownerDesignName>
<referredTableLongName>CUSTOMER</referredTableLongName>
<deleteRule>CASCADE</deleteRule>
<referredTableID>36C7AC19-7482-8A2D-D3DB-4446789DEE08</referredTableID>
<keyObject>C1F2890A-A398-7D59-5C8F-E6EE0E184B1A</keyObject>
<referredKeyID>C1F2890A-A398-7D59-5C8F-E6EE0E184B1A</referredKeyID>
<mandatory>true</mandatory>
<refColNames>CUS_ID</refColNames>
<transferable>true</transferable>
<rely>false</rely>
<columnDependencyConstraintGenerateInDDL>true</columnDependencyConstraintGenerateInDDL>
</FKIndexAssociation>