<?xml version = '1.0' encoding = 'UTF-8'?>
<FKIndexAssociation class="oracle.dbtools.crest.model.design.relational.FKIndexAssociation" directorySegmentName="seg_0" id="F9CDCAC8-1BCA-A984-017D-08B8D09C4682" containerWithKeyObject="19E83475-7F92-75C6-5729-B64152350B81" localFKIndex="0B222ED8-5F33-E963-2D13-2D6987A0ACDE" name="PAYMENT_INVOICE_FK">
<createdBy>邓新宇</createdBy>
<createdTime>2022-12-05 19:44:56 UTC</createdTime>
<generatorID>4B35BCEA-A08E-1E9F-10FB-0A9A88777C6B</generatorID>
<ownerDesignName>project</ownerDesignName>
<referredTableLongName>INVOICE</referredTableLongName>
<deleteRule>CASCADE</deleteRule>
<referredTableID>D7A7FE7A-75DA-189E-F6AF-597A3C0C0038</referredTableID>
<keyObject>C2499DD5-8C23-5300-2E47-80CDBD92C8F9</keyObject>
<referredKeyID>C2499DD5-8C23-5300-2E47-80CDBD92C8F9</referredKeyID>
<mandatory>true</mandatory>
<refColNames>INVOICE_ID</refColNames>
<transferable>true</transferable>
<rely>false</rely>
<columnDependencyConstraintGenerateInDDL>true</columnDependencyConstraintGenerateInDDL>
</FKIndexAssociation>