<?xml version = '1.0' encoding = 'UTF-8'?>
<Table class="oracle.dbtools.crest.model.design.relational.Table" directorySegmentName="seg_0" id="055158E0-0261-1378-046A-49988407DA48" name="CUS_RENTAL">
<createdBy>邓新宇</createdBy>
<createdTime>2022-11-06 19:29:57 UTC</createdTime>
<generatorID>CA02424C-79FB-B2D1-1BDA-461DAEACE663</generatorID>
<ownerDesignName>project</ownerDesignName>
<allowColumnReorder>false</allowColumnReorder>
<existDependencyGenerateInDDl>true</existDependencyGenerateInDDl>
<parsed>true</parsed>
<columns itemClass="oracle.dbtools.crest.model.design.relational.Column">
<Column name="CUSTOMER_CUS_ID" id="6332A097-119F-41DB-5818-6F8AB264955D">
<createdBy>邓新宇</createdBy>
<createdTime>2022-11-06 19:29:57 UTC</createdTime>
<generatorID>F62A7B9A-F2F2-E3C3-017F-F04BDD97593A</generatorID>
<ownerDesignName>project</ownerDesignName>
<useDomainConstraints>false</useDomainConstraints>
<use>1</use>
<logicalDatatype>LOGDT019</logicalDatatype>
<dataTypePrecision>10</dataTypePrecision>
<ownDataTypeParameters>,,</ownDataTypeParameters>
<previousColumn>false</previousColumn>
<autoIncrementCycle>false</autoIncrementCycle>
<associations>
<colAssociation fkAssociation="70A65379-253B-AB96-5BF3-8EB0D68F3526" referredColumn="4D377079-CD8E-35C5-83EF-60028ACEBE83"/>
</associations>
</Column>
<Column name="COPY_ID" id="885A34E2-E84B-9499-D842-777E86A826FA">
<createdBy>邓新宇</createdBy>
<createdTime>2022-11-06 19:29:57 UTC</createdTime>
<generatorID>1A078068-F7BA-4DE2-D674-8106C0FFD865</generatorID>
<ownerDesignName>project</ownerDesignName>
<useDomainConstraints>false</useDomainConstraints>
<use>1</use>
<logicalDatatype>LOGDT019</logicalDatatype>
<dataTypePrecision>10</dataTypePrecision>
<ownDataTypeParameters>,,</ownDataTypeParameters>
<previousColumn>false</previousColumn>
<autoIncrementCycle>false</autoIncrementCycle>
<associations>
<colAssociation fkAssociation="04381B34-2A44-1546-8B82-7807ACAE17B9" referredColumn="A765C7F0-8A60-9BC4-5B98-D1F03AC9152A"/>
</associations>
</Column>
<Column name="INVOICE_INVOICE_ID" id="2A11ECFE-5657-DCF6-5BA4-C6EEF3365CF0">
<createdBy>邓新宇</createdBy>
<createdTime>2022-11-06 20:28:15 UTC</createdTime>
<generatorID>D556158B-2218-9915-1C6D-55B367454544</generatorID>
<ownerDesignName>project</ownerDesignName>
<useDomainConstraints>false</useDomainConstraints>
<use>1</use>
<logicalDatatype>LOGDT019</logicalDatatype>
<dataTypePrecision>10</dataTypePrecision>
<ownDataTypeParameters>,,</ownDataTypeParameters>
<previousColumn>false</previousColumn>
<autoIncrementCycle>false</autoIncrementCycle>
<associations>
<colAssociation fkAssociation="A43BE044-F71D-B8A0-0F5F-A168E245B147" referredColumn="1DCAAF02-6B9E-1627-7515-28757FFAAC20"/>
</associations>
</Column>
<Column name="COPY_COPY_ID" id="E4C43F95-8EBE-AD15-0580-2A2866D86BC6">
<createdBy>邓新宇</createdBy>
<createdTime>2022-11-06 20:28:15 UTC</createdTime>
<generatorID>43F71C72-E48B-0646-DAF6-9C0733D0A619</generatorID>
<ownerDesignName>project</ownerDesignName>
<useDomainConstraints>false</useDomainConstraints>
<use>1</use>
<logicalDatatype>LOGDT019</logicalDatatype>
<dataTypePrecision>10</dataTypePrecision>
<ownDataTypeParameters>,,</ownDataTypeParameters>
<previousColumn>false</previousColumn>
<autoIncrementCycle>false</autoIncrementCycle>
<associations>
<colAssociation fkAssociation="8C8D9D71-29D6-800B-81E4-4F2D88203028" referredColumn="38562BB3-C6D8-A6EF-2D4D-AB114F1D9432"/>
</associations>
</Column>
<Column name="REN_ID" id="0A5DD809-D9F1-D2DD-DEC0-52DEA141341A">
<createdBy>邓新宇</createdBy>
<createdTime>2022-11-06 20:28:15 UTC</createdTime>
<generatorID>4331155C-C66B-88C1-6A3C-2ED3D639F572</generatorID>
<ownerDesignName>project</ownerDesignName>
<useDomainConstraints>false</useDomainConstraints>
<use>1</use>
<logicalDatatype>LOGDT019</logicalDatatype>
<dataTypePrecision>15</dataTypePrecision>
<ownDataTypeParameters>,15,</ownDataTypeParameters>
<autoIncrementCycle>false</autoIncrementCycle>
</Column>
<Column name="REN_STATUS" id="9B627B4C-8A2F-DE5E-F479-3301517F695A">
<createdBy>邓新宇</createdBy>
<createdTime>2022-11-06 20:28:15 UTC</createdTime>
<generatorID>00E80036-7DE6-2478-54EC-C4F7C046F642</generatorID>
<ownerDesignName>project</ownerDesignName>
<useDomainConstraints>false</useDomainConstraints>
<use>1</use>
<logicalDatatype>LOGDT035</logicalDatatype>
<dataTypeSize>1</dataTypeSize>
<ownDataTypeParameters>1,,</ownDataTypeParameters>
<autoIncrementCycle>false</autoIncrementCycle>
</Column>
<Column name="STAR_DATE" id="89868DB2-53E3-5A92-4DF4-A9DDA41E2ECB">
<createdBy>邓新宇</createdBy>
<createdTime>2022-11-06 20:28:15 UTC</createdTime>
<generatorID>8432A7BC-36D4-9E2A-79E5-3288B497D5F5</generatorID>
<ownerDesignName>project</ownerDesignName>
<useDomainConstraints>false</useDomainConstraints>
<use>1</use>
<logicalDatatype>LOGDT007</logicalDatatype>
<ownDataTypeParameters>,,</ownDataTypeParameters>
<autoIncrementCycle>false</autoIncrementCycle>
</Column>
<Column name="EXPE_DATE" id="AC113223-5F33-D614-C8DA-B99EC711799C">
<createdBy>邓新宇</createdBy>
<createdTime>2022-11-06 20:28:15 UTC</createdTime>
<generatorID>44A77891-2EA7-20F7-4935-C93167C02F50</generatorID>
<ownerDesignName>project</ownerDesignName>
<useDomainConstraints>false</useDomainConstraints>
<use>1</use>
<logicalDatatype>LOGDT007</logicalDatatype>
<ownDataTypeParameters>,,</ownDataTypeParameters>
<autoIncrementCycle>false</autoIncrementCycle>
</Column>
<Column name="RET_DATE" id="63AC17CA-942D-E2FE-B924-F5EFD8326F66">
<createdBy>邓新宇</createdBy>
<createdTime>2022-11-06 20:28:15 UTC</createdTime>
<generatorID>93B14F11-FB77-01C9-9868-DA36A85704CF</generatorID>
<ownerDesignName>project</ownerDesignName>
<nullsAllowed>true</nullsAllowed>
<useDomainConstraints>false</useDomainConstraints>
<use>1</use>
<logicalDatatype>LOGDT007</logicalDatatype>
<ownDataTypeParameters>,,</ownDataTypeParameters>
<autoIncrementCycle>false</autoIncrementCycle>
</Column>
</columns>
<indexes itemClass="oracle.dbtools.crest.model.design.relational.Index">
<ind_PK_UK id="F21B11FB-3F15-B715-EC0C-68AC64FA8CFC" name="CUS_RENTAL_PK">
<createdBy>邓新宇</createdBy>
<createdTime>2022-11-06 20:28:15 UTC</createdTime>
<generatorID>D2BA0298-0A46-3B12-545D-93A2DC3887CD</generatorID>
<ownerDesignName>project</ownerDesignName>
<pk>true</pk>
<indexState>Primary Constraint</indexState>
<isSurrogateKey>false</isSurrogateKey>
<indexColumnUsage>
<colUsage columnID="0A5DD809-D9F1-D2DD-DEC0-52DEA141341A"/>
</indexColumnUsage>
</ind_PK_UK>
<ind_PK_UK id="B77976AE-10B5-F8EE-3E9F-FAE46D3FB0DD" name="CUS_RENT_PK">
<createdBy>邓新宇</createdBy>
<createdTime>2022-11-06 19:31:57 UTC</createdTime>
<ownerDesignName>project</ownerDesignName>
<indexState>Unique Constraint</indexState>
<isSurrogateKey>false</isSurrogateKey>
<indexColumnUsage>
<colUsage columnID="6332A097-119F-41DB-5818-6F8AB264955D"/>
<colUsage columnID="885A34E2-E84B-9499-D842-777E86A826FA"/>
</indexColumnUsage>
</ind_PK_UK>
<ind_PK_UK id="0149BF4C-3FFC-ADDC-6D58-F7E755F03634" name="CUS_RENTAL__IDX">
<createdBy>邓新宇</createdBy>
<createdTime>2022-11-06 20:28:15 UTC</createdTime>
<ownerDesignName>project</ownerDesignName>
<indexState>Unique Plain Index</indexState>
<isSurrogateKey>false</isSurrogateKey>
<relationGeneratorID>B40A13E8-C1D1-78F9-5C24-534690513521</relationGeneratorID>
<indexColumnUsage>
<colUsage columnID="2A11ECFE-5657-DCF6-5BA4-C6EEF3365CF0"/>
</indexColumnUsage>
</ind_PK_UK>
<ind_PK_UK id="48EDED6A-D5DD-E25F-1BEC-F8DC1FEF8F51" name="CUS_RENTAL_CUSTOMER_FK">
<createdBy>邓新宇</createdBy>
<createdTime>2022-11-06 19:29:58 UTC</createdTime>
<generatorID>5315C99E-7FFC-7809-5371-A18895D5BBCE</generatorID>
<ownerDesignName>project</ownerDesignName>
<indexState>Foreign Key</indexState>
<isSurrogateKey>false</isSurrogateKey>
<indexColumnUsage>
<colUsage columnID="6332A097-119F-41DB-5818-6F8AB264955D"/>
</indexColumnUsage>
</ind_PK_UK>
<ind_PK_UK id="B3CD1AF4-C8C9-C6B7-B279-92AFC682FBB1" name="CUS_RENT_RENT_FK">
<createdBy>邓新宇</createdBy>
<createdTime>2022-11-06 19:29:58 UTC</createdTime>
<generatorID>E614E994-21AF-D9FA-559D-E365650049D1</generatorID>
<ownerDesignName>project</ownerDesignName>
<indexState>Foreign Key</indexState>
<isSurrogateKey>false</isSurrogateKey>
<indexColumnUsage>
<colUsage columnID="885A34E2-E84B-9499-D842-777E86A826FA"/>
</indexColumnUsage>
</ind_PK_UK>
<ind_PK_UK id="7F0218C5-A0AA-1F4B-EF1A-FD230B8C7FC8" name="CUS_RENTAL_INVOICE_FK">
<createdBy>邓新宇</createdBy>
<createdTime>2022-11-06 20:28:15 UTC</createdTime>
<generatorID>B40A13E8-C1D1-78F9-5C24-534690513521</generatorID>
<ownerDesignName>project</ownerDesignName>
<indexState>Foreign Key</indexState>
<isSurrogateKey>false</isSurrogateKey>
<indexColumnUsage>
<colUsage columnID="2A11ECFE-5657-DCF6-5BA4-C6EEF3365CF0"/>
</indexColumnUsage>
</ind_PK_UK>
<ind_PK_UK id="9267317D-AF2B-5544-E654-5ABC187F0279" name="CUS_RENTAL_COPY_FK">
<createdBy>邓新宇</createdBy>
<createdTime>2022-11-06 20:28:15 UTC</createdTime>
<generatorID>5FDCAF58-6798-5B3C-12B0-64AB86A8AD09</generatorID>
<ownerDesignName>project</ownerDesignName>
<indexState>Foreign Key</indexState>
<isSurrogateKey>false</isSurrogateKey>
<indexColumnUsage>
<colUsage columnID="E4C43F95-8EBE-AD15-0580-2A2866D86BC6"/>
</indexColumnUsage>
</ind_PK_UK>
</indexes>
</Table>