<?xml version = '1.0' encoding = 'UTF-8'?>
<Table class="oracle.dbtools.crest.model.design.relational.Table" directorySegmentName="seg_0" id="10856CBA-1ED0-3AD8-CDC2-A9A51AB7DD42" name="SEMI_SPON">
<createdBy>邓新宇</createdBy>
<createdTime>2022-11-06 19:29:58 UTC</createdTime>
<generatorID>E416857D-F6C0-8200-CEDB-F84084BFB05D</generatorID>
<ownerDesignName>project</ownerDesignName>
<allowColumnReorder>false</allowColumnReorder>
<existDependencyGenerateInDDl>true</existDependencyGenerateInDDl>
<parsed>true</parsed>
<columns itemClass="oracle.dbtools.crest.model.design.relational.Column">
<Column name="SEMI_EVENT_ID" id="39F84CE5-9CB3-CA53-C9D7-4E41436427E6">
<createdBy>邓新宇</createdBy>
<createdTime>2022-11-06 19:29:58 UTC</createdTime>
<generatorID>2D105485-2EA9-2086-33BA-7949782D11E9</generatorID>
<ownerDesignName>project</ownerDesignName>
<useDomainConstraints>false</useDomainConstraints>
<use>1</use>
<logicalDatatype>LOGDT019</logicalDatatype>
<dataTypePrecision>15</dataTypePrecision>
<ownDataTypeParameters>,15,</ownDataTypeParameters>
<previousColumn>false</previousColumn>
<autoIncrementCycle>false</autoIncrementCycle>
<associations>
<colAssociation fkAssociation="5B943BE7-294F-1E39-32DA-8AEE6636B63F" referredColumn="81DC6937-A71D-D8EC-32E9-397F7FD8ED13"/>
</associations>
</Column>
<Column name="SPONSOR_SPON_ID" id="0136989E-B832-E5F7-B521-7CBB2AF80205">
<createdBy>邓新宇</createdBy>
<createdTime>2022-11-06 19:29:58 UTC</createdTime>
<generatorID>606352BB-A0B3-FD14-C143-14B22F8FF811</generatorID>
<ownerDesignName>project</ownerDesignName>
<useDomainConstraints>false</useDomainConstraints>
<use>1</use>
<logicalDatatype>LOGDT019</logicalDatatype>
<dataTypePrecision>20</dataTypePrecision>
<ownDataTypeParameters>,20,</ownDataTypeParameters>
<previousColumn>false</previousColumn>
<autoIncrementCycle>false</autoIncrementCycle>
<associations>
<colAssociation fkAssociation="69693159-3753-FE20-DC32-F412FAB1C2D4" referredColumn="8F25FC78-E92C-6981-E816-1AFB27A21844"/>
</associations>
</Column>
<Column name="SPON_AMOU" id="64E69A89-6070-4163-E7B5-4F6457B240CD">
<createdBy>邓新宇</createdBy>
<createdTime>2022-11-06 19:29:58 UTC</createdTime>
<generatorID>AE06C02F-92E5-8855-06F6-1DBD1EFF98C0</generatorID>
<ownerDesignName>project</ownerDesignName>
<useDomainConstraints>false</useDomainConstraints>
<use>1</use>
<logicalDatatype>LOGDT019</logicalDatatype>
<dataTypePrecision>20</dataTypePrecision>
<ownDataTypeParameters>,20,</ownDataTypeParameters>
<autoIncrementCycle>false</autoIncrementCycle>
</Column>
</columns>
<indexes itemClass="oracle.dbtools.crest.model.design.relational.Index">
<ind_PK_UK id="9C13973C-4043-3C3D-3298-D7742F7E6FCA" name="SEMI_SPON_PK">
<createdBy>邓新宇</createdBy>
<createdTime>2022-11-06 19:31:09 UTC</createdTime>
<ownerDesignName>project</ownerDesignName>
<pk>true</pk>
<indexState>Primary Constraint</indexState>
<isSurrogateKey>false</isSurrogateKey>
<indexColumnUsage>
<colUsage columnID="39F84CE5-9CB3-CA53-C9D7-4E41436427E6"/>
<colUsage columnID="0136989E-B832-E5F7-B521-7CBB2AF80205"/>
</indexColumnUsage>
</ind_PK_UK>
<ind_PK_UK id="295B777A-C4B8-8F8E-5E33-4148BAF8AD84" name="SEMI_SPON_SEMI_FK">
<createdBy>邓新宇</createdBy>
<createdTime>2022-11-06 19:29:58 UTC</createdTime>
<generatorID>B1B3EBB8-FDD8-D53A-36C0-880BEFF6DDA5</generatorID>
<ownerDesignName>project</ownerDesignName>
<indexState>Foreign Key</indexState>
<isSurrogateKey>false</isSurrogateKey>
<indexColumnUsage>
<colUsage columnID="39F84CE5-9CB3-CA53-C9D7-4E41436427E6"/>
</indexColumnUsage>
</ind_PK_UK>
<ind_PK_UK id="E9DC2975-914C-7B5B-2968-2DD1CFAEBF37" name="SEMI_SPON_SPONSOR_FK">
<createdBy>邓新宇</createdBy>
<createdTime>2022-11-06 19:29:58 UTC</createdTime>
<generatorID>D9576C6F-64A6-5543-ECE7-44B78E824C1F</generatorID>
<ownerDesignName>project</ownerDesignName>
<indexState>Foreign Key</indexState>
<isSurrogateKey>false</isSurrogateKey>
<indexColumnUsage>
<colUsage columnID="0136989E-B832-E5F7-B521-7CBB2AF80205"/>
</indexColumnUsage>
</ind_PK_UK>
</indexes>
</Table>