<?xml version = '1.0' encoding = 'UTF-8'?>
<Table class="oracle.dbtools.crest.model.design.relational.Table" directorySegmentName="seg_0" id="60EA2122-AEEB-5177-7AD6-175E4B965906" name="BOOK">
<createdBy>邓新宇</createdBy>
<createdTime>2022-11-06 19:29:57 UTC</createdTime>
<generatorID>EDA9C101-499F-0E53-2016-E3E34AD0A184</generatorID>
<ownerDesignName>project</ownerDesignName>
<allowColumnReorder>false</allowColumnReorder>
<existDependencyGenerateInDDl>true</existDependencyGenerateInDDl>
<parsed>true</parsed>
<columns itemClass="oracle.dbtools.crest.model.design.relational.Column">
<Column name="BOOK_ID" id="F072EA6A-E793-A314-DD58-6948338DDF97">
<createdBy>邓新宇</createdBy>
<createdTime>2022-11-06 19:29:57 UTC</createdTime>
<generatorID>922D8093-C067-621D-F4CC-DC5AA13C138D</generatorID>
<ownerDesignName>project</ownerDesignName>
<useDomainConstraints>false</useDomainConstraints>
<use>1</use>
<logicalDatatype>LOGDT019</logicalDatatype>
<dataTypePrecision>20</dataTypePrecision>
<ownDataTypeParameters>,20,</ownDataTypeParameters>
<autoIncrementCycle>false</autoIncrementCycle>
</Column>
<Column name="BOOK_NAME" id="455E6E97-9640-7F69-83A8-BE4DFD026CBE">
<createdBy>邓新宇</createdBy>
<createdTime>2022-11-06 19:29:57 UTC</createdTime>
<generatorID>B6D45F1E-9523-4A23-3C4A-19BE506FAFE8</generatorID>
<ownerDesignName>project</ownerDesignName>
<useDomainConstraints>false</useDomainConstraints>
<use>1</use>
<logicalDatatype>LOGDT024</logicalDatatype>
<dataTypeSize>30</dataTypeSize>
<ownDataTypeParameters>30,,</ownDataTypeParameters>
<autoIncrementCycle>false</autoIncrementCycle>
</Column>
<Column name="TOPIC" id="E68C0C56-A060-888C-2B3B-B72C8E13709A">
<createdBy>邓新宇</createdBy>
<createdTime>2022-11-06 19:29:57 UTC</createdTime>
<generatorID>13382626-44A4-11F8-24AF-855CD91E1CA0</generatorID>
<ownerDesignName>project</ownerDesignName>
<useDomainConstraints>false</useDomainConstraints>
<use>1</use>
<logicalDatatype>LOGDT024</logicalDatatype>
<dataTypeSize>30</dataTypeSize>
<ownDataTypeParameters>30,,</ownDataTypeParameters>
<autoIncrementCycle>false</autoIncrementCycle>
</Column>
</columns>
<indexes itemClass="oracle.dbtools.crest.model.design.relational.Index">
<ind_PK_UK id="9121E2F3-13A8-11A1-8478-E4ED11AF43A2" name="BOOK_PK">
<createdBy>邓新宇</createdBy>
<createdTime>2022-11-06 19:29:57 UTC</createdTime>
<generatorID>EF55BB7A-4CC5-0F10-EDA6-AFD47AC69F4B</generatorID>
<ownerDesignName>project</ownerDesignName>
<pk>true</pk>
<indexState>Primary Constraint</indexState>
<isSurrogateKey>false</isSurrogateKey>
<indexColumnUsage>
<colUsage columnID="F072EA6A-E793-A314-DD58-6948338DDF97"/>
</indexColumnUsage>
</ind_PK_UK>
</indexes>
</Table>