<?xml version = '1.0' encoding = 'UTF-8'?>
<Table class="oracle.dbtools.crest.model.design.relational.Table" directorySegmentName="seg_0" id="627763AE-65EB-3385-4A8E-B07980BD2FFC" name="CUS_ROOM">
<createdBy>邓新宇</createdBy>
<createdTime>2022-11-06 19:29:57 UTC</createdTime>
<generatorID>5E65AC4A-1C05-72D4-610D-B52725EFE3DF</generatorID>
<ownerDesignName>project</ownerDesignName>
<allowColumnReorder>false</allowColumnReorder>
<existDependencyGenerateInDDl>true</existDependencyGenerateInDDl>
<parsed>true</parsed>
<columns itemClass="oracle.dbtools.crest.model.design.relational.Column">
<Column name="DATE" id="9FF25FE7-543B-90E2-BE14-539E3811B04F">
<createdBy>邓新宇</createdBy>
<createdTime>2022-11-06 19:29:58 UTC</createdTime>
<generatorID>B03758A5-5A90-F5AE-30B1-F2540A4611A9</generatorID>
<ownerDesignName>project</ownerDesignName>
<useDomainConstraints>false</useDomainConstraints>
<use>1</use>
<logicalDatatype>LOGDT007</logicalDatatype>
<ownDataTypeParameters>,,</ownDataTypeParameters>
<autoIncrementCycle>false</autoIncrementCycle>
</Column>
<Column name="TIMESLOT" id="4BE438A6-7829-5915-1FF4-CE6D0FF4A495">
<createdBy>邓新宇</createdBy>
<createdTime>2022-11-06 19:29:58 UTC</createdTime>
<generatorID>6BEA722E-D6BE-600A-C99D-F85D8E358975</generatorID>
<ownerDesignName>project</ownerDesignName>
<useDomainConstraints>false</useDomainConstraints>
<use>1</use>
<logicalDatatype>LOGDT019</logicalDatatype>
<dataTypePrecision>1</dataTypePrecision>
<ownDataTypeParameters>,1,</ownDataTypeParameters>
<autoIncrementCycle>false</autoIncrementCycle>
</Column>
<Column name="ROOM_ROOM_ID" id="B004041B-BFBE-BF3F-F9F9-B3EDBA85A31C">
<createdBy>邓新宇</createdBy>
<createdTime>2022-11-06 19:29:58 UTC</createdTime>
<generatorID>3259F328-5DBA-B70E-D91C-7CD720C3AEE5</generatorID>
<ownerDesignName>project</ownerDesignName>
<useDomainConstraints>false</useDomainConstraints>
<use>1</use>
<logicalDatatype>LOGDT019</logicalDatatype>
<dataTypePrecision>20</dataTypePrecision>
<ownDataTypeParameters>,20,</ownDataTypeParameters>
<previousColumn>false</previousColumn>
<autoIncrementCycle>false</autoIncrementCycle>
<associations>
<colAssociation fkAssociation="B03850B2-76C1-287E-65F1-24C6878C8055" referredColumn="8EEAA190-595E-F7F0-1663-C103CE5AC4F3"/>
</associations>
</Column>
<Column name="CUSTOMER_CUS_ID" id="1C402720-C049-3536-37BE-116A6445FF2E">
<createdBy>邓新宇</createdBy>
<createdTime>2022-11-06 19:29:58 UTC</createdTime>
<generatorID>868CDA1B-3EA3-EADE-E72E-9992CA05122F</generatorID>
<ownerDesignName>project</ownerDesignName>
<useDomainConstraints>false</useDomainConstraints>
<use>1</use>
<logicalDatatype>LOGDT019</logicalDatatype>
<dataTypePrecision>10</dataTypePrecision>
<ownDataTypeParameters>,,</ownDataTypeParameters>
<previousColumn>false</previousColumn>
<autoIncrementCycle>false</autoIncrementCycle>
<associations>
<colAssociation fkAssociation="7278AE64-25C2-D559-E145-53A9D66AC675" referredColumn="4D377079-CD8E-35C5-83EF-60028ACEBE83"/>
</associations>
</Column>
</columns>
<indexes itemClass="oracle.dbtools.crest.model.design.relational.Index">
<ind_PK_UK id="13EAD047-7537-933E-DCFC-1A7CB20E4B26" name="CUS_ROOM_PK">
<createdBy>邓新宇</createdBy>
<createdTime>2022-11-06 19:32:20 UTC</createdTime>
<ownerDesignName>project</ownerDesignName>
<pk>true</pk>
<indexState>Primary Constraint</indexState>
<isSurrogateKey>false</isSurrogateKey>
<indexColumnUsage>
<colUsage columnID="B004041B-BFBE-BF3F-F9F9-B3EDBA85A31C"/>
<colUsage columnID="1C402720-C049-3536-37BE-116A6445FF2E"/>
</indexColumnUsage>
</ind_PK_UK>
<ind_PK_UK id="F63EE666-7A96-91E8-DB4E-2F319483D791" name="CUS_ROOM_ROOM_FK">
<createdBy>邓新宇</createdBy>
<createdTime>2022-11-06 19:29:58 UTC</createdTime>
<generatorID>17D51B20-D63A-C353-3ED7-C8DE074A66F9</generatorID>
<ownerDesignName>project</ownerDesignName>
<indexState>Foreign Key</indexState>
<isSurrogateKey>false</isSurrogateKey>
<indexColumnUsage>
<colUsage columnID="B004041B-BFBE-BF3F-F9F9-B3EDBA85A31C"/>
</indexColumnUsage>
</ind_PK_UK>
<ind_PK_UK id="1DA60D10-A231-F5A3-822C-DE0922774411" name="CUS_ROOM_CUSTOMER_FK">
<createdBy>邓新宇</createdBy>
<createdTime>2022-11-06 19:29:58 UTC</createdTime>
<generatorID>DCEA175A-B3BD-BD12-AD2D-22C303F9365B</generatorID>
<ownerDesignName>project</ownerDesignName>
<indexState>Foreign Key</indexState>
<isSurrogateKey>false</isSurrogateKey>
<indexColumnUsage>
<colUsage columnID="1C402720-C049-3536-37BE-116A6445FF2E"/>
</indexColumnUsage>
</ind_PK_UK>
</indexes>
</Table>