<?xml version = '1.0' encoding = 'UTF-8'?>
<Table class="oracle.dbtools.crest.model.design.relational.Table" directorySegmentName="seg_0" id="6A8EE34C-C7D2-DA32-5A8D-27FCD832AF37" name="PAYMENT">
<createdBy>邓新宇</createdBy>
<createdTime>2022-11-06 02:19:23 UTC</createdTime>
<generatorID>6FAE0FFE-7ADD-1603-FB69-8D5FBCD84FEB</generatorID>
<ownerDesignName>project</ownerDesignName>
<allowColumnReorder>false</allowColumnReorder>
<existDependencyGenerateInDDl>true</existDependencyGenerateInDDl>
<parsed>true</parsed>
<columns itemClass="oracle.dbtools.crest.model.design.relational.Column">
<Column name="PAYMENT_ID" id="54EC4EC0-7512-403F-4252-EE2ACE641BAF">
<createdBy>邓新宇</createdBy>
<createdTime>2022-11-06 02:19:23 UTC</createdTime>
<generatorID>F3CF1038-34ED-8D99-E22C-EDE71073055B</generatorID>
<ownerDesignName>project</ownerDesignName>
<useDomainConstraints>false</useDomainConstraints>
<use>1</use>
<logicalDatatype>LOGDT019</logicalDatatype>
<dataTypePrecision>10</dataTypePrecision>
<ownDataTypeParameters>,10,</ownDataTypeParameters>
<autoIncrementCycle>false</autoIncrementCycle>
</Column>
<Column name="PAYMENT_DATE" id="D5239BDB-0008-63A2-8DD4-17B253A3C41D">
<createdBy>邓新宇</createdBy>
<createdTime>2022-11-06 02:19:23 UTC</createdTime>
<generatorID>B97D79BB-DAAF-4C58-B4BA-3CE3C9646A8C</generatorID>
<ownerDesignName>project</ownerDesignName>
<useDomainConstraints>false</useDomainConstraints>
<use>1</use>
<logicalDatatype>LOGDT007</logicalDatatype>
<ownDataTypeParameters>,,</ownDataTypeParameters>
<autoIncrementCycle>false</autoIncrementCycle>
</Column>
<Column name="PAYMENT_AMOUNT" id="751B7183-33C5-38F8-375A-DFCECE784464">
<createdBy>邓新宇</createdBy>
<createdTime>2022-11-06 02:19:23 UTC</createdTime>
<generatorID>404D7397-BEDF-5FF0-DED2-EE181BE85990</generatorID>
<ownerDesignName>project</ownerDesignName>
<useDomainConstraints>false</useDomainConstraints>
<use>1</use>
<logicalDatatype>LOGDT019</logicalDatatype>
<dataTypePrecision>20</dataTypePrecision>
<dataTypeScale>2</dataTypeScale>
<ownDataTypeParameters>,20,2</ownDataTypeParameters>
<autoIncrementCycle>false</autoIncrementCycle>
</Column>
<Column name="PAYMENT_METHOD" id="5E8C7093-51E4-1402-29FC-45C5F191A9A9">
<createdBy>邓新宇</createdBy>
<createdTime>2022-11-06 02:19:23 UTC</createdTime>
<generatorID>BFC55E8B-C5D1-0B40-5A19-B7D47F184908</generatorID>
<ownerDesignName>project</ownerDesignName>
<useDomainConstraints>false</useDomainConstraints>
<use>1</use>
<logicalDatatype>LOGDT024</logicalDatatype>
<dataTypeSize>15</dataTypeSize>
<ownDataTypeParameters>15,,</ownDataTypeParameters>
<autoIncrementCycle>false</autoIncrementCycle>
</Column>
<Column name="ACC_FNAME" id="E7658797-03B9-80E9-0DC6-52183938A574">
<createdBy>邓新宇</createdBy>
<createdTime>2022-11-06 02:19:23 UTC</createdTime>
<generatorID>998D3393-B65E-4946-4223-8CDCD4A56332</generatorID>
<ownerDesignName>project</ownerDesignName>
<useDomainConstraints>false</useDomainConstraints>
<use>1</use>
<logicalDatatype>LOGDT024</logicalDatatype>
<dataTypeSize>15</dataTypeSize>
<ownDataTypeParameters>15,,</ownDataTypeParameters>
<autoIncrementCycle>false</autoIncrementCycle>
</Column>
<Column name="ACC_LNAME" id="0FCE0F3A-2156-888B-FB8F-A4E2C98AF279">
<createdBy>邓新宇</createdBy>
<createdTime>2022-11-06 02:19:23 UTC</createdTime>
<generatorID>653B4402-7EEE-18D4-723F-FB0EBE5C12AC</generatorID>
<ownerDesignName>project</ownerDesignName>
<useDomainConstraints>false</useDomainConstraints>
<use>1</use>
<logicalDatatype>LOGDT024</logicalDatatype>
<dataTypeSize>15</dataTypeSize>
<ownDataTypeParameters>15,,</ownDataTypeParameters>
<autoIncrementCycle>false</autoIncrementCycle>
</Column>
<Column name="INVOICE_INVOICE_ID" id="2EFDC79A-229B-5DF1-78BA-5626731F4522">
<createdBy>邓新宇</createdBy>
<createdTime>2022-11-06 02:19:23 UTC</createdTime>
<generatorID>D1C64907-0B5F-AAC5-B2C0-DDF5F58759B8</generatorID>
<ownerDesignName>project</ownerDesignName>
<useDomainConstraints>false</useDomainConstraints>
<use>1</use>
<logicalDatatype>LOGDT019</logicalDatatype>
<dataTypePrecision>20</dataTypePrecision>
<ownDataTypeParameters>,20,</ownDataTypeParameters>
<autoIncrementCycle>false</autoIncrementCycle>
<associations>
<colAssociation fkAssociation="CF08FCEC-C98E-827B-8183-83F8E1DA9932" referredColumn="1DCAAF02-6B9E-1627-7515-28757FFAAC20"/>
</associations>
</Column>
</columns>
<indexes itemClass="oracle.dbtools.crest.model.design.relational.Index">
<ind_PK_UK id="541F0378-8C23-07DB-5260-13B2205B096B" name="PAYMENT_PK">
<createdBy>邓新宇</createdBy>
<createdTime>2022-11-06 02:19:23 UTC</createdTime>
<generatorID>B2185F68-3309-F42D-590B-2A318E50E200</generatorID>
<ownerDesignName>project</ownerDesignName>
<pk>true</pk>
<indexState>Primary Constraint</indexState>
<isSurrogateKey>false</isSurrogateKey>
<indexColumnUsage>
<colUsage columnID="54EC4EC0-7512-403F-4252-EE2ACE641BAF"/>
</indexColumnUsage>
</ind_PK_UK>
<ind_PK_UK id="4E5DC77E-0347-F9CD-C3E7-CE2E04D352EC" name="PAYMENT_INVOICE_FK">
<createdBy>邓新宇</createdBy>
<createdTime>2022-11-06 19:29:58 UTC</createdTime>
<generatorID>4B35BCEA-A08E-1E9F-10FB-0A9A88777C6B</generatorID>
<ownerDesignName>project</ownerDesignName>
<indexState>Foreign Key</indexState>
<isSurrogateKey>false</isSurrogateKey>
<indexColumnUsage>
<colUsage columnID="2EFDC79A-229B-5DF1-78BA-5626731F4522"/>
</indexColumnUsage>
</ind_PK_UK>
</indexes>
</Table>