<?xml version = '1.0' encoding = 'UTF-8'?>
<Table class="oracle.dbtools.crest.model.design.relational.Table" directorySegmentName="seg_0" id="7C48630E-8ECF-262B-E043-7DA824767A30" name="SEMI">
<createdBy>邓新宇</createdBy>
<createdTime>2022-11-06 19:29:58 UTC</createdTime>
<generatorID>8DC2F50F-6C06-9D4B-D688-DF768F7ED51B</generatorID>
<ownerDesignName>project</ownerDesignName>
<allowColumnReorder>false</allowColumnReorder>
<existDependencyGenerateInDDl>true</existDependencyGenerateInDDl>
<parsed>true</parsed>
<columns itemClass="oracle.dbtools.crest.model.design.relational.Column">
<Column name="EVENT_ID" id="81DC6937-A71D-D8EC-32E9-397F7FD8ED13">
<createdBy>邓新宇</createdBy>
<createdTime>2022-11-06 19:29:58 UTC</createdTime>
<generatorID>2C6051AB-B733-9AF8-7CEF-F9064F0A5CB5</generatorID>
<ownerDesignName>project</ownerDesignName>
<useDomainConstraints>false</useDomainConstraints>
<use>1</use>
<logicalDatatype>LOGDT019</logicalDatatype>
<dataTypePrecision>10</dataTypePrecision>
<ownDataTypeParameters>,,</ownDataTypeParameters>
<autoIncrementCycle>false</autoIncrementCycle>
<associations>
<colAssociation fkAssociation="24B70C0E-2D45-34A4-DC32-306C3C1524E7" referredColumn="CA4B9E69-F22F-F7C1-CCEA-9456E6ED258C"/>
</associations>
</Column>
</columns>
<indexes itemClass="oracle.dbtools.crest.model.design.relational.Index">
<ind_PK_UK id="6446A16C-893C-3DA5-413E-9C6B1171D886" name="SEMI_PK">
<createdBy>邓新宇</createdBy>
<createdTime>2022-11-06 19:29:58 UTC</createdTime>
<generatorID>A57C3286-5E11-9B1C-763C-8BBB7ADE0282</generatorID>
<ownerDesignName>project</ownerDesignName>
<pk>true</pk>
<indexState>Primary Constraint</indexState>
<isSurrogateKey>false</isSurrogateKey>
<indexColumnUsage>
<colUsage columnID="81DC6937-A71D-D8EC-32E9-397F7FD8ED13"/>
</indexColumnUsage>
</ind_PK_UK>
<ind_PK_UK id="3DC24E60-2B90-1A26-DB09-7DCA729812C3" name="SEMI_EVENT_FK">
<createdBy>邓新宇</createdBy>
<createdTime>2022-11-06 19:29:58 UTC</createdTime>
<generatorID>89F31AD6-4B5E-9EBC-A1F6-6CC2949F1105</generatorID>
<ownerDesignName>project</ownerDesignName>
<indexState>Foreign Key</indexState>
<isSurrogateKey>false</isSurrogateKey>
<indexColumnUsage>
<colUsage columnID="81DC6937-A71D-D8EC-32E9-397F7FD8ED13"/>
</indexColumnUsage>
</ind_PK_UK>
</indexes>
</Table>