<?xml version = '1.0' encoding = 'UTF-8'?>
<Table class="oracle.dbtools.crest.model.design.relational.Table" directorySegmentName="seg_0" id="7FCCA536-9862-0962-7990-F95D87E7A713" name="AVAILABLE">
<createdBy>邓新宇</createdBy>
<createdTime>2022-11-06 19:29:58 UTC</createdTime>
<generatorID>7B576DC7-9FE4-7C73-2DB5-90C2F6144986</generatorID>
<ownerDesignName>project</ownerDesignName>
<allowColumnReorder>false</allowColumnReorder>
<existDependencyGenerateInDDl>true</existDependencyGenerateInDDl>
<parsed>true</parsed>
<columns itemClass="oracle.dbtools.crest.model.design.relational.Column">
<Column name="COPY_ID" id="0B9510CD-5E13-2249-2703-52624F0DABC7">
<createdBy>邓新宇</createdBy>
<createdTime>2022-11-06 19:29:58 UTC</createdTime>
<generatorID>0303023C-A20C-D804-CAFF-89A195934702</generatorID>
<ownerDesignName>project</ownerDesignName>
<useDomainConstraints>false</useDomainConstraints>
<use>1</use>
<logicalDatatype>LOGDT019</logicalDatatype>
<dataTypePrecision>10</dataTypePrecision>
<ownDataTypeParameters>,,</ownDataTypeParameters>
<autoIncrementCycle>false</autoIncrementCycle>
<associations>
<colAssociation fkAssociation="FEB6615A-4215-D6B4-3EA4-FC4883017778" referredColumn="38562BB3-C6D8-A6EF-2D4D-AB114F1D9432"/>
</associations>
</Column>
</columns>
<indexes itemClass="oracle.dbtools.crest.model.design.relational.Index">
<ind_PK_UK id="671E6B85-1415-3841-AAA9-AC6CE3582055" name="AVAILABLE_PK">
<createdBy>邓新宇</createdBy>
<createdTime>2022-11-06 19:29:58 UTC</createdTime>
<generatorID>BF2666D3-7D7B-11DF-5636-1D385AE78B39</generatorID>
<ownerDesignName>project</ownerDesignName>
<pk>true</pk>
<indexState>Primary Constraint</indexState>
<isSurrogateKey>false</isSurrogateKey>
<indexColumnUsage>
<colUsage columnID="0B9510CD-5E13-2249-2703-52624F0DABC7"/>
</indexColumnUsage>
</ind_PK_UK>
<ind_PK_UK id="DC354589-CB4E-D5B1-9621-9852F393C94B" name="AVAILABLE_COPY_FK">
<createdBy>邓新宇</createdBy>
<createdTime>2022-11-06 19:29:58 UTC</createdTime>
<generatorID>C881B5CC-66FC-DA30-DF47-0617C4B197E5</generatorID>
<ownerDesignName>project</ownerDesignName>
<indexState>Foreign Key</indexState>
<isSurrogateKey>false</isSurrogateKey>
<indexColumnUsage>
<colUsage columnID="0B9510CD-5E13-2249-2703-52624F0DABC7"/>
</indexColumnUsage>
</ind_PK_UK>
</indexes>
</Table>