<?xml version = '1.0' encoding = 'UTF-8'?>
<Table class="oracle.dbtools.crest.model.design.relational.Table" directorySegmentName="seg_0" id="8A9604FC-557F-0967-AAD7-B3CDD8888B9C" name="RENT">
<createdBy>邓新宇</createdBy>
<createdTime>2022-11-06 19:29:58 UTC</createdTime>
<generatorID>9F6D9E0E-D95D-CFFE-FA92-CA2E68407E15</generatorID>
<ownerDesignName>project</ownerDesignName>
<allowColumnReorder>false</allowColumnReorder>
<existDependencyGenerateInDDl>true</existDependencyGenerateInDDl>
<parsed>true</parsed>
<columns itemClass="oracle.dbtools.crest.model.design.relational.Column">
<Column name="COPY_ID" id="A765C7F0-8A60-9BC4-5B98-D1F03AC9152A">
<createdBy>邓新宇</createdBy>
<createdTime>2022-11-06 19:29:58 UTC</createdTime>
<generatorID>0303023C-A20C-D804-CAFF-89A195934702</generatorID>
<ownerDesignName>project</ownerDesignName>
<useDomainConstraints>false</useDomainConstraints>
<use>1</use>
<logicalDatatype>LOGDT019</logicalDatatype>
<dataTypePrecision>10</dataTypePrecision>
<ownDataTypeParameters>,,</ownDataTypeParameters>
<autoIncrementCycle>false</autoIncrementCycle>
<associations>
<colAssociation fkAssociation="B39EC810-5E9E-CE05-F541-7D58A3084FCB" referredColumn="38562BB3-C6D8-A6EF-2D4D-AB114F1D9432"/>
</associations>
</Column>
<Column name="RENTAL_STATUS" id="3E9E6CB3-E157-9374-22D0-7B6F59680FA7">
<createdBy>邓新宇</createdBy>
<createdTime>2022-11-06 19:29:58 UTC</createdTime>
<generatorID>F9A76EDE-94A6-ACE0-8FA6-669F510CBA4A</generatorID>
<ownerDesignName>project</ownerDesignName>
<constraintName>CH_INH_RENT</constraintName>
<useDomainConstraints>false</useDomainConstraints>
<use>1</use>
<logicalDatatype>LOGDT024</logicalDatatype>
<dataTypeSize>1</dataTypeSize>
<listOfValues>
<valueDef value="R" description="entity RENT"/>
</listOfValues>
<ownDataTypeParameters>1,,</ownDataTypeParameters>
<autoIncrementCycle>false</autoIncrementCycle>
<isDiscriminatorColumn>true</isDiscriminatorColumn>
</Column>
<Column name="START_DATE" id="C3308EA4-1328-ABA8-476F-7A3472640517">
<createdBy>邓新宇</createdBy>
<createdTime>2022-11-06 19:29:58 UTC</createdTime>
<generatorID>7226A77E-C58B-E7C4-B6EA-F256C35E914B</generatorID>
<ownerDesignName>project</ownerDesignName>
<useDomainConstraints>false</useDomainConstraints>
<use>1</use>
<logicalDatatype>LOGDT007</logicalDatatype>
<ownDataTypeParameters>,,</ownDataTypeParameters>
<autoIncrementCycle>false</autoIncrementCycle>
</Column>
<Column name="EXPECTED_DATE" id="26DED4DD-D388-857A-3EE0-A090AB5966E9">
<createdBy>邓新宇</createdBy>
<createdTime>2022-11-06 19:29:58 UTC</createdTime>
<generatorID>A6177706-B4E1-EBF1-AA4E-C55856886E4C</generatorID>
<ownerDesignName>project</ownerDesignName>
<useDomainConstraints>false</useDomainConstraints>
<use>1</use>
<logicalDatatype>LOGDT007</logicalDatatype>
<ownDataTypeParameters>,,</ownDataTypeParameters>
<autoIncrementCycle>false</autoIncrementCycle>
</Column>
<Column name="RET_DATE" id="42A0186B-F826-409A-E93E-3808550470C0">
<createdBy>邓新宇</createdBy>
<createdTime>2022-11-06 19:29:58 UTC</createdTime>
<generatorID>D3D1FEC6-9AF8-E097-6D67-5217379CD470</generatorID>
<ownerDesignName>project</ownerDesignName>
<nullsAllowed>true</nullsAllowed>
<useDomainConstraints>false</useDomainConstraints>
<use>1</use>
<logicalDatatype>LOGDT007</logicalDatatype>
<ownDataTypeParameters>,,</ownDataTypeParameters>
<autoIncrementCycle>false</autoIncrementCycle>
</Column>
<Column name="INVOICE_ID" id="B508DEF8-375C-2667-891D-950EEA48768E">
<createdBy>邓新宇</createdBy>
<createdTime>2022-11-06 19:29:58 UTC</createdTime>
<generatorID>C10267E3-250D-A2AC-EAB4-F771FB5B63A5</generatorID>
<ownerDesignName>project</ownerDesignName>
<useDomainConstraints>false</useDomainConstraints>
<use>1</use>
<logicalDatatype>LOGDT019</logicalDatatype>
<dataTypePrecision>10</dataTypePrecision>
<ownDataTypeParameters>,,</ownDataTypeParameters>
<previousColumn>false</previousColumn>
<autoIncrementCycle>false</autoIncrementCycle>
<associations>
<colAssociation fkAssociation="9EDC1E44-F015-D043-7085-4C996E3257A3" referredColumn="1DCAAF02-6B9E-1627-7515-28757FFAAC20"/>
</associations>
</Column>
</columns>
<indexes itemClass="oracle.dbtools.crest.model.design.relational.Index">
<ind_PK_UK id="7F73B690-CE66-1537-3FAF-1F60545AD969" name="RENT_PK">
<createdBy>邓新宇</createdBy>
<createdTime>2022-11-06 19:29:58 UTC</createdTime>
<generatorID>BF2666D3-7D7B-11DF-5636-1D385AE78B39</generatorID>
<ownerDesignName>project</ownerDesignName>
<pk>true</pk>
<indexState>Primary Constraint</indexState>
<isSurrogateKey>false</isSurrogateKey>
<indexColumnUsage>
<colUsage columnID="A765C7F0-8A60-9BC4-5B98-D1F03AC9152A"/>
</indexColumnUsage>
</ind_PK_UK>
<ind_PK_UK id="25DEDD12-9193-FCCB-2C9F-222F9218E6F2" name="RENT__IDX">
<createdBy>邓新宇</createdBy>
<createdTime>2022-11-06 19:29:58 UTC</createdTime>
<ownerDesignName>project</ownerDesignName>
<indexState>Unique Plain Index</indexState>
<isSurrogateKey>false</isSurrogateKey>
<relationGeneratorID>F38E45EA-DAED-AD20-DAE5-2D89B123CE0C</relationGeneratorID>
<indexColumnUsage>
<colUsage columnID="B508DEF8-375C-2667-891D-950EEA48768E"/>
</indexColumnUsage>
</ind_PK_UK>
<ind_PK_UK id="C58E0ABF-A9FD-A609-0BA2-B121CDB8D1F7" name="RENT_COPY_FK">
<createdBy>邓新宇</createdBy>
<createdTime>2022-11-06 19:29:58 UTC</createdTime>
<generatorID>3A3CBDB3-B8D7-E69E-2ECD-3A7D75D77204</generatorID>
<ownerDesignName>project</ownerDesignName>
<indexState>Foreign Key</indexState>
<isSurrogateKey>false</isSurrogateKey>
<indexColumnUsage>
<colUsage columnID="A765C7F0-8A60-9BC4-5B98-D1F03AC9152A"/>
</indexColumnUsage>
</ind_PK_UK>
<ind_PK_UK id="41B39576-4B38-BE4D-4716-55CFC65BE370" name="RENT_INVOICE_FK">
<createdBy>邓新宇</createdBy>
<createdTime>2022-11-06 19:29:58 UTC</createdTime>
<generatorID>F38E45EA-DAED-AD20-DAE5-2D89B123CE0C</generatorID>
<ownerDesignName>project</ownerDesignName>
<indexState>Foreign Key</indexState>
<isSurrogateKey>false</isSurrogateKey>
<indexColumnUsage>
<colUsage columnID="B508DEF8-375C-2667-891D-950EEA48768E"/>
</indexColumnUsage>
</ind_PK_UK>
</indexes>
</Table>