<?xml version = '1.0' encoding = 'UTF-8'?>
<Table class="oracle.dbtools.crest.model.design.relational.Table" directorySegmentName="seg_0" id="964A467A-E01D-2ACB-9ECD-DEB86D463C4F" name="AUTHOR_BOOK">
<createdBy>邓新宇</createdBy>
<createdTime>2022-11-06 02:19:23 UTC</createdTime>
<generatorID>3423866D-0FE0-DEF4-E1A5-99149F9175C7</generatorID>
<ownerDesignName>project</ownerDesignName>
<allowColumnReorder>false</allowColumnReorder>
<existDependencyGenerateInDDl>true</existDependencyGenerateInDDl>
<parsed>true</parsed>
<columns itemClass="oracle.dbtools.crest.model.design.relational.Column">
<Column name="AUTHOR_AUR_ID" id="7968BA5F-F2BB-065B-4254-1A702A4C7B28">
<createdBy>邓新宇</createdBy>
<createdTime>2022-11-06 02:19:23 UTC</createdTime>
<generatorID>66B83C5E-08DA-BED0-FA59-EC379CC4D86B</generatorID>
<ownerDesignName>project</ownerDesignName>
<useDomainConstraints>false</useDomainConstraints>
<use>1</use>
<logicalDatatype>LOGDT019</logicalDatatype>
<dataTypePrecision>10</dataTypePrecision>
<ownDataTypeParameters>,,</ownDataTypeParameters>
<autoIncrementCycle>false</autoIncrementCycle>
<associations>
<colAssociation fkAssociation="460D53AD-233D-226D-01D3-468D76C60952" referredColumn="51DA7C70-E099-ACC8-EDDC-323757A1AD43"/>
</associations>
</Column>
<Column name="BOOK_BOOK_ID" id="17207273-5806-9F19-2F6B-60B67C13F519">
<createdBy>邓新宇</createdBy>
<createdTime>2022-11-06 02:19:23 UTC</createdTime>
<generatorID>DD19F064-F6E3-F112-3C51-097B68FCE8FC</generatorID>
<ownerDesignName>project</ownerDesignName>
<useDomainConstraints>false</useDomainConstraints>
<use>1</use>
<logicalDatatype>LOGDT019</logicalDatatype>
<dataTypePrecision>20</dataTypePrecision>
<ownDataTypeParameters>,,</ownDataTypeParameters>
<autoIncrementCycle>false</autoIncrementCycle>
<associations>
<colAssociation fkAssociation="DBD33803-0B3E-5767-0A07-DDF04103468D" referredColumn="F072EA6A-E793-A314-DD58-6948338DDF97"/>
</associations>
</Column>
</columns>
<indexes itemClass="oracle.dbtools.crest.model.design.relational.Index">
<ind_PK_UK id="EA951C6E-8BDA-9E0F-0E02-611AE6F1569D" name="AUTHOR_BOOK_PK">
<createdBy>邓新宇</createdBy>
<createdTime>2022-11-06 19:31:30 UTC</createdTime>
<ownerDesignName>project</ownerDesignName>
<pk>true</pk>
<indexState>Primary Constraint</indexState>
<isSurrogateKey>false</isSurrogateKey>
<indexColumnUsage>
<colUsage columnID="7968BA5F-F2BB-065B-4254-1A702A4C7B28"/>
<colUsage columnID="17207273-5806-9F19-2F6B-60B67C13F519"/>
</indexColumnUsage>
</ind_PK_UK>
<ind_PK_UK id="62BBFE4D-5623-490E-9D42-66E2A1E5315B" name="AUTHOR_BOOK_AUTHOR_FK">
<createdBy>邓新宇</createdBy>
<createdTime>2022-11-06 19:29:58 UTC</createdTime>
<generatorID>D6D15164-0B93-B81A-CFA7-553078B5673C</generatorID>
<ownerDesignName>project</ownerDesignName>
<indexState>Foreign Key</indexState>
<isSurrogateKey>false</isSurrogateKey>
<indexColumnUsage>
<colUsage columnID="7968BA5F-F2BB-065B-4254-1A702A4C7B28"/>
</indexColumnUsage>
</ind_PK_UK>
<ind_PK_UK id="96453020-CCF0-78F9-84C1-610413144364" name="AUTHOR_BOOK_BOOK_FK">
<createdBy>邓新宇</createdBy>
<createdTime>2022-11-06 19:29:58 UTC</createdTime>
<generatorID>5FC4583A-A1F8-3D8C-7C48-D7CAAB7152F5</generatorID>
<ownerDesignName>project</ownerDesignName>
<indexState>Foreign Key</indexState>
<isSurrogateKey>false</isSurrogateKey>
<indexColumnUsage>
<colUsage columnID="17207273-5806-9F19-2F6B-60B67C13F519"/>
</indexColumnUsage>
</ind_PK_UK>
</indexes>
</Table>