<?xml version = '1.0' encoding = 'UTF-8'?>
<Table class="oracle.dbtools.crest.model.design.relational.Table" directorySegmentName="seg_0" id="9D2EDA70-8B23-41B3-C864-BEB7D7DD73FE" name="AUTHOR">
<createdBy>邓新宇</createdBy>
<createdTime>2022-11-06 02:19:23 UTC</createdTime>
<generatorID>E8F9BB17-41EA-B19B-A8A4-EA639EC6B401</generatorID>
<ownerDesignName>project</ownerDesignName>
<allowColumnReorder>false</allowColumnReorder>
<existDependencyGenerateInDDl>true</existDependencyGenerateInDDl>
<parsed>true</parsed>
<columns itemClass="oracle.dbtools.crest.model.design.relational.Column">
<Column name="AUR_ID" id="51DA7C70-E099-ACC8-EDDC-323757A1AD43">
<createdBy>邓新宇</createdBy>
<createdTime>2022-11-06 02:19:23 UTC</createdTime>
<generatorID>10488684-F83E-D868-3819-6540566B2FEA</generatorID>
<ownerDesignName>project</ownerDesignName>
<useDomainConstraints>false</useDomainConstraints>
<use>1</use>
<logicalDatatype>LOGDT019</logicalDatatype>
<dataTypePrecision>10</dataTypePrecision>
<ownDataTypeParameters>,10,</ownDataTypeParameters>
<autoIncrementCycle>false</autoIncrementCycle>
</Column>
<Column name="AUR_FNAME" id="AFAE9FC3-386F-8E37-4A58-AAEA2441F287">
<createdBy>邓新宇</createdBy>
<createdTime>2022-11-06 02:19:23 UTC</createdTime>
<generatorID>82DA4537-5016-397B-0F8C-D2D103109F44</generatorID>
<ownerDesignName>project</ownerDesignName>
<useDomainConstraints>false</useDomainConstraints>
<use>1</use>
<logicalDatatype>LOGDT024</logicalDatatype>
<dataTypeSize>20</dataTypeSize>
<ownDataTypeParameters>20,,</ownDataTypeParameters>
<autoIncrementCycle>false</autoIncrementCycle>
</Column>
<Column name="AUR_LNAME" id="169A095E-FDA4-2EFC-0AC1-142A1B66EE11">
<createdBy>邓新宇</createdBy>
<createdTime>2022-11-06 02:19:23 UTC</createdTime>
<generatorID>F1E9CF5A-3FE5-5A51-E378-576E142D8818</generatorID>
<ownerDesignName>project</ownerDesignName>
<useDomainConstraints>false</useDomainConstraints>
<use>1</use>
<logicalDatatype>LOGDT024</logicalDatatype>
<dataTypeSize>20</dataTypeSize>
<ownDataTypeParameters>20,,</ownDataTypeParameters>
<autoIncrementCycle>false</autoIncrementCycle>
</Column>
<Column name="AUR_STREET" id="A0E56D75-2CE2-9497-8B0F-FDD0E2A8D802">
<createdBy>邓新宇</createdBy>
<createdTime>2022-11-06 02:19:23 UTC</createdTime>
<generatorID>B0A02EDC-32FF-3C99-B69D-8251DACB3D8C</generatorID>
<ownerDesignName>project</ownerDesignName>
<useDomainConstraints>false</useDomainConstraints>
<use>1</use>
<logicalDatatype>LOGDT024</logicalDatatype>
<dataTypeSize>20</dataTypeSize>
<ownDataTypeParameters>20,,</ownDataTypeParameters>
<autoIncrementCycle>false</autoIncrementCycle>
</Column>
<Column name="AUR_CITY" id="95ABF031-FE42-2F79-7FFB-FC7EEC41D875">
<createdBy>邓新宇</createdBy>
<createdTime>2022-11-06 02:19:23 UTC</createdTime>
<generatorID>FA9873C6-ADD5-D16A-7D06-62AC6ADE2941</generatorID>
<ownerDesignName>project</ownerDesignName>
<useDomainConstraints>false</useDomainConstraints>
<use>1</use>
<logicalDatatype>LOGDT024</logicalDatatype>
<dataTypeSize>30</dataTypeSize>
<ownDataTypeParameters>30,,</ownDataTypeParameters>
<autoIncrementCycle>false</autoIncrementCycle>
</Column>
<Column name="AUR_STATE" id="68DA373F-7B9A-29A6-CB0C-42850CACDBBA">
<createdBy>邓新宇</createdBy>
<createdTime>2022-11-06 02:19:23 UTC</createdTime>
<generatorID>0B11A4E8-E358-CA7C-8156-4CF8F50806D4</generatorID>
<ownerDesignName>project</ownerDesignName>
<useDomainConstraints>false</useDomainConstraints>
<use>1</use>
<logicalDatatype>LOGDT024</logicalDatatype>
<dataTypeSize>30</dataTypeSize>
<ownDataTypeParameters>30,,</ownDataTypeParameters>
<autoIncrementCycle>false</autoIncrementCycle>
</Column>
<Column name="AUR_COUNTRY" id="9F3B617F-CE34-F06A-EB53-C418B133C72D">
<createdBy>邓新宇</createdBy>
<createdTime>2022-11-06 02:19:23 UTC</createdTime>
<generatorID>3C20B172-7046-DB99-F2CD-91811EC70EEA</generatorID>
<ownerDesignName>project</ownerDesignName>
<useDomainConstraints>false</useDomainConstraints>
<use>1</use>
<logicalDatatype>LOGDT024</logicalDatatype>
<dataTypeSize>20</dataTypeSize>
<ownDataTypeParameters>20,,</ownDataTypeParameters>
<autoIncrementCycle>false</autoIncrementCycle>
</Column>
<Column name="AUR_EMAIL" id="0C790D65-9ED6-E3B8-F470-A5A41F0D5018">
<createdBy>邓新宇</createdBy>
<createdTime>2022-11-06 02:19:23 UTC</createdTime>
<generatorID>107293C1-0E24-0BD5-8389-7670D571A9BD</generatorID>
<ownerDesignName>project</ownerDesignName>
<useDomainConstraints>false</useDomainConstraints>
<use>1</use>
<logicalDatatype>LOGDT024</logicalDatatype>
<dataTypeSize>50</dataTypeSize>
<ownDataTypeParameters>50,,</ownDataTypeParameters>
<autoIncrementCycle>false</autoIncrementCycle>
</Column>
</columns>
<indexes itemClass="oracle.dbtools.crest.model.design.relational.Index">
<ind_PK_UK id="F3C04766-0201-338E-917B-8E7136F3F888" name="AUTHOR_PK">
<createdBy>邓新宇</createdBy>
<createdTime>2022-11-06 02:19:23 UTC</createdTime>
<generatorID>0AE204AA-74D4-6621-9FFC-C1FA4633B608</generatorID>
<ownerDesignName>project</ownerDesignName>
<pk>true</pk>
<indexState>Primary Constraint</indexState>
<isSurrogateKey>false</isSurrogateKey>
<indexColumnUsage>
<colUsage columnID="51DA7C70-E099-ACC8-EDDC-323757A1AD43"/>
</indexColumnUsage>
</ind_PK_UK>
</indexes>
</Table>