<?xml version = '1.0' encoding = 'UTF-8'?>
<Table class="oracle.dbtools.crest.model.design.relational.Table" directorySegmentName="seg_0" id="B422D335-5781-A308-9CC9-58BBD7D0051D" name="CUS_EXHI">
<createdBy>邓新宇</createdBy>
<createdTime>2022-11-06 19:29:57 UTC</createdTime>
<generatorID>9E08A152-D07A-D0AB-BE32-E4FEEB595A78</generatorID>
<ownerDesignName>project</ownerDesignName>
<allowColumnReorder>false</allowColumnReorder>
<existDependencyGenerateInDDl>true</existDependencyGenerateInDDl>
<parsed>true</parsed>
<columns itemClass="oracle.dbtools.crest.model.design.relational.Column">
<Column name="CUSTOMER_CUS_ID" id="8894D46C-B32E-2AD7-E0FE-C97FEE947294">
<createdBy>邓新宇</createdBy>
<createdTime>2022-11-06 19:29:57 UTC</createdTime>
<generatorID>A4491D94-6E6F-E822-03EE-F0639DA357E6</generatorID>
<ownerDesignName>project</ownerDesignName>
<nullsAllowed>true</nullsAllowed>
<useDomainConstraints>false</useDomainConstraints>
<use>1</use>
<logicalDatatype>LOGDT019</logicalDatatype>
<dataTypePrecision>10</dataTypePrecision>
<ownDataTypeParameters>,,</ownDataTypeParameters>
<previousColumn>false</previousColumn>
<autoIncrementCycle>false</autoIncrementCycle>
<associations>
<colAssociation fkAssociation="C34A3AE0-85DA-6309-3372-37DA97608DF5" referredColumn="4D377079-CD8E-35C5-83EF-60028ACEBE83"/>
</associations>
</Column>
<Column name="EXHI_EVENT_ID" id="D2334DDD-7962-E2A2-858E-07834CE10262">
<createdBy>邓新宇</createdBy>
<createdTime>2022-11-06 19:29:57 UTC</createdTime>
<generatorID>DFBB732F-B2F6-568E-143C-98240D03F067</generatorID>
<ownerDesignName>project</ownerDesignName>
<useDomainConstraints>false</useDomainConstraints>
<use>1</use>
<logicalDatatype>LOGDT019</logicalDatatype>
<dataTypePrecision>15</dataTypePrecision>
<ownDataTypeParameters>,15,</ownDataTypeParameters>
<previousColumn>false</previousColumn>
<autoIncrementCycle>false</autoIncrementCycle>
<associations>
<colAssociation fkAssociation="4C224E8C-1694-38DB-DD72-95E8ACED3F9A" referredColumn="D6387089-7667-3BA5-A98F-036ACED82B74"/>
</associations>
</Column>
<Column name="REGISTRATION_ID" id="225BFB0A-1265-D176-084C-09BD12DA6C1F">
<createdBy>邓新宇</createdBy>
<createdTime>2022-11-06 19:29:57 UTC</createdTime>
<generatorID>E6F55F05-2CC8-FF60-66BB-562259742CA8</generatorID>
<ownerDesignName>project</ownerDesignName>
<useDomainConstraints>false</useDomainConstraints>
<use>1</use>
<logicalDatatype>LOGDT019</logicalDatatype>
<dataTypePrecision>20</dataTypePrecision>
<ownDataTypeParameters>,20,</ownDataTypeParameters>
<autoIncrementCycle>false</autoIncrementCycle>
</Column>
</columns>
<indexes itemClass="oracle.dbtools.crest.model.design.relational.Index">
<ind_PK_UK id="B3F90E59-5109-F223-D7BF-286FB37AB0FA" name="CUS_EXHI_PK">
<createdBy>邓新宇</createdBy>
<createdTime>2022-11-06 19:29:57 UTC</createdTime>
<generatorID>014CEAA0-E731-4189-6FAB-EA6F3BCC9BCF</generatorID>
<ownerDesignName>project</ownerDesignName>
<pk>true</pk>
<indexState>Primary Constraint</indexState>
<isSurrogateKey>false</isSurrogateKey>
<indexColumnUsage>
<colUsage columnID="225BFB0A-1265-D176-084C-09BD12DA6C1F"/>
</indexColumnUsage>
</ind_PK_UK>
<ind_PK_UK id="AB40DE4F-A2D4-4E4D-7E0D-D177787A7173" name="CUS_EXHI_CUSTOMER_FK">
<createdBy>邓新宇</createdBy>
<createdTime>2022-11-06 19:29:58 UTC</createdTime>
<generatorID>44DA83E5-C0B1-F5E2-D897-7A40ECAEC221</generatorID>
<ownerDesignName>project</ownerDesignName>
<indexState>Foreign Key</indexState>
<isSurrogateKey>false</isSurrogateKey>
<indexColumnUsage>
<colUsage columnID="8894D46C-B32E-2AD7-E0FE-C97FEE947294"/>
</indexColumnUsage>
</ind_PK_UK>
<ind_PK_UK id="31B7BDA5-97C0-3F0B-03B9-8695FC57C55F" name="CUS_EXHI_EXHI_FK">
<createdBy>邓新宇</createdBy>
<createdTime>2022-11-06 19:29:58 UTC</createdTime>
<generatorID>1B009B76-B37E-2CAF-DEFA-6D70CCC049D1</generatorID>
<ownerDesignName>project</ownerDesignName>
<indexState>Foreign Key</indexState>
<isSurrogateKey>false</isSurrogateKey>
<indexColumnUsage>
<colUsage columnID="D2334DDD-7962-E2A2-858E-07834CE10262"/>
</indexColumnUsage>
</ind_PK_UK>
</indexes>
</Table>