<?xml version = '1.0' encoding = 'UTF-8'?>
<Table class="oracle.dbtools.crest.model.design.relational.Table" directorySegmentName="seg_0" id="C12445CD-EFE7-FDCC-34FF-757EDC5AB665" name="SEMI_AUTHOR">
<createdBy>邓新宇</createdBy>
<createdTime>2022-11-06 19:29:58 UTC</createdTime>
<generatorID>DAC03AC4-4F3E-A87F-C0B3-B8BA57665D47</generatorID>
<ownerDesignName>project</ownerDesignName>
<allowColumnReorder>false</allowColumnReorder>
<existDependencyGenerateInDDl>true</existDependencyGenerateInDDl>
<parsed>true</parsed>
<columns itemClass="oracle.dbtools.crest.model.design.relational.Column">
<Column name="INVITATION_ID" id="3DD92433-7881-6700-895A-916A607F8AB4">
<createdBy>邓新宇</createdBy>
<createdTime>2022-11-06 19:29:58 UTC</createdTime>
<generatorID>708E8EAB-CCC4-9775-EA2A-63C8A8D4C876</generatorID>
<ownerDesignName>project</ownerDesignName>
<useDomainConstraints>false</useDomainConstraints>
<use>1</use>
<logicalDatatype>LOGDT019</logicalDatatype>
<dataTypePrecision>20</dataTypePrecision>
<ownDataTypeParameters>,20,</ownDataTypeParameters>
<autoIncrementCycle>false</autoIncrementCycle>
</Column>
<Column name="SEMI_EVENT_ID" id="EACB8D1D-9B6A-7EA6-F0B3-2AE26F77E863">
<createdBy>邓新宇</createdBy>
<createdTime>2022-11-06 19:29:58 UTC</createdTime>
<generatorID>004B5FC4-9B65-02DF-E34E-BA91A7B17378</generatorID>
<ownerDesignName>project</ownerDesignName>
<useDomainConstraints>false</useDomainConstraints>
<use>1</use>
<logicalDatatype>LOGDT019</logicalDatatype>
<dataTypePrecision>15</dataTypePrecision>
<ownDataTypeParameters>,15,</ownDataTypeParameters>
<previousColumn>false</previousColumn>
<autoIncrementCycle>false</autoIncrementCycle>
<associations>
<colAssociation fkAssociation="4F08E61C-83B5-1935-F6EF-4BB738DDA802" referredColumn="81DC6937-A71D-D8EC-32E9-397F7FD8ED13"/>
</associations>
</Column>
<Column name="AUTHOR_AUR_ID" id="B0AF990D-7F26-73E1-0203-0AC4A2861F7D">
<createdBy>邓新宇</createdBy>
<createdTime>2022-11-06 19:29:58 UTC</createdTime>
<generatorID>7D12C2F1-70DC-E916-BE73-F3270670C10E</generatorID>
<ownerDesignName>project</ownerDesignName>
<nullsAllowed>true</nullsAllowed>
<useDomainConstraints>false</useDomainConstraints>
<use>1</use>
<logicalDatatype>LOGDT019</logicalDatatype>
<dataTypePrecision>10</dataTypePrecision>
<ownDataTypeParameters>,,</ownDataTypeParameters>
<previousColumn>false</previousColumn>
<autoIncrementCycle>false</autoIncrementCycle>
<associations>
<colAssociation fkAssociation="667FE80D-45F2-1BDF-495E-BBD83A82CB37" referredColumn="51DA7C70-E099-ACC8-EDDC-323757A1AD43"/>
</associations>
</Column>
</columns>
<indexes itemClass="oracle.dbtools.crest.model.design.relational.Index">
<ind_PK_UK id="23AB6ACF-4CB8-E3D5-BE84-22C66DA40E90" name="SEMI_AUTHOR_PK">
<createdBy>邓新宇</createdBy>
<createdTime>2022-11-06 19:29:58 UTC</createdTime>
<generatorID>B097AD1C-19F0-78ED-FEEC-2341232CCF37</generatorID>
<ownerDesignName>project</ownerDesignName>
<pk>true</pk>
<indexState>Primary Constraint</indexState>
<isSurrogateKey>false</isSurrogateKey>
<indexColumnUsage>
<colUsage columnID="3DD92433-7881-6700-895A-916A607F8AB4"/>
</indexColumnUsage>
</ind_PK_UK>
<ind_PK_UK id="EE5D5224-980F-FA40-A8DC-E16B2275F5E5" name="SEMI_AUTHOR_SEMI_FK">
<createdBy>邓新宇</createdBy>
<createdTime>2022-11-06 19:29:58 UTC</createdTime>
<generatorID>71E8F7A8-33B4-1342-8A29-80426836AD27</generatorID>
<ownerDesignName>project</ownerDesignName>
<indexState>Foreign Key</indexState>
<isSurrogateKey>false</isSurrogateKey>
<indexColumnUsage>
<colUsage columnID="EACB8D1D-9B6A-7EA6-F0B3-2AE26F77E863"/>
</indexColumnUsage>
</ind_PK_UK>
<ind_PK_UK id="9E332275-D800-45D8-A0F1-C164E415188B" name="SEMI_AUTHOR_AUTHOR_FK">
<createdBy>邓新宇</createdBy>
<createdTime>2022-11-06 19:29:58 UTC</createdTime>
<generatorID>11701B63-008A-6E4A-C125-72B24D006D4D</generatorID>
<ownerDesignName>project</ownerDesignName>
<indexState>Foreign Key</indexState>
<isSurrogateKey>false</isSurrogateKey>
<indexColumnUsage>
<colUsage columnID="B0AF990D-7F26-73E1-0203-0AC4A2861F7D"/>
</indexColumnUsage>
</ind_PK_UK>
</indexes>
</Table>